NaN,0.5,1.5,2.5,3.5,4.5,5.5,6.5,7.5,8.5,9.5,10.5,11.5,12.5,13.5,14.5,15.5,16.5,17.5,18.5,19.5,20.5,21.5,22.5,23.5,24.5,25.5,26.5,27.5,28.5,29.5,30.5,31.5,32.5,33.5,34.5,35.5,36.5,37.5,38.5,39.5,40.5,41.5,42.5,43.5,44.5,45.5,46.5,47.5,48.5,49.5,50.5,51.5,52.5,53.5,54.5,55.5,56.5,57.5,58.5,59.5,60.5,61.5,62.5,63.5,64.5,65.5,66.5,67.5,68.5,69.5,70.5,71.5,72.5,73.5,74.5,75.5,76.5,77.5,78.5,79.5,80.5,81.5,82.5,83.5,84.5,85.5,86.5,87.5,88.5,89.5,90.5,91.5,92.5,93.5,94.5,95.5,96.5,97.5,98.5,99.5,100.5,101.5,102.5,103.5,104.5,105.5,106.5,107.5,108.5,109.5,110.5,111.5,112.5,113.5,114.5,115.5,116.5,117.5,118.5,119.5,120.5,121.5,122.5,123.5,124.5,125.5,126.5,127.5,128.5,129.5,130.5,131.5,132.5,133.5,134.5,135.5,136.5,137.5,138.5,139.5,140.5,141.5,142.5,143.5,144.5,145.5,146.5,147.5,148.5,149.5,150.5,151.5,152.5,153.5,154.5,155.5,156.5,157.5,158.5,159.5,160.5,161.5,162.5,163.5,164.5,165.5,166.5,167.5,168.5,169.5,170.5,171.5,172.5,173.5,174.5,175.5,176.5,177.5,178.5,179.5,180.5,181.5,182.5,183.5,184.5,185.5,186.5,187.5,188.5,189.5,190.5,191.5,192.5,193.5,194.5,195.5,196.5,197.5,198.5,199.5,200.5,201.5,202.5,203.5,204.5,205.5,206.5,207.5,208.5,209.5,210.5,211.5,212.5,213.5,214.5,215.5,216.5,217.5,218.5,219.5,220.5,221.5,222.5,223.5,224.5,225.5,226.5,227.5,228.5,229.5,230.5,231.5,232.5,233.5,234.5,235.5,236.5,237.5,238.5,239.5,240.5,241.5,242.5,243.5,244.5,245.5,246.5,247.5,248.5,249.5,250.5,251.5,252.5,253.5,254.5,255.5,256.5,257.5,258.5,259.5,260.5,261.5,262.5,263.5,264.5,265.5,266.5,267.5,268.5,269.5,270.5,271.5,272.5,273.5,274.5,275.5,276.5,277.5,278.5,279.5,280.5,281.5,282.5,283.5,284.5,285.5,286.5,287.5,288.5,289.5,290.5,291.5,292.5,293.5,294.5,295.5,296.5,297.5,298.5,299.5,300.5,301.5,302.5,303.5,304.5,305.5,306.5,307.5,308.5,309.5,310.5,311.5,312.5,313.5,314.5,315.5,316.5,317.5,318.5,319.5,320.5,321.5,322.5,323.5,324.5,325.5,326.5,327.5,328.5,329.5,330.5,331.5,332.5,333.5,334.5,335.5,336.5,337.5,338.5,339.5,340.5,341.5,342.5,343.5,344.5,345.5,346.5,347.5,348.5,349.5,350.5,351.5,352.5,353.5,354.5,355.5,356.5,357.5,358.5,359.5
-89.5,3.1954,3.1954,3.1954,3.1954,3.1954,3.1954,3.1954,3.1954,3.1954,3.1954,3.1954,3.1954,3.1954,3.1954,3.1954,3.1954,3.1954,3.1954,3.1954,3.1954,3.1954,3.1954,3.1954,3.1954,3.1954,3.1954,3.1954,3.1954,3.1954,3.1954,3.1954,3.1954,3.1954,3.1954,3.1954,3.1954,3.1954,3.1954,3.1954,3.1954,3.1954,3.1954,3.1954,3.1954,3.1954,3.1954,3.1954,3.1954,3.1954,3.1954,3.1954,3.1954,3.1954,3.1954,3.1954,3.1954,3.1954,3.1954,3.1954,3.1954,3.1954,3.1954,3.1954,3.1954,3.1954,3.1954,3.1954,3.1954,3.1954,3.1954,3.1954,3.1954,3.1954,3.1954,3.1954,3.1954,3.1954,3.1954,3.1954,3.1954,3.1954,3.1954,3.1954,3.1954,3.1954,3.1954,3.1954,3.1954,3.1954,3.1954,3.1954,3.1954,3.1954,3.1954,3.1954,3.1954,3.1954,3.1954,3.1954,3.1954,3.1954,3.1954,3.1954,3.1954,3.1954,3.1954,3.1954,3.1954,3.1954,3.1954,3.1954,3.1954,3.1954,3.1954,3.1954,3.1954,3.1954,3.1954,3.1954,3.1954,3.1954,3.1954,3.1954,3.1954,3.1954,3.1954,3.1954,3.1954,3.1954,3.1954,3.1954,3.1954,3.1954,3.1954,3.1954,3.1954,3.1954,3.1954,3.1954,3.1954,3.1954,3.1954,3.1954,3.1954,3.1954,3.1954,3.1954,3.1954,3.1954,3.1954,3.1954,3.1954,3.1954,3.1954,3.1954,3.1954,3.1954,3.1954,3.1954,3.1954,3.1954,3.1954,3.1954,3.1954,3.1954,3.1954,3.1954,3.1954,3.1954,3.1954,3.1954,3.1954,3.1954,3.1954,3.1954,3.1954,3.1954,3.1954,3.1954,3.1954,3.1954,3.1954,3.1954,3.1954,3.1954,3.1954,3.1954,3.1954,3.1954,3.1954,3.1954,3.1954,3.1954,3.1954,3.1954,3.1954,3.1954,3.1954,3.1954,3.1954,3.1954,3.1954,3.1954,3.1954,3.1954,3.1954,3.1954,3.1954,3.1954,3.1954,3.1954,3.1954,3.1954,3.1954,3.1954,3.1954,3.1954,3.1954,3.1954,3.1954,3.1954,3.1954,3.1954,3.1954,3.1954,3.1954,3.1954,3.1954,3.1954,3.1954,3.1954,3.1954,3.1954,3.1954,3.1954,3.1954,3.1954,3.1954,3.1954,3.1954,3.1954,3.1954,3.1954,3.1954,3.1954,3.1954,3.1954,3.1954,3.1954,3.1954,3.1954,3.1954,3.1954,3.1954,3.1954,3.1954,3.1954,3.1954,3.1954,3.1954,3.1954,3.1954,3.1954,3.1954,3.1954,3.1954,3.1954,3.1954,3.1954,3.1954,3.1954,3.1954,3.1954,3.1954,3.1954,3.1954,3.1954,3.1954,3.1954,3.1954,3.1954,3.1954,3.1954,3.1954,3.1954,3.1954,3.1954,3.1954,3.1954,3.1954,3.1954,3.1954,3.1954,3.1954,3.1954,3.1954,3.1954,3.1954,3.1954,3.1954,3.1954,3.1954,3.1954,3.1954,3.1954,3.1954,3.1954,3.1954,3.1954,3.1954,3.1954,3.1954,3.1954,3.1954,3.1954,3.1954,3.1954,3.1954,3.1954,3.1954,3.1954,3.1954,3.1954,3.1954,3.1954,3.1954,3.1954,3.1954,3.1954,3.1954,3.1954,3.1954,3.1954,3.1954,3.1954,3.1954,3.1954,3.1954,3.1954,3.1954,3.1954,3.1954,3.1954,3.1954,3.1954,3.1954,3.1954,3.1954,3.1954,3.1954,3.1954,3.1954,3.1954,3.1954,3.1954,3.1954,3.1954,3.1954,3.1954,3.1954
-88.5,7.9925,7.9925,7.9925,7.9925,8.4565,8.4565,8.4565,8.4565,8.4565,8.4565,8.4565,8.4565,8.5422,8.5422,8.5422,8.5422,8.5422,8.5422,8.5422,8.5422,8.2316,8.2316,8.2316,8.2316,8.2316,8.2316,8.2316,8.2316,8.1971,8.1971,8.1971,8.1971,8.1971,8.1971,8.1971,8.1971,8.1564,8.1564,8.1564,8.1564,8.1564,8.1564,8.1564,8.1564,9.4765,9.4765,9.4765,9.4765,9.4765,9.4765,9.4765,9.4765,8.2775,8.2775,8.2775,8.2775,8.2775,8.2775,8.2775,8.2775,7.9712,7.9712,7.9712,7.9712,7.9712,7.9712,7.9712,7.9712,8.4453,8.4453,8.4453,8.4453,8.4453,8.4453,8.4453,8.4453,9.5276,9.5276,9.5276,9.5276,9.5276,9.5276,9.5276,9.5276,9.1512,9.1512,9.1512,9.1512,9.1512,9.1512,9.1512,9.1512,8.7654,8.7654,8.7654,8.7654,8.7654,8.7654,8.7654,8.7654,9.0057,9.0057,9.0057,9.0057,9.0057,9.0057,9.0057,9.0057,8.787,8.787,8.787,8.787,8.787,8.787,8.787,8.787,8.5453,8.5453,8.5453,8.5453,8.5453,8.5453,8.5453,8.5453,8.8123,8.8123,8.8123,8.8123,8.8123,8.8123,8.8123,8.8123,8.7557,8.7557,8.7557,8.7557,8.7557,8.7557,8.7557,8.7557,7.7641,7.7641,7.7641,7.7641,7.7641,7.7641,7.7641,7.7641,8.9615,8.9615,8.9615,8.9615,8.9615,8.9615,8.9615,8.9615,9.2594,9.2594,9.2594,9.2594,9.2594,9.2594,9.2594,9.2594,7.9428,7.9428,7.9428,7.9428,7.9428,7.9428,7.9428,7.9428,9.7808,9.7808,9.7808,9.7808,9.7808,9.7808,9.7808,9.7808,8.1685,8.1685,8.1685,8.1685,8.1685,8.1685,8.1685,8.1685,8.4035,8.4035,8.4035,8.4035,8.4035,8.4035,8.4035,8.4035,8.4464,8.4464,8.4464,8.4464,8.4464,8.4464,8.4464,8.4464,7.4902,7.4902,7.4902,7.4902,7.4902,7.4902,7.4902,7.4902,7.2523,7.2523,7.2523,7.2523,7.2523,7.2523,7.2523,7.2523,7.2184,7.2184,7.2184,7.2184,7.2184,7.2184,7.2184,7.2184,7.5793,7.5793,7.5793,7.5793,7.5793,7.5793,7.5793,7.5793,8.2411,8.2411,8.2411,8.2411,8.2411,8.2411,8.2411,8.2411,7.3472,7.3472,7.3472,7.3472,7.3472,7.3472,7.3472,7.3472,6.9658,6.9658,6.9658,6.9658,6.9658,6.9658,6.9658,6.9658,7.0802,7.0802,7.0802,7.0802,7.0802,7.0802,7.0802,7.0802,6.7478,6.7478,6.7478,6.7478,6.7478,6.7478,6.7478,6.7478,7.5542,7.5542,7.5542,7.5542,7.5542,7.5542,7.5542,7.5542,7.0068,7.0068,7.0068,7.0068,7.0068,7.0068,7.0068,7.0068,7.2533,7.2533,7.2533,7.2533,7.2533,7.2533,7.2533,7.2533,8.0126,8.0126,8.0126,8.0126,8.0126,8.0126,8.0126,8.0126,6.9867,6.9867,6.9867,6.9867,6.9867,6.9867,6.9867,6.9867,7.4038,7.4038,7.4038,7.4038,7.4038,7.4038,7.4038,7.4038,8.6056,8.6056,8.6056,8.6056,8.6056,8.6056,8.6056,8.6056,7.4261,7.4261,7.4261,7.4261,7.4261,7.4261,7.4261,7.4261,8.2894,8.2894,8.2894,8.2894,8.2894,8.2894,8.2894,8.2894,7.7578,7.7578,7.7578,7.7578,7.7578,7.7578,7.7578,7.7578,7.9925,7.9925,7.9925,7.9925
-87.5,14.659,14.659,14.659,14.659,14.697,14.697,14.697,14.697,14.697,14.697,14.697,14.697,15.445,15.445,15.445,15.445,15.445,15.445,15.445,15.445,15.245,15.245,15.245,15.245,15.245,15.245,15.245,15.245,15.007,15.007,15.007,15.007,15.007,15.007,15.007,15.007,15.273,15.273,15.273,15.273,15.273,15.273,15.273,15.273,13.637,13.637,13.637,13.637,13.637,13.637,13.637,13.637,13.777,13.777,13.777,13.777,13.777,13.777,13.777,13.777,13.805,13.805,13.805,13.805,13.805,13.805,13.805,13.805,14.4,14.4,14.4,14.4,14.4,14.4,14.4,14.4,14.255,14.255,14.255,14.255,14.255,14.255,14.255,14.255,14.189,14.189,14.189,14.189,14.189,14.189,14.189,14.189,14.327,14.327,14.327,14.327,14.327,14.327,14.327,14.327,14.984,14.984,14.984,14.984,14.984,14.984,14.984,14.984,15.965,15.965,15.965,15.965,15.965,15.965,15.965,15.965,13.958,13.958,13.958,13.958,13.958,13.958,13.958,13.958,14.82,14.82,14.82,14.82,14.82,14.82,14.82,14.82,14.246,14.246,14.246,14.246,14.246,14.246,14.246,14.246,14.122,14.122,14.122,14.122,14.122,14.122,14.122,14.122,13.683,13.683,13.683,13.683,13.683,13.683,13.683,13.683,13.518,13.518,13.518,13.518,13.518,13.518,13.518,13.518,13.55,13.55,13.55,13.55,13.55,13.55,13.55,13.55,13.716,13.716,13.716,13.716,13.716,13.716,13.716,13.716,13.583,13.583,13.583,13.583,13.583,13.583,13.583,13.583,14.02,14.02,14.02,14.02,14.02,14.02,14.02,14.02,17.411,17.411,17.411,17.411,17.411,17.411,17.411,17.411,14.556,14.556,14.556,14.556,14.556,14.556,14.556,14.556,13.612,13.612,13.612,13.612,13.612,13.612,13.612,13.612,13.449,13.449,13.449,13.449,13.449,13.449,13.449,13.449,12.465,12.465,12.465,12.465,12.465,12.465,12.465,12.465,12.84,12.84,12.84,12.84,12.84,12.84,12.84,12.84,11.933,11.933,11.933,11.933,11.933,11.933,11.933,11.933,13.283,13.283,13.283,13.283,13.283,13.283,13.283,13.283,13.354,13.354,13.354,13.354,13.354,13.354,13.354,13.354,11.732,11.732,11.732,11.732,11.732,11.732,11.732,11.732,12.227,12.227,12.227,12.227,12.227,12.227,12.227,12.227,14.828,14.828,14.828,14.828,14.828,14.828,14.828,14.828,14.333,14.333,14.333,14.333,14.333,14.333,14.333,14.333,14.232,14.232,14.232,14.232,14.232,14.232,14.232,14.232,14.711,14.711,14.711,14.711,14.711,14.711,14.711,14.711,14.14,14.14,14.14,14.14,14.14,14.14,14.14,14.14,13.733,13.733,13.733,13.733,13.733,13.733,13.733,13.733,13.158,13.158,13.158,13.158,13.158,13.158,13.158,13.158,14.508,14.508,14.508,14.508,14.508,14.508,14.508,14.508,14.998,14.998,14.998,14.998,14.998,14.998,14.998,14.998,14.659,14.659,14.659,14.659
-86.5,18.276,18.276,18.276,18.276,18.342,18.342,18.342,18.342,18.342,18.342,18.342,18.342,17.932,17.932,17.932,17.932,17.932,17.932,17.932,17.932,18.014,18.014,18.014,18.014,18.014,18.014,18.014,18.014,18.899,18.899,18.899,18.899,18.899,18.899,18.899,18.899,18.236,18.236,18.236,18.236,18.236,18.236,18.236,18.236,19.325,19.325,19.325,19.325,19.325,19.325,19.325,19.325,20.456,20.456,20.456,20.456,20.456,20.456,20.456,20.456,22.161,22.161,22.161,22.161,22.161,22.161,22.161,22.161,24.223,24.223,24.223,24.223,24.223,24.223,24.223,24.223,21.589,21.589,21.589,21.589,21.589,21.589,21.589,21.589,20.383,20.383,20.383,20.383,20.383,20.383,20.383,20.383,20.622,20.622,20.622,20.622,20.622,20.622,20.622,20.622,20.943,20.943,20.943,20.943,20.943,20.943,20.943,20.943,21.08,21.08,21.08,21.08,21.08,21.08,21.08,21.08,22.383,22.383,22.383,22.383,22.383,22.383,22.383,22.383,21.142,21.142,21.142,21.142,21.142,21.142,21.142,21.142,20.188,20.188,20.188,20.188,20.188,20.188,20.188,20.188,18.629,18.629,18.629,18.629,18.629,18.629,18.629,18.629,18.573,18.573,18.573,18.573,18.573,18.573,18.573,18.573,18.268,18.268,18.268,18.268,18.268,18.268,18.268,18.268,18.424,18.424,18.424,18.424,18.424,18.424,18.424,18.424,19.157,19.157,19.157,19.157,19.157,19.157,19.157,19.157,18.277,18.277,18.277,18.277,18.277,18.277,18.277,18.277,21.29,21.29,21.29,21.29,21.29,21.29,21.29,21.29,20.715,20.715,20.715,20.715,20.715,20.715,20.715,20.715,22.018,22.018,22.018,22.018,22.018,22.018,22.018,22.018,21.75,21.75,21.75,21.75,21.75,21.75,21.75,21.75,19.805,19.805,19.805,19.805,19.805,19.805,19.805,19.805,16.166,16.166,16.166,16.166,16.166,16.166,16.166,16.166,12.87,12.87,12.87,12.87,12.87,12.87,12.87,12.87,15.31,15.31,15.31,15.31,15.31,15.31,15.31,15.31,19.543,19.543,19.543,19.543,19.543,19.543,19.543,19.543,18.725,18.725,18.725,18.725,18.725,18.725,18.725,18.725,18.746,18.746,18.746,18.746,18.746,18.746,18.746,18.746,17.467,17.467,17.467,17.467,17.467,17.467,17.467,17.467,17.251,17.251,17.251,17.251,17.251,17.251,17.251,17.251,17.813,17.813,17.813,17.813,17.813,17.813,17.813,17.813,17.77,17.77,17.77,17.77,17.77,17.77,17.77,17.77,17.633,17.633,17.633,17.633,17.633,17.633,17.633,17.633,17.555,17.555,17.555,17.555,17.555,17.555,17.555,17.555,17.642,17.642,17.642,17.642,17.642,17.642,17.642,17.642,17.388,17.388,17.388,17.388,17.388,17.388,17.388,17.388,18.062,18.062,18.062,18.062,18.062,18.062,18.062,18.062,18.206,18.206,18.206,18.206,18.206,18.206,18.206,18.206,18.276,18.276,18.276,18.276
-85.5,23.148,23.148,23.148,23.148,22.661,22.661,22.661,22.661,22.661,22.661,22.661,22.661,22.897,22.897,22.897,22.897,22.897,22.897,22.897,22.897,22.791,22.791,22.791,22.791,22.791,22.791,22.791,22.791,22.707,22.707,22.707,22.707,22.707,22.707,22.707,22.707,22.947,22.947,22.947,22.947,22.947,22.947,22.947,22.947,23.737,23.737,23.737,23.737,23.737,23.737,23.737,23.737,23.843,23.843,23.843,23.843,23.843,23.843,23.843,23.843,25.45,25.45,25.45,25.45,25.45,25.45,25.45,25.45,26.479,26.479,26.479,26.479,26.479,26.479,26.479,26.479,27.331,27.331,27.331,27.331,27.331,27.331,27.331,27.331,26.061,26.061,26.061,26.061,26.061,26.061,26.061,26.061,26.783,26.783,26.783,26.783,26.783,26.783,26.783,26.783,27.446,27.446,27.446,27.446,27.446,27.446,27.446,27.446,28.259,28.259,28.259,28.259,28.259,28.259,28.259,28.259,27.112,27.112,27.112,27.112,27.112,27.112,27.112,27.112,24.702,24.702,24.702,24.702,24.702,24.702,24.702,24.702,23.945,23.945,23.945,23.945,23.945,23.945,23.945,23.945,23.855,23.855,23.855,23.855,23.855,23.855,23.855,23.855,23.654,23.654,23.654,23.654,23.654,23.654,23.654,23.654,23.582,23.582,23.582,23.582,23.582,23.582,23.582,23.582,23.851,23.851,23.851,23.851,23.851,23.851,23.851,23.851,24.118,24.118,24.118,24.118,24.118,24.118,24.118,24.118,26.046,26.046,26.046,26.046,26.046,26.046,26.046,26.046,25.444,25.444,25.444,25.444,25.444,25.444,25.444,25.444,26.366,26.366,26.366,26.366,26.366,26.366,26.366,26.366,25.031,25.031,25.031,25.031,25.031,25.031,25.031,25.031,23.285,23.285,23.285,23.285,23.285,23.285,23.285,23.285,23.529,23.529,23.529,23.529,23.529,23.529,23.529,23.529,23.484,23.484,23.484,23.484,23.484,23.484,23.484,23.484,23.116,23.116,23.116,23.116,23.116,23.116,23.116,23.116,21.295,21.295,21.295,21.295,21.295,21.295,21.295,21.295,20.683,20.683,20.683,20.683,20.683,20.683,20.683,20.683,22.509,22.509,22.509,22.509,22.509,22.509,22.509,22.509,21.85,21.85,21.85,21.85,21.85,21.85,21.85,21.85,22.275,22.275,22.275,22.275,22.275,22.275,22.275,22.275,22.005,22.005,22.005,22.005,22.005,22.005,22.005,22.005,22.337,22.337,22.337,22.337,22.337,22.337,22.337,22.337,22.515,22.515,22.515,22.515,22.515,22.515,22.515,22.515,22.175,22.175,22.175,22.175,22.175,22.175,22.175,22.175,22.076,22.076,22.076,22.076,22.076,22.076,22.076,22.076,21.975,21.975,21.975,21.975,21.975,21.975,21.975,21.975,22.068,22.068,22.068,22.068,22.068,22.068,22.068,22.068,22.536,22.536,22.536,22.536,22.536,22.536,22.536,22.536,22.973,22.973,22.973,22.973,22.973,22.973,22.973,22.973,23.148,23.148,23.148,23.148
-84.5,27.643,27.643,27.643,27.643,28.122,28.122,28.122,28.122,28.122,28.122,28.122,28.122,27.476,27.476,27.476,27.476,27.476,27.476,27.476,27.476,27.736,27.736,27.736,27.736,27.736,27.736,27.736,27.736,28.017,28.017,28.017,28.017,28.017,28.017,28.017,28.017,26.26,26.26,26.26,26.26,26.26,26.26,26.26,26.26,28.019,28.019,28.019,28.019,28.019,28.019,28.019,28.019,29.042,29.042,29.042,29.042,29.042,29.042,29.042,29.042,29.193,29.193,29.193,29.193,29.193,29.193,29.193,29.193,31.204,31.204,31.204,31.204,31.204,31.204,31.204,31.204,31.857,31.857,31.857,31.857,31.857,31.857,31.857,31.857,31.002,31.002,31.002,31.002,31.002,31.002,31.002,31.002,30.843,30.843,30.843,30.843,30.843,30.843,30.843,30.843,30.013,30.013,30.013,30.013,30.013,30.013,30.013,30.013,29.797,29.797,29.797,29.797,29.797,29.797,29.797,29.797,29.142,29.142,29.142,29.142,29.142,29.142,29.142,29.142,30.219,30.219,30.219,30.219,30.219,30.219,30.219,30.219,30.888,30.888,30.888,30.888,30.888,30.888,30.888,30.888,30.398,30.398,30.398,30.398,30.398,30.398,30.398,30.398,29.996,29.996,29.996,29.996,29.996,29.996,29.996,29.996,30.707,30.707,30.707,30.707,30.707,30.707,30.707,30.707,28.269,28.269,28.269,28.269,28.269,28.269,28.269,28.269,30.476,30.476,30.476,30.476,30.476,30.476,30.476,30.476,31.775,31.775,31.775,31.775,31.775,31.775,31.775,31.775,31.218,31.218,31.218,31.218,31.218,31.218,31.218,31.218,28.872,28.872,28.872,28.872,28.872,28.872,28.872,28.872,27.762,27.762,27.762,27.762,27.762,27.762,27.762,27.762,28.88,28.88,28.88,28.88,28.88,28.88,28.88,28.88,31.733,31.733,31.733,31.733,31.733,31.733,31.733,31.733,32.064,32.064,32.064,32.064,32.064,32.064,32.064,32.064,29.909,29.909,29.909,29.909,29.909,29.909,29.909,29.909,27.425,27.425,27.425,27.425,27.425,27.425,27.425,27.425,25.853,25.853,25.853,25.853,25.853,25.853,25.853,25.853,26.489,26.489,26.489,26.489,26.489,26.489,26.489,26.489,26.365,26.365,26.365,26.365,26.365,26.365,26.365,26.365,26.167,26.167,26.167,26.167,26.167,26.167,26.167,26.167,26.899,26.899,26.899,26.899,26.899,26.899,26.899,26.899,26.313,26.313,26.313,26.313,26.313,26.313,26.313,26.313,26.548,26.548,26.548,26.548,26.548,26.548,26.548,26.548,27.445,27.445,27.445,27.445,27.445,27.445,27.445,27.445,26.832,26.832,26.832,26.832,26.832,26.832,26.832,26.832,26.955,26.955,26.955,26.955,26.955,26.955,26.955,26.955,27.25,27.25,27.25,27.25,27.25,27.25,27.25,27.25,27.431,27.431,27.431,27.431,27.431,27.431,27.431,27.431,27.379,27.379,27.379,27.379,27.379,27.379,27.379,27.379,27.643,27.643,27.643,27.643
-83.5,31.731,31.731,31.731,31.731,33.061,33.061,33.061,33.061,33.061,33.061,33.061,33.061,33.802,33.802,33.802,33.802,33.802,33.802,33.802,33.802,33.732,33.732,33.732,33.732,33.732,33.732,33.732,33.732,34.648,34.648,34.648,34.648,34.648,34.648,34.648,34.648,33.109,33.109,33.109,33.109,33.109,33.109,33.109,33.109,32.804,32.804,32.804,32.804,32.804,32.804,32.804,32.804,33.523,33.523,33.523,33.523,33.523,33.523,33.523,33.523,33.431,33.431,33.431,33.431,33.431,33.431,33.431,33.431,34.245,34.245,34.245,34.245,34.245,34.245,34.245,34.245,35.796,35.796,35.796,35.796,35.796,35.796,35.796,35.796,34.564,34.564,34.564,34.564,34.564,34.564,34.564,34.564,34.87,34.87,34.87,34.87,34.87,34.87,34.87,34.87,35.625,35.625,35.625,35.625,35.625,35.625,35.625,35.625,36.506,36.506,36.506,36.506,36.506,36.506,36.506,36.506,38.041,38.041,38.041,38.041,38.041,38.041,38.041,38.041,39.409,39.409,39.409,39.409,39.409,39.409,39.409,39.409,37.517,37.517,37.517,37.517,37.517,37.517,37.517,37.517,35.943,35.943,35.943,35.943,35.943,35.943,35.943,35.943,36.462,36.462,36.462,36.462,36.462,36.462,36.462,36.462,34.85,34.85,34.85,34.85,34.85,34.85,34.85,34.85,34.886,34.886,34.886,34.886,34.886,34.886,34.886,34.886,36.021,36.021,36.021,36.021,36.021,36.021,36.021,36.021,35.051,35.051,35.051,35.051,35.051,35.051,35.051,35.051,34.872,34.872,34.872,34.872,34.872,34.872,34.872,34.872,35.034,35.034,35.034,35.034,35.034,35.034,35.034,35.034,34.151,34.151,34.151,34.151,34.151,34.151,34.151,34.151,34.355,34.355,34.355,34.355,34.355,34.355,34.355,34.355,34.603,34.603,34.603,34.603,34.603,34.603,34.603,34.603,35.737,35.737,35.737,35.737,35.737,35.737,35.737,35.737,37.819,37.819,37.819,37.819,37.819,37.819,37.819,37.819,36.423,36.423,36.423,36.423,36.423,36.423,36.423,36.423,34.831,34.831,34.831,34.831,34.831,34.831,34.831,34.831,30.742,30.742,30.742,30.742,30.742,30.742,30.742,30.742,29.063,29.063,29.063,29.063,29.063,29.063,29.063,29.063,30.638,30.638,30.638,30.638,30.638,30.638,30.638,30.638,31.488,31.488,31.488,31.488,31.488,31.488,31.488,31.488,31.575,31.575,31.575,31.575,31.575,31.575,31.575,31.575,31.238,31.238,31.238,31.238,31.238,31.238,31.238,31.238,32.564,32.564,32.564,32.564,32.564,32.564,32.564,32.564,31.921,31.921,31.921,31.921,31.921,31.921,31.921,31.921,31.891,31.891,31.891,31.891,31.891,31.891,31.891,31.891,31.634,31.634,31.634,31.634,31.634,31.634,31.634,31.634,32.051,32.051,32.051,32.051,32.051,32.051,32.051,32.051,31.438,31.438,31.438,31.438,31.438,31.438,31.438,31.438,31.731,31.731,31.731,31.731
-82.5,36.833,36.833,36.833,36.833,38.123,38.123,38.123,38.123,38.123,38.123,38.123,38.123,38.39,38.39,38.39,38.39,38.39,38.39,38.39,38.39,37.623,37.623,37.623,37.623,37.623,37.623,37.623,37.623,40.179,40.179,40.179,40.179,40.179,40.179,40.179,40.179,43.172,43.172,43.172,43.172,43.172,43.172,43.172,43.172,40.181,40.181,40.181,40.181,40.181,40.181,40.181,40.181,39.119,39.119,39.119,39.119,39.119,39.119,39.119,39.119,39.037,39.037,39.037,39.037,39.037,39.037,39.037,39.037,39.095,39.095,39.095,39.095,39.095,39.095,39.095,39.095,40.643,40.643,40.643,40.643,40.643,40.643,40.643,40.643,41.142,41.142,41.142,41.142,41.142,41.142,41.142,41.142,41.545,41.545,41.545,41.545,41.545,41.545,41.545,41.545,42.737,42.737,42.737,42.737,42.737,42.737,42.737,42.737,44.214,44.214,44.214,44.214,44.214,44.214,44.214,44.214,43.673,43.673,43.673,43.673,43.673,43.673,43.673,43.673,39.729,39.729,39.729,39.729,39.729,39.729,39.729,39.729,36.761,36.761,36.761,36.761,36.761,36.761,36.761,36.761,38.101,38.101,38.101,38.101,38.101,38.101,38.101,38.101,39.998,39.998,39.998,39.998,39.998,39.998,39.998,39.998,39.38,39.38,39.38,39.38,39.38,39.38,39.38,39.38,42.323,42.323,42.323,42.323,42.323,42.323,42.323,42.323,39.361,39.361,39.361,39.361,39.361,39.361,39.361,39.361,39.261,39.261,39.261,39.261,39.261,39.261,39.261,39.261,39.931,39.931,39.931,39.931,39.931,39.931,39.931,39.931,39.326,39.326,39.326,39.326,39.326,39.326,39.326,39.326,41.297,41.297,41.297,41.297,41.297,41.297,41.297,41.297,41.448,41.448,41.448,41.448,41.448,41.448,41.448,41.448,40.489,40.489,40.489,40.489,40.489,40.489,40.489,40.489,41.046,41.046,41.046,41.046,41.046,41.046,41.046,41.046,40.318,40.318,40.318,40.318,40.318,40.318,40.318,40.318,41.638,41.638,41.638,41.638,41.638,41.638,41.638,41.638,41.213,41.213,41.213,41.213,41.213,41.213,41.213,41.213,39.692,39.692,39.692,39.692,39.692,39.692,39.692,39.692,34.843,34.843,34.843,34.843,34.843,34.843,34.843,34.843,35.019,35.019,35.019,35.019,35.019,35.019,35.019,35.019,36.812,36.812,36.812,36.812,36.812,36.812,36.812,36.812,37.029,37.029,37.029,37.029,37.029,37.029,37.029,37.029,37.587,37.587,37.587,37.587,37.587,37.587,37.587,37.587,36.774,36.774,36.774,36.774,36.774,36.774,36.774,36.774,36.553,36.553,36.553,36.553,36.553,36.553,36.553,36.553,36.772,36.772,36.772,36.772,36.772,36.772,36.772,36.772,37.236,37.236,37.236,37.236,37.236,37.236,37.236,37.236,36.211,36.211,36.211,36.211,36.211,36.211,36.211,36.211,36.674,36.674,36.674,36.674,36.674,36.674,36.674,36.674,36.833,36.833,36.833,36.833
-81.5,41.907,41.907,41.907,41.907,42.33,42.33,42.33,42.33,42.33,42.33,42.33,42.33,45.694,45.694,45.694,45.694,45.694,45.694,45.694,45.694,44.925,44.925,44.925,44.925,44.925,44.925,44.925,44.925,45.818,45.818,45.818,45.818,45.818,45.818,45.818,45.818,45.719,45.719,45.719,45.719,45.719,45.719,45.719,45.719,45.361,45.361,45.361,45.361,45.361,45.361,45.361,45.361,46.777,46.777,46.777,46.777,46.777,46.777,46.777,46.777,45.641,45.641,45.641,45.641,45.641,45.641,45.641,45.641,45.68,45.68,45.68,45.68,45.68,45.68,45.68,45.68,45.121,45.121,45.121,45.121,45.121,45.121,45.121,45.121,46.438,46.438,46.438,46.438,46.438,46.438,46.438,46.438,47.476,47.476,47.476,47.476,47.476,47.476,47.476,47.476,47.36,47.36,47.36,47.36,47.36,47.36,47.36,47.36,46.602,46.602,46.602,46.602,46.602,46.602,46.602,46.602,42.735,42.735,42.735,42.735,42.735,42.735,42.735,42.735,43.109,43.109,43.109,43.109,43.109,43.109,43.109,43.109,41.921,41.921,41.921,41.921,41.921,41.921,41.921,41.921,42.12,42.12,42.12,42.12,42.12,42.12,42.12,42.12,43.137,43.137,43.137,43.137,43.137,43.137,43.137,43.137,47.677,47.677,47.677,47.677,47.677,47.677,47.677,47.677,47.002,47.002,47.002,47.002,47.002,47.002,47.002,47.002,40.921,40.921,40.921,40.921,40.921,40.921,40.921,40.921,41.954,41.954,41.954,41.954,41.954,41.954,41.954,41.954,43.857,43.857,43.857,43.857,43.857,43.857,43.857,43.857,43.563,43.563,43.563,43.563,43.563,43.563,43.563,43.563,43.703,43.703,43.703,43.703,43.703,43.703,43.703,43.703,45.749,45.749,45.749,45.749,45.749,45.749,45.749,45.749,45.526,45.526,45.526,45.526,45.526,45.526,45.526,45.526,45.508,45.508,45.508,45.508,45.508,45.508,45.508,45.508,46.028,46.028,46.028,46.028,46.028,46.028,46.028,46.028,44.641,44.641,44.641,44.641,44.641,44.641,44.641,44.641,45.693,45.693,45.693,45.693,45.693,45.693,45.693,45.693,46.966,46.966,46.966,46.966,46.966,46.966,46.966,46.966,44.956,44.956,44.956,44.956,44.956,44.956,44.956,44.956,39.824,39.824,39.824,39.824,39.824,39.824,39.824,39.824,41.022,41.022,41.022,41.022,41.022,41.022,41.022,41.022,42.499,42.499,42.499,42.499,42.499,42.499,42.499,42.499,42.026,42.026,42.026,42.026,42.026,42.026,42.026,42.026,41.197,41.197,41.197,41.197,41.197,41.197,41.197,41.197,41.013,41.013,41.013,41.013,41.013,41.013,41.013,41.013,40.719,40.719,40.719,40.719,40.719,40.719,40.719,40.719,43.821,43.821,43.821,43.821,43.821,43.821,43.821,43.821,42.004,42.004,42.004,42.004,42.004,42.004,42.004,42.004,42.523,42.523,42.523,42.523,42.523,42.523,42.523,42.523,41.907,41.907,41.907,41.907
-80.5,46.931,46.931,46.931,46.931,46.083,46.083,46.083,46.083,46.083,46.083,46.083,46.083,51.562,51.562,51.562,51.562,51.562,51.562,51.562,51.562,51.475,51.475,51.475,51.475,51.475,51.475,51.475,51.475,50.16,50.16,50.16,50.16,50.16,50.16,50.16,50.16,52.363,52.363,52.363,52.363,52.363,52.363,52.363,52.363,54.324,54.324,54.324,54.324,54.324,54.324,54.324,54.324,52.997,52.997,52.997,52.997,52.997,52.997,52.997,52.997,51.814,51.814,51.814,51.814,51.814,51.814,51.814,51.814,51.121,51.121,51.121,51.121,51.121,51.121,51.121,51.121,50.038,50.038,50.038,50.038,50.038,50.038,50.038,50.038,50.368,50.368,50.368,50.368,50.368,50.368,50.368,50.368,51.331,51.331,51.331,51.331,51.331,51.331,51.331,51.331,51.307,51.307,51.307,51.307,51.307,51.307,51.307,51.307,51.299,51.299,51.299,51.299,51.299,51.299,51.299,51.299,49.028,49.028,49.028,49.028,49.028,49.028,49.028,49.028,47.402,47.402,47.402,47.402,47.402,47.402,47.402,47.402,46.612,46.612,46.612,46.612,46.612,46.612,46.612,46.612,46.914,46.914,46.914,46.914,46.914,46.914,46.914,46.914,44.342,44.342,44.342,44.342,44.342,44.342,44.342,44.342,46.198,46.198,46.198,46.198,46.198,46.198,46.198,46.198,50.129,50.129,50.129,50.129,50.129,50.129,50.129,50.129,44.79,44.79,44.79,44.79,44.79,44.79,44.79,44.79,46.369,46.369,46.369,46.369,46.369,46.369,46.369,46.369,46.985,46.985,46.985,46.985,46.985,46.985,46.985,46.985,48.391,48.391,48.391,48.391,48.391,48.391,48.391,48.391,47.768,47.768,47.768,47.768,47.768,47.768,47.768,47.768,46.002,46.002,46.002,46.002,46.002,46.002,46.002,46.002,46.366,46.366,46.366,46.366,46.366,46.366,46.366,46.366,46.494,46.494,46.494,46.494,46.494,46.494,46.494,46.494,48.66,48.66,48.66,48.66,48.66,48.66,48.66,48.66,50.705,50.705,50.705,50.705,50.705,50.705,50.705,50.705,52.264,52.264,52.264,52.264,52.264,52.264,52.264,52.264,51.006,51.006,51.006,51.006,51.006,51.006,51.006,51.006,49.496,49.496,49.496,49.496,49.496,49.496,49.496,49.496,46.286,46.286,46.286,46.286,46.286,46.286,46.286,46.286,45.824,45.824,45.824,45.824,45.824,45.824,45.824,45.824,46.607,46.607,46.607,46.607,46.607,46.607,46.607,46.607,46.822,46.822,46.822,46.822,46.822,46.822,46.822,46.822,45.937,45.937,45.937,45.937,45.937,45.937,45.937,45.937,46.662,46.662,46.662,46.662,46.662,46.662,46.662,46.662,44.505,44.505,44.505,44.505,44.505,44.505,44.505,44.505,46.209,46.209,46.209,46.209,46.209,46.209,46.209,46.209,46.003,46.003,46.003,46.003,46.003,46.003,46.003,46.003,46.737,46.737,46.737,46.737,46.737,46.737,46.737,46.737,46.931,46.931,46.931,46.931
-79.5,53.176,53.176,53.176,53.176,50.122,50.122,50.122,50.122,52.136,52.136,52.136,52.136,57.283,57.283,57.283,57.283,53.853,53.853,53.853,53.853,52.888,52.888,52.888,52.888,55.585,55.585,55.585,55.585,55.288,55.288,55.288,55.288,57.546,57.546,57.546,57.546,57.521,57.521,57.521,57.521,57.333,57.333,57.333,57.333,56.742,56.742,56.742,56.742,56.71,56.71,56.71,56.71,56.584,56.584,56.584,56.584,57.822,57.822,57.822,57.822,57.877,57.877,57.877,57.877,56.717,56.717,56.717,56.717,57.073,57.073,57.073,57.073,56.539,56.539,56.539,56.539,55.752,55.752,55.752,55.752,55.307,55.307,55.307,55.307,54.155,54.155,54.155,54.155,54.652,54.652,54.652,54.652,55.186,55.186,55.186,55.186,55.066,55.066,55.066,55.066,54.376,54.376,54.376,54.376,54.571,54.571,54.571,54.571,56.476,56.476,56.476,56.476,56.15,56.15,56.15,56.15,55.886,55.886,55.886,55.886,55.028,55.028,55.028,55.028,52.61,52.61,52.61,52.61,52.224,52.224,52.224,52.224,52.121,52.121,52.121,52.121,51.984,51.984,51.984,51.984,51.912,51.912,51.912,51.912,51.086,51.086,51.086,51.086,51.954,51.954,51.954,51.954,49.663,49.663,49.663,49.663,49.396,49.396,49.396,49.396,50.234,50.234,50.234,50.234,50.85,50.85,50.85,50.85,53.061,53.061,53.061,53.061,52.163,52.163,52.163,52.163,49.512,49.512,49.512,49.512,50.076,50.076,50.076,50.076,50.922,50.922,50.922,50.922,51.532,51.532,51.532,51.532,50.631,50.631,50.631,50.631,51.578,51.578,51.578,51.578,52.189,52.189,52.189,52.189,50.032,50.032,50.032,50.032,50.458,50.458,50.458,50.458,50.335,50.335,50.335,50.335,50.299,50.299,50.299,50.299,51.382,51.382,51.382,51.382,50.878,50.878,50.878,50.878,50.516,50.516,50.516,50.516,51.038,51.038,51.038,51.038,53.244,53.244,53.244,53.244,51.223,51.223,51.223,51.223,52.008,52.008,52.008,52.008,55.926,55.926,55.926,55.926,55.295,55.295,55.295,55.295,55.619,55.619,55.619,55.619,56.222,56.222,56.222,56.222,56.868,56.868,56.868,56.868,55.494,55.494,55.494,55.494,55.322,55.322,55.322,55.322,56.001,56.001,56.001,56.001,51.203,51.203,51.203,51.203,45.886,45.886,45.886,45.886,49.445,49.445,49.445,49.445,50.199,50.199,50.199,50.199,51.514,51.514,51.514,51.514,51.761,51.761,51.761,51.761,50.804,50.804,50.804,50.804,49.347,49.347,49.347,49.347,51.84,51.84,51.84,51.84,50.711,50.711,50.711,50.711,51.229,51.229,51.229,51.229,50.925,50.925,50.925,50.925,49.891,49.891,49.891,49.891,50.995,50.995,50.995,50.995,51.29,51.29,51.29,51.29,50.633,50.633,50.633,50.633,52.653,52.653,52.653,52.653,52.737,52.737,52.737,52.737,52.815,52.815,52.815,52.815,52.163,52.163,52.163,52.163
-78.5,56.995,56.995,56.995,56.995,55.374,55.374,55.374,55.374,59.419,59.419,59.419,59.419,60.571,60.571,60.571,60.571,57.796,57.796,57.796,57.796,61.076,61.076,61.076,61.076,59.098,59.098,59.098,59.098,60.097,60.097,60.097,60.097,61.267,61.267,61.267,61.267,61.541,61.541,61.541,61.541,61.277,61.277,61.277,61.277,62.449,62.449,62.449,62.449,60.265,60.265,60.265,60.265,59.687,59.687,59.687,59.687,59.834,59.834,59.834,59.834,62.068,62.068,62.068,62.068,62.135,62.135,62.135,62.135,61.569,61.569,61.569,61.569,59.904,59.904,59.904,59.904,62.365,62.365,62.365,62.365,58.868,58.868,58.868,58.868,59.414,59.414,59.414,59.414,60.24,60.24,60.24,60.24,59.537,59.537,59.537,59.537,59.363,59.363,59.363,59.363,58.685,58.685,58.685,58.685,58.296,58.296,58.296,58.296,59.404,59.404,59.404,59.404,59.487,59.487,59.487,59.487,60.049,60.049,60.049,60.049,59.103,59.103,59.103,59.103,57.684,57.684,57.684,57.684,56.83,56.83,56.83,56.83,57.945,57.945,57.945,57.945,58.401,58.401,58.401,58.401,56.774,56.774,56.774,56.774,56.408,56.408,56.408,56.408,56.03,56.03,56.03,56.03,56.878,56.878,56.878,56.878,55.209,55.209,55.209,55.209,53.696,53.696,53.696,53.696,52.267,52.267,52.267,52.267,57.59,57.59,57.59,57.59,55.655,55.655,55.655,55.655,54.907,54.907,54.907,54.907,57.083,57.083,57.083,57.083,54.762,54.762,54.762,54.762,50.153,50.153,50.153,50.153,51.071,51.071,51.071,51.071,51.836,51.836,51.836,51.836,53.678,53.678,53.678,53.678,53.465,53.465,53.465,53.465,53.715,53.715,53.715,53.715,55.952,55.952,55.952,55.952,55.238,55.238,55.238,55.238,55.215,55.215,55.215,55.215,55.348,55.348,55.348,55.348,55.832,55.832,55.832,55.832,55.207,55.207,55.207,55.207,58.386,58.386,58.386,58.386,56.623,56.623,56.623,56.623,57.957,57.957,57.957,57.957,57.622,57.622,57.622,57.622,59.755,59.755,59.755,59.755,57.169,57.169,57.169,57.169,54.433,54.433,54.433,54.433,54.978,54.978,54.978,54.978,55.936,55.936,55.936,55.936,56.106,56.106,56.106,56.106,57.144,57.144,57.144,57.144,57.133,57.133,57.133,57.133,59.406,59.406,59.406,59.406,52.043,52.043,52.043,52.043,52.979,52.979,52.979,52.979,53.885,53.885,53.885,53.885,53.208,53.208,53.208,53.208,54.086,54.086,54.086,54.086,53.067,53.067,53.067,53.067,56.396,56.396,56.396,56.396,53.979,53.979,53.979,53.979,57.042,57.042,57.042,57.042,58.007,58.007,58.007,58.007,58.061,58.061,58.061,58.061,56.422,56.422,56.422,56.422,54.247,54.247,54.247,54.247,56.971,56.971,56.971,56.971,56.928,56.928,56.928,56.928,58.101,58.101,58.101,58.101,57.144,57.144,57.144,57.144,59.323,59.323,59.323,59.323
-77.5,63.914,63.914,63.914,63.914,61.924,61.924,61.924,61.924,63.251,63.251,63.251,63.251,64.554,64.554,64.554,64.554,67.035,67.035,67.035,67.035,66.457,66.457,66.457,66.457,64.367,64.367,64.367,64.367,64.644,64.644,64.644,64.644,64.343,64.343,64.343,64.343,69.157,69.157,69.157,69.157,66.926,66.926,66.926,66.926,67.666,67.666,67.666,67.666,65.545,65.545,65.545,65.545,63.863,63.863,63.863,63.863,63.916,63.916,63.916,63.916,66.471,66.471,66.471,66.471,63.998,63.998,63.998,63.998,63.038,63.038,63.038,63.038,62.976,62.976,62.976,62.976,64.775,64.775,64.775,64.775,61.998,61.998,61.998,61.998,64.003,64.003,64.003,64.003,64.027,64.027,64.027,64.027,64.277,64.277,64.277,64.277,64.204,64.204,64.204,64.204,64.137,64.137,64.137,64.137,63.268,63.268,63.268,63.268,63.732,63.732,63.732,63.732,64.232,64.232,64.232,64.232,63.533,63.533,63.533,63.533,63.22,63.22,63.22,63.22,63.61,63.61,63.61,63.61,63.859,63.859,63.859,63.859,63.463,63.463,63.463,63.463,63.597,63.597,63.597,63.597,62.095,62.095,62.095,62.095,61.428,61.428,61.428,61.428,62.248,62.248,62.248,62.248,61.428,61.428,61.428,61.428,59.573,59.573,59.573,59.573,54.479,54.479,54.479,54.479,50.792,50.792,50.792,50.792,56.357,56.357,56.357,56.357,56.729,56.729,56.729,56.729,58.972,58.972,58.972,58.972,57.46,57.46,57.46,57.46,55.642,55.642,55.642,55.642,50.112,50.112,50.112,50.112,45.812,45.812,45.812,45.812,51.28,51.28,51.28,51.28,52.782,52.782,52.782,52.782,58.728,58.728,58.728,58.728,60.71,60.71,60.71,60.71,60.068,60.068,60.068,60.068,60.158,60.158,60.158,60.158,61.157,61.157,61.157,61.157,62.523,62.523,62.523,62.523,61.787,61.787,61.787,61.787,61.322,61.322,61.322,61.322,59.197,59.197,59.197,59.197,61.487,61.487,61.487,61.487,62.473,62.473,62.473,62.473,61.035,61.035,61.035,61.035,61.739,61.739,61.739,61.739,64.157,64.157,64.157,64.157,61.779,61.779,61.779,61.779,61.554,61.554,61.554,61.554,60.876,60.876,60.876,60.876,61.43,61.43,61.43,61.43,61.245,61.245,61.245,61.245,58.851,58.851,58.851,58.851,64.757,64.757,64.757,64.757,62.618,62.618,62.618,62.618,56.315,56.315,56.315,56.315,56.815,56.815,56.815,56.815,58.959,58.959,58.959,58.959,60.891,60.891,60.891,60.891,60.905,60.905,60.905,60.905,57.56,57.56,57.56,57.56,55.129,55.129,55.129,55.129,58.663,58.663,58.663,58.663,61.18,61.18,61.18,61.18,62.364,62.364,62.364,62.364,63.116,63.116,63.116,63.116,60.934,60.934,60.934,60.934,61.99,61.99,61.99,61.99,60.695,60.695,60.695,60.695,61.909,61.909,61.909,61.909,62.766,62.766,62.766,62.766,66.079,66.079,66.079,66.079
-76.5,67.865,67.865,67.865,67.865,69.393,69.393,69.393,69.393,65.952,65.952,65.952,65.952,71.636,71.636,71.636,71.636,70.754,70.754,70.754,70.754,72.551,72.551,72.551,72.551,72.297,72.297,72.297,72.297,72.385,72.385,72.385,72.385,73.021,73.021,73.021,73.021,74.219,74.219,74.219,74.219,73.929,73.929,73.929,73.929,72.128,72.128,72.128,72.128,70.481,70.481,70.481,70.481,70.05,70.05,70.05,70.05,67.756,67.756,67.756,67.756,68.769,68.769,68.769,68.769,67.264,67.264,67.264,67.264,67.868,67.868,67.868,67.868,68.62,68.62,68.62,68.62,70.748,70.748,70.748,70.748,69.887,69.887,69.887,69.887,69.048,69.048,69.048,69.048,70.132,70.132,70.132,70.132,70.271,70.271,70.271,70.271,68.99,68.99,68.99,68.99,68.798,68.798,68.798,68.798,70.147,70.147,70.147,70.147,68.199,68.199,68.199,68.199,68.837,68.837,68.837,68.837,67.79,67.79,67.79,67.79,68.73,68.73,68.73,68.73,68.496,68.496,68.496,68.496,68.481,68.481,68.481,68.481,68.181,68.181,68.181,68.181,68.563,68.563,68.563,68.563,68.038,68.038,68.038,68.038,66.796,66.796,66.796,66.796,66.18,66.18,66.18,66.18,65.259,65.259,65.259,65.259,62.101,62.101,62.101,62.101,55.32,55.32,55.32,55.32,48.341,48.341,48.341,48.341,50.058,50.058,50.058,50.058,42.41,42.41,42.41,42.41,53.423,53.423,53.423,53.423,60.665,60.665,60.665,60.665,66.368,66.368,66.368,66.368,62.061,62.061,62.061,62.061,62.739,62.739,62.739,62.739,62.237,62.237,62.237,62.237,56.405,56.405,56.405,56.405,46.988,46.988,46.988,46.988,58.231,58.231,58.231,58.231,63.304,63.304,63.304,63.304,68.555,68.555,68.555,68.555,67.651,67.651,67.651,67.651,69.541,69.541,69.541,69.541,69.07,69.07,69.07,69.07,67.846,67.846,67.846,67.846,66.87,66.87,66.87,66.87,68.231,68.231,68.231,68.231,67.609,67.609,67.609,67.609,68.747,68.747,68.747,68.747,68.288,68.288,68.288,68.288,66.949,66.949,66.949,66.949,69.559,69.559,69.559,69.559,66.265,66.265,66.265,66.265,65.401,65.401,65.401,65.401,66.671,66.671,66.671,66.671,65.388,65.388,65.388,65.388,69.642,69.642,69.642,69.642,67.168,67.168,67.168,67.168,70.664,70.664,70.664,70.664,62.181,62.181,62.181,62.181,66.153,66.153,66.153,66.153,66.025,66.025,66.025,66.025,65.295,65.295,65.295,65.295,63.66,63.66,63.66,63.66,62.399,62.399,62.399,62.399,59.201,59.201,59.201,59.201,60.12,60.12,60.12,60.12,61.053,61.053,61.053,61.053,63.904,63.904,63.904,63.904,67.021,67.021,67.021,67.021,69.045,69.045,69.045,69.045,68.751,68.751,68.751,68.751,66.859,66.859,66.859,66.859,69.58,69.58,69.58,69.58,69.022,69.022,69.022,69.022,69.47,69.47,69.47,69.47
-75.5,71.079,71.079,71.079,71.079,77.806,77.806,77.806,77.806,74.698,74.698,74.698,74.698,78.546,78.546,78.546,78.546,75.123,75.123,75.123,75.123,76.465,76.465,76.465,76.465,78.955,78.955,78.955,78.955,79.134,79.134,79.134,79.134,77.587,77.587,77.587,77.587,79.311,79.311,79.311,79.311,79.683,79.683,79.683,79.683,77.696,77.696,77.696,77.696,76.428,76.428,76.428,76.428,73.136,73.136,73.136,73.136,72.024,72.024,72.024,72.024,72.096,72.096,72.096,72.096,73.212,73.212,73.212,73.212,74.397,74.397,74.397,74.397,74.045,74.045,74.045,74.045,74.753,74.753,74.753,74.753,77.195,77.195,77.195,77.195,75.152,75.152,75.152,75.152,75.546,75.546,75.546,75.546,76.381,76.381,76.381,76.381,72.95,72.95,72.95,72.95,73.728,73.728,73.728,73.728,73.622,73.622,73.622,73.622,74.599,74.599,74.599,74.599,74.031,74.031,74.031,74.031,73.791,73.791,73.791,73.791,73.996,73.996,73.996,73.996,73.587,73.587,73.587,73.587,73.396,73.396,73.396,73.396,72.812,72.812,72.812,72.812,72.908,72.908,72.908,72.908,73.39,73.39,73.39,73.39,72.235,72.235,72.235,72.235,70.504,70.504,70.504,70.504,70.569,70.569,70.569,70.569,68.338,68.338,68.338,68.338,61.567,61.567,61.567,61.567,51.09,51.09,51.09,51.09,52.308,52.308,52.308,52.308,48.737,48.737,48.737,48.737,49.717,49.717,49.717,49.717,61.95,61.95,61.95,61.95,70.133,70.133,70.133,70.133,70.622,70.622,70.622,70.622,73.242,73.242,73.242,73.242,73.7,73.7,73.7,73.7,70.156,70.156,70.156,70.156,57.493,57.493,57.493,57.493,56.595,56.595,56.595,56.595,69.185,69.185,69.185,69.185,73.753,73.753,73.753,73.753,72.216,72.216,72.216,72.216,75.089,75.089,75.089,75.089,77.362,77.362,77.362,77.362,73.56,73.56,73.56,73.56,73.727,73.727,73.727,73.727,73.887,73.887,73.887,73.887,72.306,72.306,72.306,72.306,73.465,73.465,73.465,73.465,73.364,73.364,73.364,73.364,71.259,71.259,71.259,71.259,69.625,69.625,69.625,69.625,70.073,70.073,70.073,70.073,67.205,67.205,67.205,67.205,68.5,68.5,68.5,68.5,71.33,71.33,71.33,71.33,69.985,69.985,69.985,69.985,67.666,67.666,67.666,67.666,72.644,72.644,72.644,72.644,69.62,69.62,69.62,69.62,68.901,68.901,68.901,68.901,69.843,69.843,69.843,69.843,69.446,69.446,69.446,69.446,68.825,68.825,68.825,68.825,67.072,67.072,67.072,67.072,64.659,64.659,64.659,64.659,64.843,64.843,64.843,64.843,59.617,59.617,59.617,59.617,65.599,65.599,65.599,65.599,70.055,70.055,70.055,70.055,71.979,71.979,71.979,71.979,72.949,72.949,72.949,72.949,73.796,73.796,73.796,73.796,73.25,73.25,73.25,73.25,70.026,70.026,70.026,70.026,73.062,73.062,73.062,73.062
-74.5,80.379,80.379,80.379,80.379,80.444,80.444,80.444,80.444,81.892,81.892,81.892,81.892,82.396,82.396,82.396,82.396,82.254,82.254,82.254,82.254,83.727,83.727,83.727,83.727,83.739,83.739,83.739,83.739,81.789,81.789,81.789,81.789,81.71,81.71,81.71,81.71,81.818,81.818,81.818,81.818,83.442,83.442,83.442,83.442,82.168,82.168,82.168,82.168,81.918,81.918,81.918,81.918,81.633,81.633,81.633,81.633,77.765,77.765,77.765,77.765,76.853,76.853,76.853,76.853,78.474,78.474,78.474,78.474,79.073,79.073,79.073,79.073,78.159,78.159,78.159,78.159,79.445,79.445,79.445,79.445,82.324,82.324,82.324,82.324,80.574,80.574,80.574,80.574,81.979,81.979,81.979,81.979,79.893,79.893,79.893,79.893,77.969,77.969,77.969,77.969,81.417,81.417,81.417,81.417,80.449,80.449,80.449,80.449,78.36,78.36,78.36,78.36,78.411,78.411,78.411,78.411,78.836,78.836,78.836,78.836,79.071,79.071,79.071,79.071,79.875,79.875,79.875,79.875,81.479,81.479,81.479,81.479,78.031,78.031,78.031,78.031,79.343,79.343,79.343,79.343,79.093,79.093,79.093,79.093,77.058,77.058,77.058,77.058,75.476,75.476,75.476,75.476,76.72,76.72,76.72,76.72,76.521,76.521,76.521,76.521,70.372,70.372,70.372,70.372,60.648,60.648,60.648,60.648,60.195,60.195,60.195,60.195,66.326,66.326,66.326,66.326,63.746,63.746,63.746,63.746,67.91,67.91,67.91,67.91,76.029,76.029,76.029,76.029,71.711,71.711,71.711,71.711,68.414,68.414,68.414,68.414,74.995,74.995,74.995,74.995,75.767,75.767,75.767,75.767,74.678,74.678,74.678,74.678,64.839,64.839,64.839,64.839,68.6,68.6,68.6,68.6,65.099,65.099,65.099,65.099,63.807,63.807,63.807,63.807,67.841,67.841,67.841,67.841,67.326,67.326,67.326,67.326,73.077,73.077,73.077,73.077,77.024,77.024,77.024,77.024,74.467,74.467,74.467,74.467,75.007,75.007,75.007,75.007,72.916,72.916,72.916,72.916,65.305,65.305,65.305,65.305,75.682,75.682,75.682,75.682,77.076,77.076,77.076,77.076,77.23,77.23,77.23,77.23,71.714,71.714,71.714,71.714,73.011,73.011,73.011,73.011,74.306,74.306,74.306,74.306,75.242,75.242,75.242,75.242,79.901,79.901,79.901,79.901,76.48,76.48,76.48,76.48,78.646,78.646,78.646,78.646,75.715,75.715,75.715,75.715,73.385,73.385,73.385,73.385,75.534,75.534,75.534,75.534,73.837,73.837,73.837,73.837,72.672,72.672,72.672,72.672,69.133,69.133,69.133,69.133,62.931,62.931,62.931,62.931,67.078,67.078,67.078,67.078,70.732,70.732,70.732,70.732,74.713,74.713,74.713,74.713,77.665,77.665,77.665,77.665,73.842,73.842,73.842,73.842,80.035,80.035,80.035,80.035,81.926,81.926,81.926,81.926,77.612,77.612,77.612,77.612,76.457,76.457,76.457,76.457
-73.5,85.305,85.305,85.305,85.305,84.489,84.489,84.489,84.489,85.664,85.664,85.664,85.664,85.534,85.534,85.534,85.534,86.789,86.789,86.789,86.789,87.149,87.149,87.149,87.149,86.884,86.884,86.884,86.884,87.098,87.098,87.098,87.098,85.318,85.318,85.318,85.318,84.687,84.687,84.687,84.687,85.915,85.915,85.915,85.915,86.039,86.039,86.039,86.039,86.852,86.852,86.852,86.852,87.081,87.081,87.081,87.081,82.511,82.511,82.511,82.511,77.238,77.238,77.238,77.238,72.495,72.495,72.495,72.495,80.138,80.138,80.138,80.138,82.332,82.332,82.332,82.332,84.494,84.494,84.494,84.494,87.505,87.505,87.505,87.505,86.242,86.242,86.242,86.242,86.608,86.608,86.608,86.608,84.197,84.197,84.197,84.197,82.446,82.446,82.446,82.446,84.579,84.579,84.579,84.579,83.254,83.254,83.254,83.254,82.752,82.752,82.752,82.752,83.835,83.835,83.835,83.835,83.843,83.843,83.843,83.843,84.69,84.69,84.69,84.69,86.668,86.668,86.668,86.668,87.852,87.852,87.852,87.852,83.7,83.7,83.7,83.7,83.973,83.973,83.973,83.973,83.064,83.064,83.064,83.064,82.665,82.665,82.665,82.665,83.697,83.697,83.697,83.697,83.37,83.37,83.37,83.37,82.796,82.796,82.796,82.796,79.067,79.067,79.067,79.067,81.386,81.386,81.386,81.386,73.838,73.838,73.838,73.838,70.877,70.877,70.877,70.877,71.694,71.694,71.694,71.694,76.037,76.037,76.037,76.037,78.574,78.574,78.574,78.574,73.796,73.796,73.796,73.796,65.774,65.774,65.774,65.774,69.94,69.94,69.94,69.94,75.944,75.944,75.944,75.944,80.518,80.518,80.518,80.518,81.453,81.453,81.453,81.453,78.557,78.557,78.557,78.557,78.874,78.874,78.874,78.874,77.415,77.415,77.415,77.415,78.062,78.062,78.062,78.062,72.06,72.06,72.06,72.06,70.066,70.066,70.066,70.066,65.803,65.803,65.803,65.803,64.107,64.107,64.107,64.107,67.495,67.495,67.495,67.495,61.765,61.765,61.765,61.765,63.797,63.797,63.797,63.797,70.839,70.839,70.839,70.839,82.198,82.198,82.198,82.198,80.84,80.84,80.84,80.84,80.677,80.677,80.677,80.677,78.415,78.415,78.415,78.415,68.03,68.03,68.03,68.03,77.452,77.452,77.452,77.452,77.974,77.974,77.974,77.974,81.521,81.521,81.521,81.521,85.302,85.302,85.302,85.302,83.329,83.329,83.329,83.329,80.666,80.666,80.666,80.666,79.586,79.586,79.586,79.586,77.478,77.478,77.478,77.478,77.398,77.398,77.398,77.398,71.705,71.705,71.705,71.705,72.479,72.479,72.479,72.479,73.651,73.651,73.651,73.651,73.988,73.988,73.988,73.988,78.442,78.442,78.442,78.442,83.36,83.36,83.36,83.36,81.813,81.813,81.813,81.813,79.218,79.218,79.218,79.218,81.723,81.723,81.723,81.723,79.822,79.822,79.822,79.822,83.478,83.478,83.478,83.478
-72.5,86.054,86.054,86.054,86.054,90.847,90.847,90.847,90.847,91.72,91.72,91.72,91.72,93.256,93.256,93.256,93.256,94.081,94.081,94.081,94.081,93.808,93.808,93.808,93.808,91.839,91.839,91.839,91.839,93.442,93.442,93.442,93.442,89.16,89.16,89.16,89.16,89.848,89.848,89.848,89.848,89.259,89.259,89.259,89.259,90.285,90.285,90.285,90.285,92.455,92.455,92.455,92.455,91.063,91.063,91.063,91.063,88.041,88.041,88.041,88.041,84.398,84.398,84.398,84.398,81.009,81.009,81.009,81.009,83.398,83.398,83.398,83.398,87.049,87.049,87.049,87.049,88.57,88.57,88.57,88.57,90.383,90.383,90.383,90.383,88.367,88.367,88.367,88.367,89.161,89.161,89.161,89.161,88.655,88.655,88.655,88.655,90.632,90.632,90.632,90.632,89.202,89.202,89.202,89.202,88.131,88.131,88.131,88.131,87.573,87.573,87.573,87.573,91.199,91.199,91.199,91.199,91.276,91.276,91.276,91.276,92.5,92.5,92.5,92.5,93.137,93.137,93.137,93.137,93.206,93.206,93.206,93.206,89.537,89.537,89.537,89.537,87.293,87.293,87.293,87.293,87.21,87.21,87.21,87.21,85.393,85.393,85.393,85.393,89.268,89.268,89.268,89.268,89.787,89.787,89.787,89.787,87.578,87.578,87.578,87.578,87.108,87.108,87.108,87.108,87.393,87.393,87.393,87.393,80.164,80.164,80.164,80.164,75.886,75.886,75.886,75.886,70.555,70.555,70.555,70.555,66.844,66.844,66.844,66.844,78.745,78.745,78.745,78.745,77.603,77.603,77.603,77.603,77.462,77.462,77.462,77.462,76.77,76.77,76.77,76.77,79.434,79.434,79.434,79.434,84.092,84.092,84.092,84.092,84.183,84.183,84.183,84.183,87.365,87.365,87.365,87.365,82.156,82.156,82.156,82.156,82.098,82.098,82.098,82.098,85.003,85.003,85.003,85.003,83.164,83.164,83.164,83.164,75.811,75.811,75.811,75.811,67.303,67.303,67.303,67.303,75.646,75.646,75.646,75.646,80.881,80.881,80.881,80.881,75.174,75.174,75.174,75.174,73.078,73.078,73.078,73.078,73.584,73.584,73.584,73.584,85.531,85.531,85.531,85.531,86.977,86.977,86.977,86.977,83.726,83.726,83.726,83.726,77.843,77.843,77.843,77.843,76.43,76.43,76.43,76.43,73.557,73.557,73.557,73.557,63.748,63.748,63.748,63.748,84.106,84.106,84.106,84.106,89.61,89.61,89.61,89.61,87.821,87.821,87.821,87.821,85.402,85.402,85.402,85.402,84.668,84.668,84.668,84.668,82.872,82.872,82.872,82.872,83.645,83.645,83.645,83.645,82.782,82.782,82.782,82.782,78.564,78.564,78.564,78.564,76.599,76.599,76.599,76.599,74.922,74.922,74.922,74.922,71.491,71.491,71.491,71.491,70.115,70.115,70.115,70.115,73.442,73.442,73.442,73.442,85.226,85.226,85.226,85.226,81.464,81.464,81.464,81.464,85.556,85.556,85.556,85.556,86.969,86.969,86.969,86.969
-71.5,91.45,91.45,91.45,91.45,102.55,102.55,102.55,102.55,98.53,98.53,98.53,98.53,98.018,98.018,98.018,98.018,95.878,95.878,95.878,95.878,96.965,96.965,96.965,96.965,97.843,97.843,97.843,97.843,96.865,96.865,96.865,96.865,92.828,92.828,92.828,92.828,94.428,94.428,94.428,94.428,94.797,94.797,94.797,94.797,94.402,94.402,94.402,94.402,98.285,98.285,98.285,98.285,96.697,96.697,96.697,96.697,93.459,93.459,93.459,93.459,89.826,89.826,89.826,89.826,85.809,85.809,85.809,85.809,86.398,86.398,86.398,86.398,92.041,92.041,92.041,92.041,92.185,92.185,92.185,92.185,93.965,93.965,93.965,93.965,91.391,91.391,91.391,91.391,91.153,91.153,91.153,91.153,91.678,91.678,91.678,91.678,93.585,93.585,93.585,93.585,91.862,91.862,91.862,91.862,92.798,92.798,92.798,92.798,92.61,92.61,92.61,92.61,94.943,94.943,94.943,94.943,96.422,96.422,96.422,96.422,95.64,95.64,95.64,95.64,95.906,95.906,95.906,95.906,96.813,96.813,96.813,96.813,93.651,93.651,93.651,93.651,91.322,91.322,91.322,91.322,91.321,91.321,91.321,91.321,88.349,88.349,88.349,88.349,93.303,93.303,93.303,93.303,95.508,95.508,95.508,95.508,95.008,95.008,95.008,95.008,84.697,84.697,84.697,84.697,91.813,91.813,91.813,91.813,82.255,82.255,82.255,82.255,67.826,67.826,67.826,67.826,67.18,67.18,67.18,67.18,67.914,67.914,67.914,67.914,74.197,74.197,74.197,74.197,70.73,70.73,70.73,70.73,74.798,74.798,74.798,74.798,79.406,79.406,79.406,79.406,81.586,81.586,81.586,81.586,87.089,87.089,87.089,87.089,92.762,92.762,92.762,92.762,92.086,92.086,92.086,92.086,86.067,86.067,86.067,86.067,85.031,85.031,85.031,85.031,90.891,90.891,90.891,90.891,91.104,91.104,91.104,91.104,89.439,89.439,89.439,89.439,96.944,96.944,96.944,96.944,90.592,90.592,90.592,90.592,88.947,88.947,88.947,88.947,86.925,86.925,86.925,86.925,86.106,86.106,86.106,86.106,80.139,80.139,80.139,80.139,83.196,83.196,83.196,83.196,90.839,90.839,90.839,90.839,85.289,85.289,85.289,85.289,84.211,84.211,84.211,84.211,75.197,75.197,75.197,75.197,73.918,73.918,73.918,73.918,80.283,80.283,80.283,80.283,87.128,87.128,87.128,87.128,94.121,94.121,94.121,94.121,95.098,95.098,95.098,95.098,92.141,92.141,92.141,92.141,89.719,89.719,89.719,89.719,90.941,90.941,90.941,90.941,89.202,89.202,89.202,89.202,90.116,90.116,90.116,90.116,82.537,82.537,82.537,82.537,71.943,71.943,71.943,71.943,63.203,63.203,63.203,63.203,60.881,60.881,60.881,60.881,45.744,45.744,45.744,45.744,50.311,50.311,50.311,50.311,78.517,78.517,78.517,78.517,92.564,92.564,92.564,92.564,94.962,94.962,94.962,94.962,99.122,99.122,99.122,99.122
-70.5,104.39,104.39,104.39,104.39,105.37,105.37,105.37,105.37,101.09,101.09,101.09,101.09,101.64,101.64,101.64,101.64,102.07,102.07,102.07,102.07,103.23,103.23,103.23,103.23,103.57,103.57,103.57,103.57,101.36,101.36,101.36,101.36,98.375,98.375,98.375,98.375,98.991,98.991,98.991,98.991,99.667,99.667,99.667,99.667,99.889,99.889,99.889,99.889,101.48,101.48,101.48,101.48,101.76,101.76,101.76,101.76,97.935,97.935,97.935,97.935,95.582,95.582,95.582,95.582,88.89,88.89,88.89,88.89,89.672,89.672,89.672,89.672,96.491,96.491,96.491,96.491,96.684,96.684,96.684,96.684,98.116,98.116,98.116,98.116,96.232,96.232,96.232,96.232,96.235,96.235,96.235,96.235,97.223,97.223,97.223,97.223,98.701,98.701,98.701,98.701,96.006,96.006,96.006,96.006,96.9,96.9,96.9,96.9,99.115,99.115,99.115,99.115,97.311,97.311,97.311,97.311,100.72,100.72,100.72,100.72,99.945,99.945,99.945,99.945,99.161,99.161,99.161,99.161,99.619,99.619,99.619,99.619,97.347,97.347,97.347,97.347,96.076,96.076,96.076,96.076,94.898,94.898,94.898,94.898,91.488,91.488,91.488,91.488,96.007,96.007,96.007,96.007,99.453,99.453,99.453,99.453,98.033,98.033,98.033,98.033,87.258,87.258,87.258,87.258,85.869,85.869,85.869,85.869,83.675,83.675,83.675,83.675,82.371,82.371,82.371,82.371,74.363,74.363,74.363,74.363,77.185,77.185,77.185,77.185,71.664,71.664,71.664,71.664,74.907,74.907,74.907,74.907,65.97,65.97,65.97,65.97,59.924,59.924,59.924,59.924,76.388,76.388,76.388,76.388,84.43,84.43,84.43,84.43,94.243,94.243,94.243,94.243,87.779,87.779,87.779,87.779,83.352,83.352,83.352,83.352,87.974,87.974,87.974,87.974,95.105,95.105,95.105,95.105,97.14,97.14,97.14,97.14,95.271,95.271,95.271,95.271,100.97,100.97,100.97,100.97,96.393,96.393,96.393,96.393,94.701,94.701,94.701,94.701,94.357,94.357,94.357,94.357,93.377,93.377,93.377,93.377,91.504,91.504,91.504,91.504,85.646,85.646,85.646,85.646,89.176,89.176,89.176,89.176,87.003,87.003,87.003,87.003,81.389,81.389,81.389,81.389,79.514,79.514,79.514,79.514,75.989,75.989,75.989,75.989,94.512,94.512,94.512,94.512,91.355,91.355,91.355,91.355,99.616,99.616,99.616,99.616,100.65,100.65,100.65,100.65,100.07,100.07,100.07,100.07,97.146,97.146,97.146,97.146,96.027,96.027,96.027,96.027,91.281,91.281,91.281,91.281,92.165,92.165,92.165,92.165,83.835,83.835,83.835,83.835,65.008,65.008,65.008,65.008,56.55,56.55,56.55,56.55,62.403,62.403,62.403,62.403,47.002,47.002,47.002,47.002,52.562,52.562,52.562,52.562,71.175,71.175,71.175,71.175,89.699,89.699,89.699,89.699,98.598,98.598,98.598,98.598,99.711,99.711,99.711,99.711
-69.5,91.82,91.82,89.016,89.016,94.023,94.023,93.001,93.001,93.733,93.733,95.658,95.658,96.738,96.738,105.06,105.06,103.52,103.52,102.77,102.77,100.93,100.93,94.811,94.811,93.929,93.929,92.837,92.837,98.075,98.075,107.49,107.49,105.42,105.42,108.4,108.4,106.81,106.81,104.19,104.19,104.1,104.1,103.94,103.94,102.22,102.22,102.75,102.75,102.6,102.6,103.92,103.92,105.65,105.65,103.97,103.97,102.19,102.19,101.55,101.55,101.98,101.98,101.55,101.55,100.96,100.96,99.961,99.961,98.633,98.633,96.856,96.856,99.97,99.97,89.824,89.824,90.693,90.693,100.18,100.18,101.53,101.53,102.99,102.99,105.77,105.77,104.09,104.09,103.48,103.48,103.43,103.43,104.03,104.03,103.94,103.94,103.82,103.82,102.73,102.73,101.47,101.47,105.07,105.07,106.32,106.32,103.29,103.29,102.54,102.54,102.17,102.17,102.99,102.99,105.67,105.67,105.4,105.4,105.58,105.58,105.53,105.53,107.68,107.68,107.48,107.48,109.1,109.1,107.99,107.99,107.69,107.69,106.01,106.01,105.01,105.01,103.25,103.25,99.054,99.054,96.88,96.88,95.499,95.499,95.785,95.785,98.306,98.306,98.589,98.589,99.849,99.849,99.64,99.64,100.57,100.57,96.068,96.068,86.588,86.588,74.887,74.887,72.902,72.902,80.36,80.36,94.97,94.97,90.607,90.607,82.115,82.115,84.157,84.157,86.551,86.551,80.48,80.48,80.837,80.837,86.386,86.386,89.659,89.659,78.521,78.521,70.452,70.452,74.173,74.173,79.385,79.385,79.684,79.684,73.413,73.413,61.869,61.869,55.718,55.718,68.681,68.681,75.377,75.377,78.967,78.967,74.979,74.979,88.587,88.587,91.526,91.526,91.757,91.757,90.27,90.27,82.678,82.678,79.785,79.785,82.375,82.375,87.409,87.409,90.108,90.108,99.058,99.058,100.64,100.64,101.48,101.48,104.54,104.54,100.29,100.29,102.59,102.59,102.87,102.87,98.208,98.208,92.647,92.647,93.455,93.455,92.43,92.43,96.924,96.924,98.006,98.006,98.904,98.904,97.109,97.109,94.55,94.55,86.858,86.858,81.306,81.306,61.332,61.332,60.341,60.341,65.53,65.53,63.183,63.183,77.781,77.781,83.752,83.752,84.538,84.538,89.06,89.06,89.408,89.408,83.911,83.911,78.332,78.332,89.763,89.763,95.428,95.428,94.808,94.808,91.185,91.185,99.903,99.903,102.68,102.68,105.21,105.21,100.45,100.45,97.52,97.52,100.93,100.93,100.44,100.44,99.51,99.51,101.59,101.59,103.4,103.4,95.352,95.352,93.698,93.698,92.876,92.876,90.759,90.759,83.392,83.392,79.491,79.491,72.988,72.988,66.757,66.757,57.757,57.757,59.36,59.36,62.876,62.876,62.296,62.296,50.812,50.812,42.356,42.356,48.041,48.041,51.857,51.857,67.102,67.102,76.394,76.394,81.503,81.503,76.709,76.709,78.625,78.625,86.64,86.64,84.417,84.417,89.742,89.742
-68.5,81.211,81.211,89.379,89.379,89.367,89.367,92.853,92.853,92.432,92.432,97.895,97.895,98.21,98.21,98.387,98.387,97.026,97.026,94.522,94.522,96.356,96.356,96.713,96.713,91.285,91.285,86.591,86.591,86.675,86.675,88.843,88.843,95.919,95.919,97.981,97.981,102.74,102.74,100.31,100.31,94.706,94.706,96.788,96.788,103.86,103.86,103.32,103.32,103.39,103.39,107.69,107.69,109.03,109.03,107.14,107.14,105.45,105.45,105.96,105.96,105.28,105.28,104.49,104.49,104.64,104.64,103.58,103.58,100.64,100.64,74.45,74.45,75.43,75.43,75.083,75.083,69.402,69.402,92.665,92.665,107.6,107.6,108.45,108.45,108.49,108.49,109.27,109.27,108.09,108.09,108.38,108.38,108.94,108.94,107.68,107.68,106.36,106.36,105.75,105.75,106.25,106.25,110.53,110.53,111.51,111.51,107.66,107.66,111.73,111.73,110.67,110.67,110.07,110.07,108.13,108.13,112.72,112.72,112.34,112.34,112.74,112.74,113.14,113.14,111.18,111.18,108.09,108.09,107.21,107.21,108.37,108.37,110.09,110.09,110.48,110.48,110.56,110.56,109.68,109.68,109.43,109.43,108.97,108.97,105.62,105.62,99.704,99.704,92.839,92.839,92.025,92.025,92.96,92.96,90.064,90.064,88.843,88.843,81.762,81.762,85.14,85.14,75.467,75.467,77.014,77.014,76.8,76.8,71.458,71.458,55.038,55.038,61.556,61.556,78.65,78.65,82.539,82.539,87.899,87.899,90.959,90.959,91.879,91.879,90.863,90.863,91.048,91.048,90.644,90.644,92.429,92.429,95.166,95.166,93.409,93.409,91.601,91.601,89.418,89.418,84.021,84.021,85.344,85.344,89.051,89.051,90.178,90.178,86.735,86.735,88.674,88.674,90.36,90.36,91.967,91.967,88.356,88.356,80.582,80.582,75.674,75.674,85.27,85.27,87.775,87.775,96.181,96.181,99.844,99.844,100.14,100.14,101.9,101.9,104.28,104.28,105.03,105.03,103.5,103.5,93.557,93.557,92.859,92.859,93.475,93.475,96.661,96.661,100.41,100.41,96.586,96.586,93.262,93.262,91.189,91.189,84.99,84.99,80.696,80.696,78.428,78.428,67.667,67.667,56.579,56.579,67.911,67.911,76.523,76.523,76.502,76.502,76.805,76.805,80.36,80.36,84.479,84.479,90.485,90.485,88.934,88.934,82.371,82.371,78.493,78.493,83.827,83.827,84.605,84.605,65.4,65.4,83.66,83.66,107.2,107.2,109.6,109.6,100.86,100.86,100.86,100.86,100.77,100.77,101.52,101.52,100.39,100.39,101.69,101.69,101.59,101.59,100.81,100.81,101.6,101.6,102.03,102.03,94.85,94.85,83.665,83.665,80.837,80.837,76.772,76.772,79.952,79.952,80.392,80.392,70.299,70.299,69.438,69.438,58.659,58.659,52.369,52.369,45.902,45.902,43.732,43.732,56.923,56.923,60.893,60.893,75.558,75.558,79.976,79.976,77.27,77.27,79.098,79.098,82.665,82.665,78.129,78.129,75.323,75.323
-67.5,84.689,84.689,84.194,84.194,87.322,87.322,90.877,90.877,99.622,99.622,103.65,103.65,101.14,101.14,100.02,100.02,96.927,96.927,92.68,92.68,93.815,93.815,94.051,94.051,98.131,98.131,93.692,93.692,90.513,90.513,85.9,85.9,87.072,87.072,89.046,89.046,89.055,89.055,92.938,92.938,98.7,98.7,98.132,98.132,96.051,96.051,99.937,99.937,112.42,112.42,112.93,112.93,113.8,113.8,111.15,111.15,108.56,108.56,106.84,106.84,108.1,108.1,104.69,104.69,100.66,100.66,92.174,92.174,86.35,86.35,86.748,86.748,81.77,81.77,72.472,72.472,82.123,82.123,88.908,88.908,79.871,79.871,105.66,105.66,110.55,110.55,112.06,112.06,110.74,110.74,110.1,110.1,110.55,110.55,108.02,108.02,110.59,110.59,109.12,109.12,111.66,111.66,115.05,115.05,112.75,112.75,119.27,119.27,115.86,115.86,116.27,116.27,116.85,116.85,120.61,120.61,110.64,110.64,112.54,112.54,111.08,111.08,107.22,107.22,112.58,112.58,114.68,114.68,116.16,116.16,116.16,116.16,120.82,120.82,121.85,121.85,118.62,118.62,116.99,116.99,116.32,116.32,114.29,114.29,113.44,113.44,98.404,98.404,100.32,100.32,99.467,99.467,95.597,95.597,95.058,95.058,88.639,88.639,81.884,81.884,65.243,65.243,52.997,52.997,56.891,56.891,66.967,66.967,76.958,76.958,77.26,77.26,81.271,81.271,82.554,82.554,88.82,88.82,90.004,90.004,94.487,94.487,97.068,97.068,95.544,95.544,97.664,97.664,94.695,94.695,91.858,91.858,98.491,98.491,96.761,96.761,89.389,89.389,84.113,84.113,83.452,83.452,81.294,81.294,77.249,77.249,78.764,78.764,80.327,80.327,80.936,80.936,75.757,75.757,77.061,77.061,76.072,76.072,80.208,80.208,77.531,77.531,77.774,77.774,80.532,80.532,85.721,85.721,95.389,95.389,99.934,99.934,102.15,102.15,101.24,101.24,101.16,101.16,88.011,88.011,81.731,81.731,84.555,84.555,85.378,85.378,88.497,88.497,91.351,91.351,86.485,86.485,85.591,85.591,87.896,87.896,89.742,89.742,87.996,87.996,75.515,75.515,69.748,69.748,71.135,71.135,77.82,77.82,72.962,72.962,71.892,71.892,72.602,72.602,78.916,78.916,80.021,80.021,84.186,84.186,85.636,85.636,88.206,88.206,83.947,83.947,79.13,79.13,78.345,78.345,78.473,78.473,92.016,92.016,102.58,102.58,114.53,114.53,109.13,109.13,109.26,109.26,104.35,104.35,100.93,100.93,102.96,102.96,100.19,100.19,90.348,90.348,90.786,90.786,99.29,99.29,101.41,101.41,100.18,100.18,86.201,86.201,79.923,79.923,79.264,79.264,75.677,75.677,69.903,69.903,60.819,60.819,70.816,70.816,72.498,72.498,61.032,61.032,58.316,58.316,50.233,50.233,52.613,52.613,52.058,52.058,66.371,66.371,75.812,75.812,81.09,81.09,82.232,82.232,81.707,81.707,83.024,83.024,84.35,84.35
-66.5,83.361,83.361,79.953,79.953,81.05,81.05,88.767,88.767,87.208,87.208,96.953,96.953,102.89,102.89,102.4,102.4,101.48,101.48,100.95,100.95,98.04,98.04,94.209,94.209,97.106,97.106,100.16,100.16,99.543,99.543,95.222,95.222,94.398,94.398,96.26,96.26,93.598,93.598,88.281,88.281,94.963,94.963,104.55,104.55,107.05,107.05,107.69,107.69,99.369,99.369,99.868,99.868,111.99,111.99,117.67,117.67,114.12,114.12,109.54,109.54,99.666,99.666,103.37,103.37,101.94,101.94,99.256,99.256,96.124,96.124,87.773,87.773,79.658,79.658,81.328,81.328,90.527,90.527,94.589,94.589,95.699,95.699,105.7,105.7,91.266,91.266,105.36,105.36,103.5,103.5,92.252,92.252,92.145,92.145,94.46,94.46,112.75,112.75,107.21,107.21,111.34,111.34,115.47,115.47,123.74,123.74,115.37,115.37,94.155,94.155,108.3,108.3,115.69,115.69,108.37,108.37,106.96,106.96,100.58,100.58,88.682,88.682,105.03,105.03,117.15,117.15,118.87,118.87,116.57,116.57,122.38,122.38,126.94,126.94,127.96,127.96,124.74,124.74,122.24,122.24,117.8,117.8,108.55,108.55,115.95,115.95,105.84,105.84,102.56,102.56,107.83,107.83,96.162,96.162,99.929,99.929,98.493,98.493,93.268,93.268,90.07,90.07,73.511,73.511,58.274,58.274,66.024,66.024,78.888,78.888,87.459,87.459,92.359,92.359,92.134,92.134,90.048,90.048,91.752,91.752,98.585,98.585,102.09,102.09,99.822,99.822,101.24,101.24,96.477,96.477,91.512,91.512,95.323,95.323,86.271,86.271,77.603,77.603,78.745,78.745,86.321,86.321,86.354,86.354,85.425,85.425,82.477,82.477,78.516,78.516,80.959,80.959,76.771,76.771,73.875,73.875,69.941,69.941,68.198,68.198,69.112,69.112,77.352,77.352,80.207,80.207,81.228,81.228,91.044,91.044,100.67,100.67,97.765,97.765,96.772,96.772,91.119,91.119,85.55,85.55,87.406,87.406,85.904,85.904,80.908,80.908,79.215,79.215,82.261,82.261,84.621,84.621,87.301,87.301,86.33,86.33,85.578,85.578,87.026,87.026,89.661,89.661,86.43,86.43,80.816,80.816,82.744,82.744,86.186,86.186,86.632,86.632,86.869,86.869,100.36,100.36,103.2,103.2,99.196,99.196,96.808,96.808,92.6,92.6,94.131,94.131,87.706,87.706,82.214,82.214,82.828,82.828,78.541,78.541,96.803,96.803,106.13,106.13,113.45,113.45,114.21,114.21,107.91,107.91,99.828,99.828,104.75,104.75,96.304,96.304,86.58,86.58,85.377,85.377,94.116,94.116,96.035,96.035,88.683,88.683,91.753,91.753,88.223,88.223,82.903,82.903,78.201,78.201,74.03,74.03,70.247,70.247,65.868,65.868,75.128,75.128,67.073,67.073,67.672,67.672,63.842,63.842,55.395,55.395,46.721,46.721,54.178,54.178,70.061,70.061,80.87,80.87,83.398,83.398,82.932,82.932,86.014,86.014,86.984,86.984
-65.5,79.035,79.035,77.684,77.684,84.692,84.692,90.239,90.239,85.195,85.195,88.772,88.772,92.598,92.598,97.641,97.641,103.85,103.85,107.91,107.91,104.77,104.77,97.642,97.642,99.973,99.973,100.84,100.84,105.67,105.67,102.33,102.33,101.8,101.8,102.91,102.91,100.24,100.24,95.407,95.407,92.666,92.666,93.196,93.196,94.778,94.778,98.836,98.836,94.492,94.492,91.659,91.659,99.733,99.733,105.37,105.37,92.155,92.155,77.243,77.243,77.725,77.725,105.24,105.24,108.39,108.39,105.54,105.54,99.496,99.496,85.732,85.732,83.035,83.035,93.449,93.449,100.81,100.81,114.37,114.37,106.18,106.18,96.428,96.428,88.795,88.795,80.23,80.23,74.74,74.74,85.854,85.854,95.444,95.444,92.24,92.24,122.84,122.84,111.36,111.36,86.818,86.818,84.93,84.93,115.18,115.18,108.09,108.09,101.01,101.01,106.18,106.18,109.37,109.37,111.07,111.07,102.49,102.49,97.234,97.234,103.45,103.45,107.87,107.87,115.78,115.78,127.11,127.11,120.11,120.11,121.27,121.27,121.25,121.25,123.75,123.75,121.17,121.17,118.42,118.42,115.55,115.55,117.55,117.55,115.92,115.92,110.97,110.97,108.95,108.95,103.36,103.36,104.39,104.39,99.173,99.173,97.474,97.474,99.413,99.413,104.6,104.6,98.947,98.947,88.515,88.515,85.439,85.439,82.317,82.317,78.871,78.871,86.266,86.266,94.741,94.741,94.424,94.424,98.527,98.527,102.73,102.73,101.25,101.25,107.93,107.93,115.32,115.32,100.7,100.7,95.684,95.684,98.132,98.132,94.761,94.761,88.894,88.894,87.707,87.707,90.618,90.618,89.537,89.537,88.933,88.933,88.951,88.951,84.03,84.03,77.238,77.238,76.064,76.064,81.178,81.178,94.784,94.784,87.011,87.011,78.511,78.511,72.559,72.559,77.671,77.671,90.817,90.817,96.858,96.858,104.99,104.99,106.35,106.35,100.35,100.35,89.429,89.429,82.797,82.797,75.049,75.049,71.678,71.678,77.768,77.768,93.656,93.656,77.78,77.78,88.534,88.534,85.624,85.624,77.287,77.287,72.188,72.188,73.429,73.429,82.982,82.982,83.65,83.65,81.44,81.44,84.691,84.691,86.861,86.861,91.872,91.872,92.315,92.315,99.018,99.018,106.82,106.82,109.44,109.44,107.65,107.65,103.81,103.81,104.33,104.33,99.989,99.989,92.656,92.656,81.829,81.829,70.773,70.773,73.883,73.883,101.57,101.57,99.648,99.648,94.241,94.241,91.106,91.106,95.258,95.258,102.1,102.1,87.195,87.195,92.075,92.075,109.1,109.1,109.47,109.47,107.03,107.03,103.43,103.43,101.62,101.62,96.048,96.048,92.109,92.109,89.281,89.281,84.957,84.957,72.24,72.24,69.545,69.545,73.803,73.803,66.064,66.064,72.578,72.578,63.368,63.368,74.421,74.421,74.605,74.605,62.657,62.657,66.319,66.319,80.703,80.703,86.701,86.701,85.135,85.135,84.517,84.517,76.887,76.887
-64.5,83.191,83.191,84.052,84.052,91.065,91.065,100.31,100.31,92.564,92.564,83.804,83.804,78.708,78.708,87.498,87.498,98.175,98.175,110.07,110.07,114.87,114.87,104.8,104.8,100.95,100.95,97.396,97.396,100.29,100.29,105.59,105.59,109.06,109.06,111.8,111.8,111.78,111.78,95.633,95.633,69.546,69.546,68.765,68.765,88.156,88.156,97.096,97.096,100.7,100.7,97.06,97.06,98.663,98.663,98.044,98.044,94.808,94.808,90.559,90.559,87.335,87.335,100.65,100.65,109.88,109.88,106.46,106.46,102.09,102.09,107.02,107.02,108.24,108.24,111.5,111.5,107.04,107.04,110.95,110.95,111.8,111.8,106.39,106.39,100.44,100.44,98.62,98.62,103.22,103.22,105.59,105.59,110.12,110.12,104.49,104.49,98.159,98.159,83.334,83.334,63.902,63.902,86.483,86.483,92.41,92.41,87.748,87.748,101.65,101.65,109.24,109.24,108.25,108.25,110.21,110.21,106.46,106.46,107.96,107.96,106.44,106.44,107.77,107.77,114.89,114.89,113.54,113.54,108.38,108.38,114.96,114.96,123.01,123.01,125.12,125.12,113.32,113.32,111.23,111.23,115.93,115.93,115.59,115.59,116.8,116.8,118.66,118.66,116.75,116.75,117,117,109.47,109.47,103.22,103.22,93.72,93.72,105.19,105.19,105.9,105.9,100.21,100.21,97.166,97.166,99.68,99.68,89.537,89.537,85.646,85.646,85.966,85.966,90.103,90.103,97.182,97.182,103.38,103.38,108.43,108.43,112.78,112.78,112.76,112.76,114.98,114.98,104.01,104.01,99.38,99.38,98.979,98.979,89.957,89.957,83.445,83.445,80.79,80.79,93.713,93.713,96.919,96.919,100.73,100.73,95.9,95.9,98.74,98.74,87.017,87.017,78.334,78.334,70.67,70.67,86.713,86.713,89.393,89.393,90.219,90.219,90.163,90.163,82.33,82.33,92.201,92.201,108.37,108.37,111.22,111.22,111.6,111.6,100.18,100.18,86.714,86.714,72.228,72.228,65.986,65.986,58.927,58.927,67.615,67.615,82.897,82.897,89.561,89.561,88.127,88.127,88.829,88.829,85.481,85.481,73.564,73.564,71.518,71.518,72.395,72.395,82.608,82.608,80.882,80.882,91.735,91.735,92.789,92.789,94.971,94.971,100.94,100.94,103.47,103.47,106,106,108.02,108.02,106.11,106.11,107.16,107.16,105.4,105.4,106.62,106.62,100.37,100.37,85.235,85.235,75.02,75.02,75.54,75.54,77.033,77.033,98.803,98.803,102.84,102.84,86.164,86.164,75.522,75.522,91.352,91.352,88.752,88.752,97.334,97.334,102.24,102.24,101.26,101.26,85.542,85.542,78.128,78.128,80.362,80.362,93.542,93.542,103.51,103.51,103.76,103.76,98.538,98.538,85.069,85.069,72.918,72.918,68.891,68.891,68.983,68.983,71.816,71.816,70.203,70.203,70.214,70.214,70.821,70.821,82.472,82.472,81.199,81.199,76.61,76.61,85.116,85.116,94.748,94.748,92.269,92.269,85.972,85.972
-63.5,94.462,94.462,95.45,95.45,97.303,97.303,91.687,91.687,85.533,85.533,73.573,73.573,74.95,74.95,79.229,79.229,94.058,94.058,109.45,109.45,114.99,114.99,115.1,115.1,103.14,103.14,105.12,105.12,105.88,105.88,108.63,108.63,115.65,115.65,121.66,121.66,113.61,113.61,88.885,88.885,68.874,68.874,78.84,78.84,89.952,89.952,101.52,101.52,105.33,105.33,111.68,111.68,105.26,105.26,105.49,105.49,105.79,105.79,107.76,107.76,109.33,109.33,110.31,110.31,107.82,107.82,104.08,104.08,98.729,98.729,99.742,99.742,100.84,100.84,112.21,112.21,114.54,114.54,114.42,114.42,115.9,115.9,118.24,118.24,120.59,120.59,109.25,109.25,117.64,117.64,121.56,121.56,113.62,113.62,103.59,103.59,75.009,75.009,60.044,60.044,58.47,58.47,68.613,68.613,91.775,91.775,92.659,92.659,101.94,101.94,112.58,112.58,97.592,97.592,95.613,95.613,96.585,96.585,102.12,102.12,107.26,107.26,113.27,113.27,109.86,109.86,104.04,104.04,104.33,104.33,112.14,112.14,114.18,114.18,112.26,112.26,105.53,105.53,108.66,108.66,118.77,118.77,118.7,118.7,112.66,112.66,122.21,122.21,133.85,133.85,123.46,123.46,117.16,117.16,100.89,100.89,97.029,97.029,96.367,96.367,101.83,101.83,94.513,94.513,96.895,96.895,98.97,98.97,97.483,97.483,97.483,97.483,94.181,94.181,88.719,88.719,93.552,93.552,96.763,96.763,102.45,102.45,119.78,119.78,113.88,113.88,113.07,113.07,105.89,105.89,91.62,91.62,95.408,95.408,83.103,83.103,76.642,76.642,87.307,87.307,91.113,91.113,101.05,101.05,98.767,98.767,91.341,91.341,93.576,93.576,92.427,92.427,82.71,82.71,76.792,76.792,81.055,81.055,93.33,93.33,92.092,92.092,105.68,105.68,92.6,92.6,101.18,101.18,114.24,114.24,115.91,115.91,111.54,111.54,100.95,100.95,89.461,89.461,80.509,80.509,73.039,73.039,68.161,68.161,76.722,76.722,77.39,77.39,89.672,89.672,86.396,86.396,84.349,84.349,82.403,82.403,72.627,72.627,64.931,64.931,58.611,58.611,69.599,69.599,79.66,79.66,91.983,91.983,101.64,101.64,101.9,101.9,104.17,104.17,100.5,100.5,101.04,101.04,100.16,100.16,96.53,96.53,95.306,95.306,96.298,96.298,101.7,101.7,106.64,106.64,89.073,89.073,70.051,70.051,62.72,62.72,61.484,61.484,61.933,61.933,98.818,98.818,98.111,98.111,84.319,84.319,78.998,78.998,81.175,81.175,79.019,79.019,77.15,77.15,73.94,73.94,85.527,85.527,83.293,83.293,77.894,77.894,72.55,72.55,76.664,76.664,95.378,95.378,107.88,107.88,104.56,104.56,92.536,92.536,84.608,84.608,67.788,67.788,72.875,72.875,81.154,81.154,80.114,80.114,76.231,76.231,68.858,68.858,67.118,67.118,69.213,69.213,81.118,81.118,89.713,89.713,97.889,97.889,94.713,94.713
-62.5,95.028,95.028,89.899,89.899,75.002,75.002,65.29,65.29,59.938,59.938,67.38,67.38,73.909,73.909,86.439,86.439,100.7,100.7,113.28,113.28,114.55,114.55,112.24,112.24,103.47,103.47,101.07,101.07,105.83,105.83,107.58,107.58,118.25,118.25,123.57,123.57,118.29,118.29,80.641,80.641,78.957,78.957,82.435,82.435,82.735,82.735,93.755,93.755,106.62,106.62,107.89,107.89,113.43,113.43,116.19,116.19,117.57,117.57,116.63,116.63,118.36,118.36,113.5,113.5,115.25,115.25,109.59,109.59,109.21,109.21,111.8,111.8,117.99,117.99,117.51,117.51,117.22,117.22,119.47,119.47,121.59,121.59,122.33,122.33,125.2,125.2,126.73,126.73,121.27,121.27,117.56,117.56,113.1,113.1,110.09,110.09,95.792,95.792,90.463,90.463,73.544,73.544,66.775,66.775,82.301,82.301,89.974,89.974,110.96,110.96,112.8,112.8,103.11,103.11,97.005,97.005,95.937,95.937,106.36,106.36,108.95,108.95,109.27,109.27,99.01,99.01,102.94,102.94,110.3,110.3,105.42,105.42,110.3,110.3,111.68,111.68,108.82,108.82,106.74,106.74,113.44,113.44,123.19,123.19,131.12,131.12,122.56,122.56,123.34,123.34,128.33,128.33,126.32,126.32,118.56,118.56,97.561,97.561,88.078,88.078,94.602,94.602,99.319,99.319,95.36,95.36,94.232,94.232,92.489,92.489,89.124,89.124,89.577,89.577,95.589,95.589,100.23,100.23,92.539,92.539,102.6,102.6,123.68,123.68,124.35,124.35,108.72,108.72,94.078,94.078,84.786,84.786,92.16,92.16,72.621,72.621,84.484,84.484,90.6,90.6,92.746,92.746,102.99,102.99,97.519,97.519,93.368,93.368,96.193,96.193,97.568,97.568,91.376,91.376,84.09,84.09,92.052,92.052,97.455,97.455,103,103,105.58,105.58,105.11,105.11,105.87,105.87,115.4,115.4,118.9,118.9,110.95,110.95,103.46,103.46,87.564,87.564,85.766,85.766,82.044,82.044,68.374,68.374,84.789,84.789,100.09,100.09,105.77,105.77,103,103,101.44,101.44,93.374,93.374,94.127,94.127,82.857,82.857,74.487,74.487,68.117,68.117,71.923,71.923,79.182,79.182,92.332,92.332,99.689,99.689,100.77,100.77,99.114,99.114,96.841,96.841,92.566,92.566,90.157,90.157,98.118,98.118,97.701,97.701,99.847,99.847,109.33,109.33,99.121,99.121,69.169,69.169,61.227,61.227,59.779,59.779,63.661,63.661,84.986,84.986,90.942,90.942,84.559,84.559,83.079,83.079,87.297,87.297,91.717,91.717,99.369,99.369,100.31,100.31,95.339,95.339,99.902,99.902,100.14,100.14,88.594,88.594,63.302,63.302,50.855,50.855,59.195,59.195,74.418,74.418,91.776,91.776,98.092,98.092,96.531,96.531,83.544,83.544,78.852,78.852,95.279,95.279,94.195,94.195,77.686,77.686,74.999,74.999,72.738,72.738,71.806,71.806,83.088,83.088,94.446,94.446,94.037,94.037
-61.5,76.617,76.617,68.265,68.265,65.05,65.05,59.467,59.467,57.924,57.924,65.082,65.082,79.332,79.332,98.031,98.031,108.89,108.89,119.13,119.13,112.94,112.94,107.98,107.98,101.3,101.3,96.212,96.212,103.7,103.7,101.96,101.96,113.94,113.94,117.97,117.97,115.15,115.15,74.08,74.08,82.488,82.488,84.778,84.778,77.303,77.303,91.973,91.973,110.88,110.88,107.03,107.03,118.91,118.91,120.78,120.78,121.45,121.45,125.63,125.63,125.26,125.26,125.49,125.49,125.27,125.27,123.92,123.92,118.82,118.82,118.84,118.84,118.8,118.8,118.97,118.97,118.95,118.95,123.11,123.11,125.59,125.59,125.74,125.74,126.4,126.4,127.92,127.92,121.29,121.29,118.61,118.61,105.22,105.22,103.44,103.44,104.61,104.61,103.66,103.66,98.108,98.108,84.352,84.352,80.236,80.236,93.748,93.748,108.17,108.17,100.72,100.72,102.03,102.03,104.07,104.07,105.94,105.94,108.8,108.8,107.61,107.61,109.98,109.98,109.5,109.5,116.66,116.66,111.48,111.48,100.98,100.98,99.801,99.801,103.93,103.93,104.35,104.35,108.01,108.01,117.86,117.86,123.87,123.87,126.6,126.6,124.92,124.92,121.14,121.14,120.15,120.15,119.38,119.38,119.13,119.13,112.91,112.91,104.4,104.4,87.225,87.225,88.234,88.234,93.625,93.625,92.305,92.305,86.43,86.43,97.134,97.134,105.14,105.14,95.811,95.811,97.293,97.293,98.337,98.337,104.58,104.58,125.23,125.23,129.39,129.39,105.54,105.54,91.155,91.155,85.058,85.058,85.732,85.732,69.07,69.07,93.42,93.42,96.937,96.937,100.25,100.25,97.466,97.466,92.392,92.392,89.505,89.505,86.069,86.069,93.139,93.139,96.334,96.334,98.79,98.79,104.27,104.27,109.33,109.33,105.68,105.68,111.27,111.27,115.81,115.81,112.87,112.87,109.98,109.98,115.23,115.23,107.89,107.89,100.75,100.75,92.012,92.012,84.182,84.182,79.508,79.508,70.288,70.288,81.332,81.332,105.26,105.26,107.28,107.28,114.82,114.82,111.8,111.8,100.67,100.67,87.458,87.458,83.719,83.719,79.101,79.101,76.501,76.501,77.14,77.14,85.642,85.642,87.971,87.971,100.91,100.91,98.721,98.721,100.7,100.7,99.975,99.975,91.356,91.356,92.448,92.448,97.48,97.48,98.062,98.062,110.66,110.66,109.37,109.37,103.04,103.04,79.39,79.39,64.165,64.165,55.045,55.045,56.563,56.563,72.652,72.652,98.346,98.346,108.68,108.68,98.373,98.373,98.08,98.08,106.76,106.76,112.93,112.93,113.57,113.57,114.2,114.2,108.91,108.91,105.46,105.46,96.246,96.246,75.835,75.835,67.957,67.957,71.78,71.78,80.769,80.769,87.817,87.817,75.094,75.094,77.066,77.066,83.559,83.559,93.295,93.295,92.873,92.873,94.581,94.581,97.382,97.382,91.998,91.998,93.221,93.221,83.568,83.568,73.313,73.313,75.433,75.433,74.78,74.78
-60.5,69.819,69.819,70.262,70.262,69.728,69.728,62.215,62.215,68.76,68.76,75.33,75.33,92.904,92.904,108.77,108.77,121.05,121.05,118.94,118.94,110.91,110.91,107.62,107.62,104.05,104.05,94.869,94.869,100.12,100.12,105.54,105.54,113.09,113.09,119.03,119.03,112.32,112.32,79.404,79.404,74.598,74.598,80.085,80.085,80.111,80.111,103.98,103.98,115.68,115.68,118.02,118.02,127.43,127.43,126.43,126.43,127.39,127.39,128.32,128.32,129.3,129.3,125.45,125.45,123.63,123.63,118.38,118.38,117.99,117.99,126.92,126.92,128.31,128.31,127.45,127.45,122,122,119.87,119.87,127.66,127.66,131.42,131.42,133.38,133.38,129.58,129.58,126.97,126.97,124.27,124.27,111.56,111.56,85.397,85.397,79.001,79.001,93.786,93.786,99.341,99.341,91.421,91.421,86.625,86.625,104.12,104.12,108.95,108.95,104.6,104.6,101.69,101.69,101.89,101.89,108.2,108.2,110.34,110.34,112.16,112.16,115.35,115.35,117.54,117.54,111.42,111.42,108.17,108.17,97.107,97.107,79.106,79.106,82.405,82.405,105.9,105.9,108.73,108.73,108.14,108.14,114.11,114.11,118.9,118.9,118.81,118.81,115.77,115.77,120.73,120.73,124.07,124.07,124.04,124.04,120.73,120.73,112.73,112.73,106.36,106.36,87.845,87.845,92.367,92.367,99.805,99.805,101.39,101.39,101.55,101.55,102.72,102.72,98.391,98.391,104.59,104.59,109.84,109.84,107.5,107.5,128.48,128.48,127.34,127.34,100.82,100.82,90.278,90.278,88.318,88.318,88.211,88.211,91.721,91.721,101.43,101.43,85.643,85.643,88.042,88.042,92.597,92.597,88.051,88.051,81.568,81.568,76.413,76.413,81.663,81.663,107.07,107.07,111.96,111.96,109.37,109.37,106.25,106.25,109.65,109.65,114.76,114.76,112.45,112.45,104.71,104.71,106.38,106.38,111.58,111.58,106.93,106.93,101.3,101.3,83.754,83.754,61.459,61.459,64.225,64.225,66.437,66.437,89.366,89.366,101.3,101.3,112.83,112.83,114.08,114.08,113.85,113.85,103.88,103.88,95.443,95.443,92.17,92.17,98.88,98.88,102.93,102.93,92.951,92.951,93.94,93.94,102.31,102.31,95.912,95.912,95.406,95.406,97.236,97.236,109.52,109.52,110.76,110.76,108.35,108.35,107.8,107.8,109.79,109.79,116.42,116.42,115.24,115.24,116.56,116.56,103.53,103.53,76.975,76.975,61.583,61.583,55.144,55.144,57.775,57.775,73.527,73.527,92.753,92.753,106.19,106.19,93.324,93.324,112.29,112.29,122.28,122.28,124.5,124.5,131.89,131.89,124.65,124.65,116.71,116.71,114.74,114.74,99.176,99.176,90.903,90.903,86.514,86.514,82.912,82.912,88.025,88.025,90.904,90.904,102.37,102.37,105.56,105.56,104.28,104.28,107.17,107.17,105.39,105.39,98.413,98.413,93.109,93.109,91.61,91.61,83.582,83.582,73.706,73.706,67.538,67.538,71.091,71.091
-59.5,80.105,80.105,73.742,73.742,63.156,63.156,69.178,69.178,84.485,84.485,90.575,90.575,95.581,95.581,119.56,119.56,122.48,122.48,117.45,117.45,104.74,104.74,106.56,106.56,105.12,105.12,101.93,101.93,100.83,100.83,103.76,103.76,117.32,117.32,113.16,113.16,108.57,108.57,71.081,71.081,68.285,68.285,81.421,81.421,84.494,84.494,104.63,104.63,118.92,118.92,126.76,126.76,130.1,130.1,130.86,130.86,126.03,126.03,122.05,122.05,116.99,116.99,110.61,110.61,109.45,109.45,110.39,110.39,110.5,110.5,97.03,97.03,113.7,113.7,122.95,122.95,125.37,125.37,123.31,123.31,126.52,126.52,134.45,134.45,136.26,136.26,132.38,132.38,132.92,132.92,121.84,121.84,104.24,104.24,93.578,93.578,77.654,77.654,84.04,84.04,83.053,83.053,97.953,97.953,103.64,103.64,113.79,113.79,110.37,110.37,112.65,112.65,102.84,102.84,104.3,104.3,110.88,110.88,109.55,109.55,112.38,112.38,111.06,111.06,107.06,107.06,99.812,99.812,91.631,91.631,88.681,88.681,89.034,89.034,100.15,100.15,117.85,117.85,114.33,114.33,115.23,115.23,111.19,111.19,101.55,101.55,106.76,106.76,114.75,114.75,113.49,113.49,115.79,115.79,119.86,119.86,119.7,119.7,113.94,113.94,115.75,115.75,112.94,112.94,109.42,109.42,112.73,112.73,109.03,109.03,99.016,99.016,90.691,90.691,103.11,103.11,114.45,114.45,120.04,120.04,121.18,121.18,134.65,134.65,124.62,124.62,112.29,112.29,103.01,103.01,93.542,93.542,90.297,90.297,95.876,95.876,86.384,86.384,95.386,95.386,88.116,88.116,88.176,88.176,80.821,80.821,74.999,74.999,64.633,64.633,79.339,79.339,107.7,107.7,113.97,113.97,109.62,109.62,103.51,103.51,107.05,107.05,103.6,103.6,94.408,94.408,94.992,94.992,95.357,95.357,96.422,96.422,99.104,99.104,86.352,86.352,79.837,79.837,65.136,65.136,55.595,55.595,76.292,76.292,91.372,91.372,96.761,96.761,114.82,114.82,116.39,116.39,109.23,109.23,107.87,107.87,110.54,110.54,112.81,112.81,116.37,116.37,111.93,111.93,114.24,114.24,111.8,111.8,109.09,109.09,107.35,107.35,105.48,105.48,108.85,108.85,115.79,115.79,117.97,117.97,118.25,118.25,114.78,114.78,121.64,121.64,127.21,127.21,125.4,125.4,125.11,125.11,114.83,114.83,95.083,95.083,71.929,71.929,62.094,62.094,56.973,56.973,65.896,65.896,84.224,84.224,102.74,102.74,111.29,111.29,109.76,109.76,119.78,119.78,137.44,137.44,132.44,132.44,138.01,138.01,123.89,123.89,118.52,118.52,111.79,111.79,110.31,110.31,100.87,100.87,91.504,91.504,100.46,100.46,102.1,102.1,102.88,102.88,106.7,106.7,112.74,112.74,119.88,119.88,118.58,118.58,106.83,106.83,88.042,88.042,82.163,82.163,69.004,69.004,61.286,61.286,69.394,69.394,82.228,82.228
-58.5,64.264,64.264,66.809,66.809,75.365,75.365,77.878,77.878,80.655,80.655,100.3,100.3,121.11,121.11,130.38,130.38,131.76,131.76,127.24,127.24,109.07,109.07,105.51,105.51,110.09,110.09,90.184,90.184,96.884,96.884,114.28,114.28,124.66,124.66,102.98,102.98,102.96,102.96,85.499,85.499,83.881,83.881,97.384,97.384,91.504,91.504,109.32,109.32,125.28,125.28,135.06,135.06,129.69,129.69,124.75,124.75,114.94,114.94,107.3,107.3,105.39,105.39,112.07,112.07,128.88,128.88,124.28,124.28,110.95,110.95,103.65,103.65,111.2,111.2,121.44,121.44,131.75,131.75,137.74,137.74,135.63,135.63,136.9,136.9,136.34,136.34,143.58,143.58,145.17,145.17,135.38,135.38,107.77,107.77,85.463,85.463,76.343,76.343,81.072,81.072,86.143,86.143,103.96,103.96,118.96,118.96,115.42,115.42,106.03,106.03,106.53,106.53,111.18,111.18,115.63,115.63,111.65,111.65,106.87,106.87,100.62,100.62,96.941,96.941,92.114,92.114,83.835,83.835,93.301,93.301,95.811,95.811,100.5,100.5,113.06,113.06,114.62,114.62,116.99,116.99,116.1,116.1,114.84,114.84,117.8,117.8,122.57,122.57,122.07,122.07,119.72,119.72,119.14,119.14,123.07,123.07,120.84,120.84,122.76,122.76,125.4,125.4,126.05,126.05,123.08,123.08,107.45,107.45,108.13,108.13,108.92,108.92,109.93,109.93,118.51,118.51,127.36,127.36,129.8,129.8,124.51,124.51,135.11,135.11,112.4,112.4,114.66,114.66,100.96,100.96,91.696,91.696,86.649,86.649,84.799,84.799,79.874,79.874,84.265,84.265,94.669,94.669,106.27,106.27,105.58,105.58,97.337,97.337,83.199,83.199,76.744,76.744,78.253,78.253,100.64,100.64,113.75,113.75,108.78,108.78,112.1,112.1,107.93,107.93,93.171,93.171,82.638,82.638,85.277,85.277,79.006,79.006,83.366,83.366,88.182,88.182,69.744,69.744,55.354,55.354,52.35,52.35,64.885,64.885,87.763,87.763,111.58,111.58,120.98,120.98,113.17,113.17,102.47,102.47,110.59,110.59,112.21,112.21,106.2,106.2,92.171,92.171,87.457,87.457,88.458,88.458,93.646,93.646,98.539,98.539,99.145,99.145,101.29,101.29,108.4,108.4,115.83,115.83,120.25,120.25,119.04,119.04,127.04,127.04,127.04,127.04,134.12,134.12,133.32,133.32,132.38,132.38,126.06,126.06,110.69,110.69,84.574,84.574,64.059,64.059,56.103,56.103,67.236,67.236,83.949,83.949,102.06,102.06,118.69,118.69,136.08,136.08,144.67,144.67,146.3,146.3,138.66,138.66,136.43,136.43,123.61,123.61,123.62,123.62,125.33,125.33,128.74,128.74,124.52,124.52,115.14,115.14,125.94,125.94,124.57,124.57,130.86,130.86,127.24,127.24,129.4,129.4,124.16,124.16,118.49,118.49,112.99,112.99,101.82,101.82,86.71,86.71,65.934,65.934,51.225,51.225,57.715,57.715,60.721,60.721
-57.5,46.715,46.715,54.114,54.114,55.593,55.593,66.927,66.927,94.572,94.572,118.02,118.02,130.43,130.43,133.37,133.37,142.61,142.61,126.21,126.21,102.21,102.21,105.53,105.53,98.782,98.782,91.747,91.747,100.74,100.74,122.23,122.23,119.71,119.71,102.98,102.98,110.3,110.3,106.69,106.69,100.95,100.95,101.56,101.56,108.52,108.52,121.1,121.1,132.9,132.9,126.5,126.5,113.52,113.52,117.84,117.84,111.34,111.34,109.3,109.3,117.32,117.32,130.09,130.09,131.97,131.97,122.21,122.21,101.02,101.02,111.83,111.83,119.14,119.14,128.62,128.62,133.85,133.85,136.44,136.44,142.3,142.3,146.57,146.57,150.87,150.87,152.24,152.24,147.28,147.28,138.58,138.58,111.53,111.53,89.66,89.66,72.884,72.884,90.541,90.541,106.02,106.02,110.28,110.28,122.65,122.65,119.79,119.79,118.84,118.84,111.23,111.23,108.58,108.58,104.05,104.05,83.314,83.314,80.345,80.345,73.846,73.846,84.675,84.675,92.181,92.181,99.785,99.785,101.33,101.33,98.91,98.91,108.61,108.61,115.76,115.76,119.87,119.87,117.63,117.63,118.86,118.86,119.49,119.49,119.76,119.76,120.09,120.09,118.52,118.52,116.41,116.41,114.21,114.21,117.83,117.83,125.24,125.24,135.83,135.83,131.7,131.7,131.52,131.52,133.15,133.15,131.36,131.36,118.06,118.06,106.74,106.74,109.8,109.8,116.61,116.61,131.77,131.77,130.12,130.12,117.02,117.02,131.7,131.7,116.86,116.86,105.8,105.8,95.686,95.686,87.535,87.535,81.716,81.716,89.218,89.218,91.041,91.041,101.04,101.04,97.141,97.141,88.224,88.224,99.087,99.087,120.79,120.79,111.83,111.83,89.986,89.986,64.512,64.512,61.396,61.396,85.93,85.93,110.79,110.79,108.59,108.59,102.51,102.51,95.034,95.034,88.554,88.554,74.32,74.32,77.008,77.008,81.413,81.413,73.879,73.879,69.135,69.135,56.236,56.236,51.636,51.636,62.648,62.648,98.087,98.087,128.3,128.3,121.44,121.44,115.8,115.8,101.73,101.73,101.41,101.41,101.72,101.72,94.906,94.906,91.334,91.334,95.368,95.368,97.148,97.148,105.42,105.42,106.28,106.28,108.04,108.04,119.42,119.42,118.98,118.98,125.49,125.49,123.21,123.21,124,124,127.01,127.01,125.57,125.57,131.44,131.44,132.7,132.7,136.89,136.89,133.99,133.99,114.41,114.41,97.032,97.032,74.857,74.857,55.73,55.73,62.797,62.797,86.016,86.016,108.18,108.18,141.25,141.25,145.54,145.54,142.2,142.2,132.3,132.3,128,128,133.15,133.15,135.78,135.78,143.31,143.31,140.22,140.22,142.38,142.38,137.99,137.99,138.76,138.76,144.03,144.03,136.91,136.91,142.7,142.7,138.76,138.76,130.6,130.6,115.61,115.61,105.73,105.73,94.848,94.848,78.985,78.985,65.9,65.9,55.596,55.596,41.238,41.238,42.598,42.598,43.266,43.266
-56.5,41.251,41.251,49.669,49.669,73.157,73.157,96.343,96.343,117.04,117.04,136.73,136.73,138.2,138.2,138.36,138.36,141.92,141.92,128.85,128.85,100,100,115.32,115.32,91.492,91.492,88.61,88.61,115.87,115.87,124.98,124.98,117.75,117.75,88.171,88.171,105.19,105.19,112.86,112.86,105.56,105.56,102.51,102.51,101.18,101.18,116.43,116.43,124.2,124.2,107.21,107.21,109.27,109.27,127.03,127.03,118.81,118.81,119.22,119.22,121.3,121.3,133.07,133.07,107.66,107.66,84.897,84.897,85.74,85.74,110.98,110.98,116.12,116.12,116.83,116.83,124.36,124.36,136.55,136.55,145.18,145.18,152.7,152.7,154.18,154.18,154.73,154.73,146.55,146.55,130.03,130.03,104.45,104.45,80.023,80.023,75.093,75.093,79.345,79.345,110.53,110.53,122.34,122.34,107.4,107.4,104.1,104.1,92.719,92.719,75.857,75.857,79.043,79.043,86.683,86.683,83.404,83.404,77.77,77.77,84.699,84.699,89.974,89.974,93.783,93.783,91.826,91.826,88.856,88.856,104.17,104.17,118.75,118.75,121.21,121.21,122.15,122.15,117.22,117.22,115.91,115.91,118.34,118.34,122.35,122.35,119.33,119.33,118.92,118.92,118.12,118.12,119.07,119.07,117.48,117.48,121.19,121.19,126.44,126.44,131.67,131.67,127.29,127.29,137.99,137.99,140.85,140.85,138.79,138.79,132.19,132.19,119,119,118.88,118.88,119.86,119.86,122.43,122.43,101.32,101.32,121.3,121.3,122.26,122.26,102.96,102.96,101.7,101.7,81.931,81.931,87.203,87.203,102.84,102.84,107.92,107.92,83.765,83.765,65.971,65.971,63.536,63.536,78.045,78.045,99.532,99.532,117.19,117.19,102.85,102.85,77.14,77.14,51.232,51.232,65.851,65.851,104.91,104.91,111.64,111.64,97.967,97.967,92.012,92.012,82.554,82.554,81.841,81.841,68.657,68.657,66.629,66.629,74.765,74.765,69.224,69.224,58.735,58.735,65.761,65.761,85.517,85.517,127.4,127.4,131.19,131.19,124.29,124.29,109.77,109.77,102.83,102.83,98.149,98.149,96.625,96.625,97.338,97.338,103.6,103.6,106.26,106.26,115.51,115.51,116.81,116.81,115.25,115.25,112.34,112.34,107.5,107.5,107.16,107.16,110.23,110.23,110.76,110.76,119.84,119.84,127.09,127.09,132.61,132.61,128.72,128.72,134.62,134.62,134.17,134.17,131.43,131.43,121.54,121.54,97.386,97.386,75.784,75.784,68.78,68.78,55.253,55.253,79.522,79.522,117.75,117.75,132.56,132.56,134.61,134.61,120.83,120.83,111.45,111.45,122.35,122.35,136.04,136.04,147.16,147.16,146.18,146.18,148.31,148.31,146.38,146.38,147.84,147.84,146.42,146.42,139.12,139.12,144.06,144.06,143.04,143.04,134.9,134.9,121.1,121.1,99.903,99.903,85.277,85.277,66.075,66.075,54.957,54.957,48.021,48.021,38.664,38.664,39.491,39.491,40.251,40.251,38.844,38.844
-55.5,40,40,66.72,66.72,91.97,91.97,103.82,103.82,112.62,112.62,127.65,127.65,142.56,142.56,146.12,146.12,152.97,152.97,128.6,128.6,111.6,111.6,105.78,105.78,83.814,83.814,100.03,100.03,119.15,119.15,104.53,104.53,90.357,90.357,70.741,70.741,102.34,102.34,117.68,117.68,102.34,102.34,97.385,97.385,107.21,107.21,109.43,109.43,99.307,99.307,101.27,101.27,125.35,125.35,124.02,124.02,122.35,122.35,105.12,105.12,116.13,116.13,118.79,118.79,75.984,75.984,64.166,64.166,98.011,98.011,116.16,116.16,105.68,105.68,113.3,113.3,122.21,122.21,128.86,128.86,144.56,144.56,154.27,154.27,157.05,157.05,151.72,151.72,136.69,136.69,116.69,116.69,94.064,94.064,89.899,89.899,69.639,69.639,80.679,80.679,108.31,108.31,124.24,124.24,124.38,124.38,120.67,120.67,87.247,87.247,61.347,61.347,75.745,75.745,84.37,84.37,81.839,81.839,83.773,83.773,87.181,87.181,91.514,91.514,83.243,83.243,84.973,84.973,99.952,99.952,116.55,116.55,121.33,121.33,127.54,127.54,122.76,122.76,118.91,118.91,113.81,113.81,122.78,122.78,124.37,124.37,121.01,121.01,118.2,118.2,119.38,119.38,121.18,121.18,118.58,118.58,100.81,100.81,84.328,84.328,86.791,86.791,109.41,109.41,119.5,119.5,131.35,131.35,141.13,141.13,134.67,134.67,123.63,123.63,120.67,120.67,122.26,122.26,111.52,111.52,94.733,94.733,93.949,93.949,108.44,108.44,97.324,97.324,105.32,105.32,99.133,99.133,93.799,93.799,113.59,113.59,106.76,106.76,78.75,78.75,64.015,64.015,62.749,62.749,65.549,65.549,85.284,85.284,101.4,101.4,114.27,114.27,86.068,86.068,60.398,60.398,70.977,70.977,105.11,105.11,96.864,96.864,83.631,83.631,74.059,74.059,66.491,66.491,66.243,66.243,70.819,70.819,87.773,87.773,87.942,87.942,77.516,77.516,73.734,73.734,75.94,75.94,99.39,99.39,133.12,133.12,132.36,132.36,114.3,114.3,101.09,101.09,103.9,103.9,106.35,106.35,111.4,111.4,128.16,128.16,131.88,131.88,128.29,128.29,116.91,116.91,107.09,107.09,102.63,102.63,102.78,102.78,111.96,111.96,114.94,114.94,115.44,115.44,122.95,122.95,127.77,127.77,128.48,128.48,134.22,134.22,143.62,143.62,148.73,148.73,138.1,138.1,117.36,117.36,107.5,107.5,78.56,78.56,72.636,72.636,72.536,72.536,64.362,64.362,76.229,76.229,94.557,94.557,116.16,116.16,109.42,109.42,93.323,93.323,103.77,103.77,116.44,116.44,140.51,140.51,149.08,149.08,145.99,145.99,136.53,136.53,145.05,145.05,142.47,142.47,132.97,132.97,121.83,121.83,128.12,128.12,116.42,116.42,92.537,92.537,78.483,78.483,63.039,63.039,56.795,56.795,49.381,49.381,43.184,43.184,36.991,36.991,37.022,37.022,37.367,37.367,37.876,37.876,36.82,36.82
-54.5,66.681,66.681,86.88,86.88,97.514,97.514,103.65,103.65,120.29,120.29,138.49,138.49,145.1,145.1,148.54,148.54,150.73,150.73,115.77,115.77,94.92,94.92,93.17,93.17,95.704,95.704,113.83,113.83,113.85,113.85,83.002,83.002,77.81,77.81,88.824,88.824,119.01,119.01,109.12,109.12,95.5,95.5,98.6,98.6,113.66,113.66,103.95,103.95,101.39,101.39,116.97,116.97,109.77,109.77,114.38,114.38,117.56,117.56,107.26,107.26,115.39,115.39,107.78,107.78,61.291,61.291,51.459,51.459,106.04,106.04,109.45,109.45,95.289,95.289,109.11,109.11,122.51,122.51,123.13,123.13,141.24,141.24,154.93,154.93,154.47,154.47,139.66,139.66,128.41,128.41,100.51,100.51,86.165,86.165,73.963,73.963,62.802,62.802,87.982,87.982,104.08,104.08,129.29,129.29,124.21,124.21,99.707,99.707,63.887,63.887,65.498,65.498,76.267,76.267,65.988,65.988,77.528,77.528,84.254,84.254,89.616,89.616,97.038,97.038,90.068,90.068,101.17,101.17,113.76,113.76,133.3,133.3,136.31,136.31,134.1,134.1,130.43,130.43,124.09,124.09,121.04,121.04,128.26,128.26,125,125,123.9,123.9,127.86,127.86,122.89,122.89,116.48,116.48,109.53,109.53,82.99,82.99,62.474,62.474,62.343,62.343,78.528,78.528,92.008,92.008,105.95,105.95,122.2,122.2,131.96,131.96,128.35,128.35,120.7,120.7,116.67,116.67,98.623,98.623,103.85,103.85,88.733,88.733,83.029,83.029,79.109,79.109,104.76,104.76,109.68,109.68,108.44,108.44,103.56,103.56,106.46,106.46,84.127,84.127,66.452,66.452,54.728,54.728,56.316,56.316,75.944,75.944,105.1,105.1,124.4,124.4,104.16,104.16,68.406,68.406,58.865,58.865,80.191,80.191,89.42,89.42,71.656,71.656,74.041,74.041,66.153,66.153,69.452,69.452,78.532,78.532,81.106,81.106,72.285,72.285,66.499,66.499,60.651,60.651,78.546,78.546,99.638,99.638,140.11,140.11,123.64,123.64,113.85,113.85,108.6,108.6,110,110,125.24,125.24,138.9,138.9,142.84,142.84,131.35,131.35,113.82,113.82,108.07,108.07,102.45,102.45,111.66,111.66,129.39,129.39,123.84,123.84,118.34,118.34,123.07,123.07,127.96,127.96,125.09,125.09,124.38,124.38,134.57,134.57,145.19,145.19,154.14,154.14,103.82,103.82,80.486,80.486,79.733,79.733,103.19,103.19,84.872,84.872,79.359,79.359,68.345,68.345,79.045,79.045,75.736,75.736,81.696,81.696,90.377,90.377,79.802,79.802,99.309,99.309,126.11,126.11,150.05,150.05,152.09,152.09,146.98,146.98,145.59,145.59,144.7,144.7,119.42,119.42,96.665,96.665,82.062,82.062,76.28,76.28,72.145,72.145,55.21,55.21,52.905,52.905,41.727,41.727,39.373,39.373,40.785,40.785,38.699,38.699,36.897,36.897,35.574,35.574,34.339,34.339,37.388,37.388,51.669,51.669
-53.5,93.547,93.547,103.97,103.97,113.17,113.17,129.58,129.58,138.29,138.29,144.03,144.03,149.42,149.42,151.28,151.28,148.12,148.12,118.27,118.27,97.898,97.898,109.68,109.68,104.45,104.45,125.22,125.22,124.48,124.48,106.96,106.96,80.757,80.757,85.455,85.455,103.73,103.73,103.18,103.18,90.965,90.965,103.35,103.35,123.25,123.25,114.92,114.92,106.28,106.28,126.73,126.73,109.78,109.78,98.623,98.623,110.63,110.63,115.57,115.57,105.25,105.25,113.37,113.37,49.286,49.286,46.696,46.696,92.843,92.843,111.29,111.29,100.52,100.52,111.07,111.07,113.57,113.57,119.67,119.67,135.65,135.65,155.41,155.41,145.99,145.99,125.36,125.36,108.61,108.61,95.423,95.423,99.397,99.397,77.548,77.548,59.404,59.404,76.026,76.026,104.11,104.11,96.52,96.52,75.61,75.61,59.194,59.194,60.153,60.153,67.588,67.588,57.032,57.032,73.343,73.343,82.725,82.725,100.11,100.11,110.39,110.39,102.49,102.49,101.46,101.46,111.43,111.43,140.45,140.45,148.53,148.53,144.81,144.81,135.87,135.87,139.09,139.09,137.9,137.9,134.33,134.33,133.03,133.03,131.57,131.57,129.42,129.42,118.71,118.71,113.46,113.46,106.08,106.08,102.9,102.9,68.668,68.668,59.592,59.592,65.02,65.02,69.985,69.985,78.914,78.914,88.511,88.511,103.76,103.76,119.72,119.72,132.43,132.43,126.62,126.62,119.75,119.75,107.66,107.66,95.386,95.386,89.77,89.77,81.369,81.369,84.766,84.766,108.02,108.02,108.38,108.38,115.68,115.68,97.052,97.052,80.407,80.407,68.501,68.501,61.747,61.747,55.77,55.77,58.409,58.409,68.708,68.708,103.25,103.25,124.41,124.41,118.76,118.76,82.407,82.407,54.033,54.033,57.018,57.018,68.134,68.134,73.75,73.75,80.09,80.09,76.038,76.038,77.091,77.091,68.911,68.911,73.818,73.818,90.555,90.555,94.868,94.868,63.203,63.203,74.513,74.513,105.18,105.18,137.55,137.55,129.19,129.19,110.99,110.99,114.63,114.63,129.38,129.38,145.15,145.15,146.34,146.34,138.46,138.46,124.11,124.11,105.72,105.72,101.46,101.46,106.5,106.5,124.63,124.63,118.65,118.65,120.81,120.81,125.16,125.16,125.45,125.45,121.27,121.27,116.96,116.96,123.96,123.96,140.74,140.74,148.7,148.7,98.055,98.055,72.075,72.075,75.513,75.513,56.275,56.275,62.192,62.192,77.334,77.334,66.911,66.911,66.325,66.325,67.342,67.342,75.188,75.188,73.844,73.844,64.378,64.378,83.718,83.718,99.006,99.006,129.21,129.21,148.29,148.29,144.94,144.94,150.64,150.64,143.58,143.58,131.95,131.95,93.851,93.851,75.548,75.548,58.841,58.841,53.99,53.99,52.62,52.62,42.746,42.746,43.154,43.154,34.685,34.685,40.615,40.615,38.22,38.22,36.447,36.447,34.809,34.809,35.838,35.838,41.03,41.03,64.733,64.733,85.845,85.845
-52.5,131.31,131.31,133.08,133.08,139.74,139.74,151.08,151.08,152.66,152.66,153.89,153.89,162.07,162.07,160.19,160.19,144.74,144.74,124.48,124.48,103.59,103.59,96.383,96.383,107.4,107.4,129.68,129.68,140.77,140.77,121.58,121.58,97.752,97.752,62.456,62.456,75.943,75.943,97.417,97.417,94.694,94.694,102.57,102.57,130.5,130.5,111.19,111.19,118.94,118.94,125.6,125.6,88.746,88.746,79.234,79.234,88.082,88.082,100.56,100.56,110.22,110.22,124.87,124.87,75.171,75.171,59.814,59.814,81.329,81.329,111.43,111.43,113.74,113.74,111.81,111.81,118.12,118.12,118.32,118.32,128.62,128.62,154.28,154.28,132.94,132.94,106.57,106.57,93.545,93.545,88.412,88.412,91.216,91.216,68.326,68.326,60.39,60.39,67.451,67.451,96.085,96.085,95.323,95.323,68.555,68.555,58.718,58.718,57.123,57.123,55.472,55.472,60.635,60.635,80.332,80.332,121.73,121.73,123.92,123.92,119.08,119.08,110.13,110.13,117.39,117.39,145.94,145.94,155.39,155.39,148.15,148.15,136.3,136.3,136.23,136.23,144.83,144.83,148.75,148.75,141.6,141.6,138.12,138.12,138.9,138.9,126.17,126.17,114.02,114.02,104.39,104.39,104.48,104.48,89.658,89.658,71.743,71.743,81.233,81.233,75.082,75.082,74.334,74.334,84.846,84.846,92.337,92.337,101.9,101.9,115.4,115.4,125.93,125.93,129.61,129.61,123.11,123.11,119.63,119.63,95.894,95.894,90.841,90.841,81.2,81.2,89.089,89.089,107.17,107.17,122.96,122.96,125.59,125.59,116.73,116.73,95.193,95.193,84.489,84.489,71.71,71.71,64.829,64.829,74.35,74.35,80.772,80.772,117.34,117.34,134.82,134.82,142.62,142.62,125.3,125.3,78.005,78.005,64.89,64.89,59.673,59.673,77.075,77.075,83.97,83.97,81.102,81.102,78.536,78.536,82.459,82.459,95.241,95.241,93.926,93.926,76.487,76.487,63.802,63.802,87.677,87.677,112.49,112.49,141.47,141.47,123.4,123.4,110.9,110.9,124.85,124.85,137.72,137.72,141.16,141.16,140.43,140.43,139.2,139.2,127.84,127.84,104.92,104.92,119.56,119.56,115.38,115.38,97.74,97.74,99.32,99.32,110.61,110.61,122.59,122.59,130.86,130.86,124.8,124.8,124.27,124.27,133.69,133.69,142.12,142.12,132.98,132.98,79.708,79.708,65.373,65.373,54.393,54.393,47.329,47.329,44.514,44.514,52.329,52.329,62.121,62.121,51.538,51.538,53.965,53.965,63.512,63.512,61.853,61.853,82.054,82.054,103.56,103.56,126.33,126.33,134.6,134.6,136.81,136.81,133.87,133.87,139.81,139.81,130.76,130.76,110.71,110.71,69.637,69.637,64.473,64.473,53.18,53.18,46.8,46.8,39.302,39.302,38.344,38.344,36.568,36.568,41.055,41.055,38.115,38.115,36.229,36.229,36.175,36.175,39.016,39.016,54.666,54.666,73.501,73.501,108.1,108.1,118.04,118.04
-51.5,159.24,159.24,160.24,160.24,164.55,164.55,162.72,162.72,162.95,162.95,161.75,161.75,162.51,162.51,157.83,157.83,140.55,140.55,124.3,124.3,98.671,98.671,88.443,88.443,99.907,99.907,135.17,135.17,155.13,155.13,114.7,114.7,105.81,105.81,69.739,69.739,73.548,73.548,106.57,106.57,107.11,107.11,115.87,115.87,143.09,143.09,125.52,125.52,138.93,138.93,135.14,135.14,73.866,73.866,71.327,71.327,82.487,82.487,91.639,91.639,110.78,110.78,122.15,122.15,122.19,122.19,85.793,85.793,83.182,83.182,105.64,105.64,119.98,119.98,107.05,107.05,114.79,114.79,102.75,102.75,133.02,133.02,147.36,147.36,101.18,101.18,86.395,86.395,78.075,78.075,80.856,80.856,91.787,91.787,57.422,57.422,60.439,60.439,62.381,62.381,76.562,76.562,69.669,69.669,52.406,52.406,52.861,52.861,60.133,60.133,63.396,63.396,79.642,79.642,122.4,122.4,137.14,137.14,138.16,138.16,129.15,129.15,121.29,121.29,148.32,148.32,154.03,154.03,144.46,144.46,134.62,134.62,138.92,138.92,133.25,133.25,133.69,133.69,131.32,131.32,120.1,120.1,108.09,108.09,114.66,114.66,114.28,114.28,112.21,112.21,108.91,108.91,103.45,103.45,83.308,83.308,95.272,95.272,110.71,110.71,102.08,102.08,89.053,89.053,92.821,92.821,100.39,100.39,101.55,101.55,105.66,105.66,114.23,114.23,116.3,116.3,118.35,118.35,120.34,120.34,98.735,98.735,88.255,88.255,78.629,78.629,85.805,85.805,103.47,103.47,113.85,113.85,131.09,131.09,126.7,126.7,110.93,110.93,84.252,84.252,80.658,80.658,82.407,82.407,92.145,92.145,106.55,106.55,115.42,115.42,116.31,116.31,126.23,126.23,131.67,131.67,97.482,97.482,71.822,71.822,68.001,68.001,76.362,76.362,78.707,78.707,75.261,75.261,78.514,78.514,78.63,78.63,78.188,78.188,78.716,78.716,60.809,60.809,49.647,49.647,86.408,86.408,105.53,105.53,123.96,123.96,105.77,105.77,111.91,111.91,125.34,125.34,133,133,142.8,142.8,147.13,147.13,152.74,152.74,138.42,138.42,135.37,135.37,116.27,116.27,84.92,84.92,90.396,90.396,96.549,96.549,102.39,102.39,123.81,123.81,109.27,109.27,93.652,93.652,122.43,122.43,134.36,134.36,126.25,126.25,105.13,105.13,75.521,75.521,52.178,52.178,38.935,38.935,39.53,39.53,58.61,58.61,52.37,52.37,69.624,69.624,55.548,55.548,56.401,56.401,60.903,60.903,99.002,99.002,120.27,120.27,126.36,126.36,127.94,127.94,115.04,115.04,126.78,126.78,128.27,128.27,138.87,138.87,112.35,112.35,72.195,72.195,47.733,47.733,45.132,45.132,41.694,41.694,41.41,41.41,38.526,38.526,35.365,35.365,44.982,44.982,43.226,43.226,40.441,40.441,36.555,36.555,47.058,47.058,71.934,71.934,97.853,97.853,117.75,117.75,138.76,138.76,147.64,147.64
-50.5,169.19,169.19,174.13,174.13,170.81,170.81,165.06,165.06,162.44,162.44,162.03,162.03,154.16,154.16,147.57,147.57,123.24,123.24,106.65,106.65,87.26,87.26,71.896,71.896,88.246,88.246,141.71,141.71,142.8,142.8,119.12,119.12,94.697,94.697,72.399,72.399,84.221,84.221,125.98,125.98,129.94,129.94,130.64,130.64,137.47,137.47,137.77,137.77,160.89,160.89,147.28,147.28,81.546,81.546,62.886,62.886,81.552,81.552,115.41,115.41,105.07,105.07,132.34,132.34,143.53,143.53,148.76,148.76,136.25,136.25,115.61,115.61,113.76,113.76,103.45,103.45,103.25,103.25,112.31,112.31,139.39,139.39,144.88,144.88,108.72,108.72,74.446,74.446,74.202,74.202,68.266,68.266,74.79,74.79,54.781,54.781,58.911,58.911,67.455,67.455,66.6,66.6,49.015,49.015,48.439,48.439,80.756,80.756,90.386,90.386,93.443,93.443,133.26,133.26,144.24,144.24,141.35,141.35,142.57,142.57,133.99,133.99,147.95,147.95,155.58,155.58,146.05,146.05,135.2,135.2,142.6,142.6,138.58,138.58,114.33,114.33,103.06,103.06,110.3,110.3,94.801,94.801,85.324,85.324,91.956,91.956,121.39,121.39,124.97,124.97,110.28,110.28,107.35,107.35,105.04,105.04,109.36,109.36,108.6,108.6,111.64,111.64,103.24,103.24,106.13,106.13,103.02,103.02,86.801,86.801,89.061,89.061,90.977,90.977,84.822,84.822,96.346,96.346,107.63,107.63,104.61,104.61,90.792,90.792,92.88,92.88,103.39,103.39,108.18,108.18,119.31,119.31,132.04,132.04,123.67,123.67,113.92,113.92,102.41,102.41,103.3,103.3,112.8,112.8,120.99,120.99,118.46,118.46,101.66,101.66,102.61,102.61,115.91,115.91,133.63,133.63,124.91,124.91,105.73,105.73,82.903,82.903,71.507,71.507,65.82,65.82,65.505,65.505,70.968,70.968,74.584,74.584,64.522,64.522,54.397,54.397,48.805,48.805,54.963,54.963,86.661,86.661,100.76,100.76,123.83,123.83,112.22,112.22,120.67,120.67,120.27,120.27,132.94,132.94,140.95,140.95,154.87,154.87,171.12,171.12,163.75,163.75,161.27,161.27,133.12,133.12,106.21,106.21,102.25,102.25,107.17,107.17,101.43,101.43,103.24,103.24,71.676,71.676,91.272,91.272,124.75,124.75,105.51,105.51,98.32,98.32,104.92,104.92,66.191,66.191,44.309,44.309,32.939,32.939,38.556,38.556,51.56,51.56,55.41,55.41,66.576,66.576,54.368,54.368,58.473,58.473,90.686,90.686,120.16,120.16,142.72,142.72,134.66,134.66,94.309,94.309,109.34,109.34,119.4,119.4,123.06,123.06,98.443,98.443,70.627,70.627,74.813,74.813,48.326,48.326,46.864,46.864,41.304,41.304,44.077,44.077,38.963,38.963,36.742,36.742,40.164,40.164,49.616,49.616,46.878,46.878,53.181,53.181,82.361,82.361,105.29,105.29,135.97,135.97,148.26,148.26,159.22,159.22,166.1,166.1
-49.5,181.53,181.53,171.79,171.79,163.51,163.51,150.76,150.76,147.2,147.2,147.68,147.68,142.42,142.42,138.32,138.32,110.81,110.81,96.044,96.044,98.258,98.258,84.927,84.927,98.464,98.464,153.52,153.52,135.1,135.1,109.36,109.36,67.17,67.17,52.363,52.363,76.512,76.512,132.94,132.94,142.64,142.64,131.18,131.18,128.48,128.48,135.39,135.39,155.12,155.12,131.24,131.24,100.24,100.24,68.179,68.179,77.06,77.06,107.7,107.7,106.61,106.61,117.62,117.62,149.15,149.15,173.75,173.75,174.61,174.61,151.87,151.87,114.58,114.58,111.1,111.1,99.403,99.403,108.36,108.36,138.2,138.2,155.56,155.56,123.16,123.16,69.808,69.808,81.519,81.519,72.657,72.657,65.055,65.055,43.382,43.382,57.093,57.093,64.732,64.732,55.274,55.274,52.127,52.127,73.083,73.083,124.2,124.2,118.61,118.61,137.02,137.02,158.79,158.79,143.11,143.11,148.3,148.3,146.96,146.96,133.76,133.76,152.39,152.39,152.7,152.7,139.4,139.4,138.23,138.23,134.46,134.46,114.19,114.19,95.196,95.196,86.315,86.315,95.257,95.257,90.759,90.759,88.259,88.259,121.34,121.34,109.03,109.03,112.76,112.76,119.98,119.98,95.45,95.45,102.35,102.35,112.27,112.27,105.49,105.49,107.82,107.82,98.242,98.242,106.92,106.92,109.53,109.53,87.788,87.788,88.064,88.064,79.534,79.534,89.903,89.903,94.129,94.129,104.09,104.09,95.636,95.636,97.339,97.339,98.682,98.682,104.58,104.58,116.61,116.61,125.36,125.36,126.54,126.54,121.72,121.72,121.73,121.73,130.42,130.42,127.67,127.67,132.81,132.81,127.69,127.69,92.386,92.386,77.76,77.76,88.867,88.867,114.29,114.29,109.04,109.04,120.39,120.39,111.17,111.17,80.903,80.903,70.626,70.626,62.599,62.599,68.07,68.07,74.298,74.298,76.6,76.6,68.147,68.147,67.796,67.796,66.289,66.289,86.417,86.417,92.732,92.732,108.12,108.12,113.48,113.48,112.82,112.82,120.95,120.95,113.49,113.49,136.21,136.21,147.16,147.16,155.22,155.22,174.75,174.75,181.14,181.14,168.94,168.94,160.34,160.34,126.1,126.1,115.71,115.71,96.63,96.63,87.852,87.852,87.549,87.549,63.129,63.129,79.028,79.028,111.27,111.27,98.367,98.367,107.14,107.14,104.32,104.32,58.633,58.633,53.217,53.217,35.049,35.049,40.204,40.204,47.144,47.144,55.179,55.179,52.655,52.655,59.89,59.89,86.776,86.776,120.37,120.37,149.87,149.87,129.81,129.81,98.109,98.109,91.98,91.98,115.89,115.89,124.53,124.53,88.454,88.454,63.034,63.034,58.398,58.398,79.697,79.697,66.239,66.239,67.032,67.032,60.438,60.438,53.409,53.409,36.188,36.188,35.887,35.887,44.609,44.609,53.195,53.195,70.671,70.671,94.702,94.702,124.36,124.36,148.03,148.03,152.73,152.73,160.64,160.64,171.64,171.64,177.29,177.29
-48.5,164.73,164.73,146.36,146.36,124.35,124.35,132.02,132.02,139.03,139.03,135.59,135.59,129.33,129.33,116.41,116.41,93.911,93.911,83.097,83.097,107.82,107.82,84.075,84.075,103.31,103.31,166.98,166.98,118.39,118.39,74.584,74.584,62.878,62.878,43.283,43.283,63.363,63.363,145.46,145.46,141.39,141.39,114.46,114.46,103.09,103.09,119.58,119.58,130.08,130.08,133.6,133.6,107.69,107.69,92.996,92.996,81.374,81.374,79.791,79.791,95.158,95.158,106.01,106.01,137.28,137.28,157.18,157.18,177.72,177.72,165.3,165.3,125.61,125.61,108.98,108.98,124.11,124.11,83.221,83.221,152.3,152.3,165.45,165.45,118.51,118.51,79.657,79.657,90.938,90.938,73.393,73.393,55.388,55.388,47.541,47.541,72.52,72.52,73.15,73.15,61.328,61.328,61.616,61.616,108.78,108.78,164.63,164.63,151.18,151.18,161.52,161.52,160.53,160.53,123.7,123.7,151.78,151.78,139.61,139.61,147.31,147.31,146.16,146.16,145.32,145.32,147.41,147.41,135.31,135.31,121.83,121.83,101.18,101.18,97.419,97.419,110.47,110.47,118.69,118.69,114.8,114.8,124.69,124.69,118.52,118.52,109.01,109.01,118.67,118.67,130.12,130.12,113.5,113.5,106.13,106.13,132.67,132.67,136.21,136.21,135.52,135.52,99.265,99.265,106.53,106.53,95.189,95.189,112.21,112.21,108.48,108.48,83.672,83.672,71.238,71.238,84.765,84.765,120.71,120.71,120.92,120.92,126.41,126.41,109.98,109.98,101,101,103.23,103.23,113.11,113.11,120.62,120.62,121.57,121.57,133.68,133.68,142.3,142.3,146.34,146.34,130.22,130.22,98.548,98.548,71.567,71.567,72.726,72.726,88.632,88.632,82.051,82.051,79.981,79.981,81.97,81.97,85.036,85.036,75.476,75.476,66.656,66.656,59.378,59.378,62.119,62.119,72.547,72.547,78.931,78.931,84.176,84.176,84.038,84.038,100.85,100.85,93.439,93.439,93.524,93.524,104.43,104.43,106.46,106.46,108.27,108.27,117.1,117.1,115.24,115.24,135.36,135.36,141.71,141.71,146.69,146.69,167.37,167.37,182.11,182.11,173.18,173.18,161.39,161.39,143.84,143.84,116.21,116.21,96.846,96.846,73.812,73.812,90.4,90.4,62.84,62.84,63.852,63.852,93.571,93.571,105.07,105.07,123.89,123.89,101.77,101.77,53.093,53.093,53.323,53.323,46.155,46.155,40.575,40.575,50.448,50.448,50.829,50.829,48.661,48.661,68.431,68.431,104.79,104.79,139.63,139.63,129.07,129.07,109.25,109.25,119.09,119.09,144.28,144.28,141.53,141.53,110.66,110.66,71.649,71.649,63.662,63.662,44.402,44.402,67.695,67.695,73.403,73.403,59.076,59.076,63.831,63.831,54.677,54.677,36.684,36.684,42.358,42.358,47.99,47.99,80.323,80.323,112.97,112.97,121.76,121.76,140.59,140.59,150.4,150.4,155.28,155.28,164.93,164.93,177.07,177.07,177.99,177.99
-47.5,125.56,125.56,123.37,123.37,121.22,121.22,133.52,133.52,134.47,134.47,134.81,134.81,129.07,129.07,98.525,98.525,81.79,81.79,78.309,78.309,84.282,84.282,94.695,94.695,114.21,114.21,164.39,164.39,133.59,133.59,89.104,89.104,54.285,54.285,66.796,66.796,75.622,75.622,142.74,142.74,126.94,126.94,100.53,100.53,102.3,102.3,107.82,107.82,148.69,148.69,147.24,147.24,124.65,124.65,108.01,108.01,130.85,130.85,93.838,93.838,97.419,97.419,104.3,104.3,127.34,127.34,141.76,141.76,158.63,158.63,168.24,168.24,136.99,136.99,109.47,109.47,128.38,128.38,105.11,105.11,141.89,141.89,166.37,166.37,111.84,111.84,80.331,80.331,102.96,102.96,76.532,76.532,55.778,55.778,55.313,55.313,92.696,92.696,95.729,95.729,73.015,73.015,68.003,68.003,123.03,123.03,201.35,201.35,168.1,168.1,163.46,163.46,134.96,134.96,120.53,120.53,145.69,145.69,141.95,141.95,143.18,143.18,152.03,152.03,153.86,153.86,146.06,146.06,115.54,115.54,119.67,119.67,112.19,112.19,137.99,137.99,128.52,128.52,119.2,119.2,129.07,129.07,118.98,118.98,99.12,99.12,100.37,100.37,117.69,117.69,123.24,123.24,127.07,127.07,126.79,126.79,127.43,127.43,140.98,140.98,149.5,149.5,133.18,133.18,128.16,128.16,131.56,131.56,127.63,127.63,107.45,107.45,110.95,110.95,101.11,101.11,118.39,118.39,156.3,156.3,140.58,140.58,140.25,140.25,124.39,124.39,114.77,114.77,105.76,105.76,87.135,87.135,104.06,104.06,132.73,132.73,148.02,148.02,139.13,139.13,119.21,119.21,82.903,82.903,81.062,81.062,95.049,95.049,98.224,98.224,97.611,97.611,82.26,82.26,73.825,73.825,89.151,89.151,68.806,68.806,65.747,65.747,58.211,58.211,62.954,62.954,68.255,68.255,79.729,79.729,72.339,72.339,79.511,79.511,104.02,104.02,102.49,102.49,81.088,81.088,90.156,90.156,104.94,104.94,91.411,91.411,105.41,105.41,105.41,105.41,106.33,106.33,128.99,128.99,125.89,125.89,142.28,142.28,152.38,152.38,184.86,184.86,179.24,179.24,166.37,166.37,162.55,162.55,124.33,124.33,99.751,99.751,79.771,79.771,70.239,70.239,54.956,54.956,61.419,61.419,71.046,71.046,94.033,94.033,109.84,109.84,79.911,79.911,54.412,54.412,53.98,53.98,52.402,52.402,36.33,36.33,36.22,36.22,40.504,40.504,54.268,54.268,77.786,77.786,113.68,113.68,123.51,123.51,134.6,134.6,150.11,150.11,167.03,167.03,150.6,150.6,124.44,124.44,80.403,80.403,49.245,49.245,51.673,51.673,43.197,43.197,53.434,53.434,61.521,61.521,53.467,53.467,66.077,66.077,80.382,80.382,39.065,39.065,52.368,52.368,80.299,80.299,105.03,105.03,114.9,114.9,123.17,123.17,143.96,143.96,147.41,147.41,162.95,162.95,173.16,173.16,173.72,173.72,143.41,143.41
-46.5,119.78,119.78,127.67,127.67,126.25,126.25,124.55,124.55,123.77,123.77,130.02,130.02,141.37,141.37,108.43,108.43,89.826,89.826,91.306,91.306,66.602,66.602,81.808,81.808,129.14,129.14,155.29,155.29,109.17,109.17,93.171,93.171,60.752,60.752,75.949,75.949,97.556,97.556,135.26,135.26,125.61,125.61,112.38,112.38,98.451,98.451,118.24,118.24,145.17,145.17,153.27,153.27,134.29,134.29,128.85,128.85,143.86,143.86,127.57,127.57,114.66,114.66,115.31,115.31,106.81,106.81,124.71,124.71,153.38,153.38,171.76,171.76,149.35,149.35,110.98,110.98,119.76,119.76,131.06,131.06,106.92,106.92,168.92,168.92,129.33,129.33,90.268,90.268,91.165,91.165,72.923,72.923,58.919,58.919,51.951,51.951,66.403,66.403,75.002,75.002,54.178,54.178,75.83,75.83,144.43,144.43,198.84,198.84,151.97,151.97,139.73,139.73,102.19,102.19,140.45,140.45,139.42,139.42,139.13,139.13,138.09,138.09,166.44,166.44,149.29,149.29,127.84,127.84,106.88,106.88,134.23,134.23,138.82,138.82,130.89,130.89,89.777,89.777,73.294,73.294,114.77,114.77,112.77,112.77,89.991,89.991,102.09,102.09,110.81,110.81,113.5,113.5,114.8,114.8,111.31,111.31,119.4,119.4,143.4,143.4,144.24,144.24,128.2,128.2,137.93,137.93,150.67,150.67,147.94,147.94,137.47,137.47,116.14,116.14,119.1,119.1,116.82,116.82,152.21,152.21,143.73,143.73,114.91,114.91,102.79,102.79,108.96,108.96,85.335,85.335,76.761,76.761,108.18,108.18,123.92,123.92,117.09,117.09,117.15,117.15,88.999,88.999,90.596,90.596,96.259,96.259,113.92,113.92,93.322,93.322,73.525,73.525,63.735,63.735,66.477,66.477,58.312,58.312,62.663,62.663,73.212,73.212,68.37,68.37,66.739,66.739,62.128,62.128,68.983,68.983,75.835,75.835,74.589,74.589,82.736,82.736,66.235,66.235,60.936,60.936,75.244,75.244,96.415,96.415,80.369,80.369,103.46,103.46,101.56,101.56,100.09,100.09,133.64,133.64,137.4,137.4,147.37,147.37,147.51,147.51,183.38,183.38,187.76,187.76,181.62,181.62,171.06,171.06,146.2,146.2,120.67,120.67,87.126,87.126,66.446,66.446,67.797,67.797,76.427,76.427,75.19,75.19,68.678,68.678,102.29,102.29,77.976,77.976,50.1,50.1,53.468,53.468,38.328,38.328,33.563,33.563,40.294,40.294,50.295,50.295,70.396,70.396,93.026,93.026,89.552,89.552,112.04,112.04,137.91,137.91,136.21,136.21,134.46,134.46,126.92,126.92,92.792,92.792,57.682,57.682,45.249,45.249,41.187,41.187,45.019,45.019,61.809,61.809,84.616,84.616,63.103,63.103,67.265,67.265,116.81,116.81,79.197,79.197,103.51,103.51,119.8,119.8,120.56,120.56,107.12,107.12,120.66,120.66,130.17,130.17,149.05,149.05,169,169,168.8,168.8,140.72,140.72,114.07,114.07
-45.5,132.23,132.23,133.06,133.06,132.36,132.36,105.77,105.77,125.98,125.98,139.79,139.79,140.92,140.92,110.28,110.28,87.984,87.984,82.388,82.388,58.536,58.536,116.5,116.5,120.56,120.56,139.24,139.24,107.23,107.23,79.006,79.006,48.799,48.799,55.532,55.532,110.05,110.05,146.5,146.5,134.71,134.71,111.2,111.2,97.506,97.506,119.45,119.45,134.8,134.8,146.53,146.53,124.73,124.73,104.81,104.81,150.02,150.02,153.43,153.43,145.4,145.4,140.2,140.2,136.84,136.84,140.04,140.04,158.21,158.21,184.08,184.08,162.66,162.66,115.34,115.34,96.329,96.329,146.45,146.45,120.39,120.39,149.3,149.3,135.66,135.66,92.774,92.774,82.632,82.632,71.25,71.25,71.065,71.065,58.034,58.034,51.613,51.613,54.163,54.163,64.798,64.798,93.417,93.417,170.18,170.18,187.85,187.85,141.83,141.83,92.886,92.886,102.72,102.72,145.87,145.87,137.37,137.37,119.17,119.17,154.77,154.77,165.05,165.05,150.98,150.98,132.58,132.58,134.06,134.06,157.27,157.27,142.98,142.98,104.69,104.69,57.888,57.888,45.881,45.881,51.496,51.496,48.214,48.214,41.041,41.041,69.134,69.134,67.165,67.165,73.656,73.656,98.514,98.514,116.16,116.16,129.49,129.49,131.99,131.99,116.72,116.72,102.4,102.4,101.11,101.11,81.396,81.396,97.836,97.836,101.38,101.38,118.34,118.34,104.81,104.81,108.09,108.09,117.36,117.36,114.22,114.22,115.53,115.53,109.76,109.76,104.21,104.21,110.57,110.57,113.29,113.29,106.97,106.97,99.248,99.248,100.54,100.54,92.27,92.27,103.58,103.58,107.25,107.25,107.36,107.36,106.65,106.65,86.053,86.053,81.638,81.638,73.229,73.229,71.072,71.072,71.027,71.027,69.281,69.281,70.174,70.174,64.426,64.426,56.941,56.941,72.681,72.681,63.751,63.751,68.402,68.402,71.02,71.02,63.154,63.154,69.712,69.712,77.532,77.532,77.831,77.831,86.129,86.129,84.748,84.748,114.57,114.57,111.19,111.19,108.75,108.75,130.73,130.73,133.05,133.05,127.17,127.17,131.96,131.96,181.25,181.25,191.73,191.73,190.57,190.57,170.34,170.34,150.26,150.26,137.02,137.02,90.61,90.61,80.119,80.119,81.177,81.177,75.679,75.679,66.157,66.157,67.265,67.265,61.875,61.875,110.59,110.59,52.103,52.103,56.854,56.854,44.581,44.581,35.559,35.559,39.996,39.996,62.745,62.745,83.423,83.423,71.568,71.568,75.018,75.018,105.1,105.1,118.94,118.94,139.19,139.19,144.9,144.9,102.89,102.89,79.712,79.712,62.986,62.986,48.728,48.728,43.578,43.578,40.026,40.026,66.689,66.689,83.384,83.384,53.356,53.356,65.287,65.287,126.09,126.09,143.43,143.43,150.73,150.73,152.54,152.54,127.64,127.64,116.41,116.41,123.7,123.7,122.05,122.05,155.76,155.76,162.93,162.93,138.92,138.92,132.1,132.1,89.072,89.072
-44.5,127.09,143.68,144.84,143.26,136.21,115.62,88.11,98.107,106.99,130.96,144.62,148.51,142.06,129.9,109,104.3,97.876,91.886,71.362,56.474,59.226,83.987,116.96,129.13,135.62,148.43,134.11,134,119.86,79.872,65.034,68.106,73.83,61.97,40.383,53.94,93.269,113.22,140.16,147.8,143.97,135.76,124.2,119.98,120.06,115.93,114.72,128.66,125.31,135.94,132.81,140.16,127.89,94.44,98.317,118.1,146.83,161.72,158.33,154.12,153.18,147.09,138.82,131.42,125.07,127.41,135.05,151.82,166.18,169.97,177.38,181.87,165.82,134.85,105.49,91.301,64.573,53.645,100.73,124.64,147.78,136.23,112.14,126.48,124.74,119.37,93.779,89.928,78.517,83.101,78.562,67.383,75.089,80.553,81.704,63.647,61.857,70.229,74.183,80.24,67.148,79.371,111.4,138.22,159.59,174.86,189.86,160.56,125.94,104.84,80.424,63.033,102.12,129.98,143.65,138.73,134.24,112.58,94.892,131.03,174.43,170.73,157.81,162.85,161,160.33,157.67,160.14,165.17,162.69,165.23,163.08,141.71,112.74,77.515,49.791,44,42.598,41.145,38.729,43.878,45.668,49.424,52.217,77.545,58.151,38.661,54.718,46.445,92.978,124.54,129.01,114.27,103.48,101.26,105.77,106.97,113.11,119.26,108.53,82.721,81.041,72.035,74.372,73.977,82.657,76.132,68.184,74.26,60.414,70.892,78.917,61.076,75.589,94.187,88.495,76.667,71.01,66.075,58.455,67.532,86.447,103.65,118.2,121.78,127.32,127.08,124.75,125.49,131.16,135.26,121.59,110.27,114.27,108.14,93.088,80.323,80.343,103.57,112.12,108.01,110.67,117.67,124.28,120.56,121.09,111.95,108.3,111.45,99.603,91.932,86.414,92.794,93.698,98.309,94.267,96.682,97.384,99.333,81.561,64.814,64.021,62.945,57.732,65.502,65.515,58.316,68.36,65.949,64.589,69.891,75.083,77.898,81.015,87.172,91.083,102.67,100.2,94.112,67.935,65.278,63.577,60.582,63.635,71.709,99.558,115.49,126.71,123.64,106.74,104.49,111.19,105.31,119.77,107.45,107.68,117.94,101.77,93.892,129.7,141.02,163.19,198.82,191.61,190.48,189.53,178.6,165.37,166.92,146.11,133.39,143.35,134.92,107.45,99.455,83.783,71.226,78.772,75.29,73.826,68.741,69.431,57.427,63.904,80.752,110.59,159.05,154.01,72.544,56.083,56.156,57.672,64.344,56.636,48.878,34.941,36.616,40.696,63.91,68.495,62.564,54.05,50.747,58.421,73.93,79.866,88.585,117.62,126.44,156.93,167.58,163.99,156.23,152.4,141.07,114.73,100.93,83.663,76.479,91.665,81.158,82.6,73.999,69.029,47.618,40.337,38.094,48.522,55.144,62.167,54.108,43.32,51.661,67.958,98.522,138.72,158.23,150.08,144.59,134.69,142.69,138.11,133.68,116.72,114.15,117.31,103.23,103.34,124.98,156.71,173.53,175.32,156.3,119.22,100.69,92.669,93.229,88.568,92.197,95.229
-43.5,141.51,142.74,143.98,140.24,122.07,94.809,103.48,119.28,125.34,142.2,147.88,167.08,168.9,139.86,120.97,124.99,113.16,90.179,73.722,74.836,93.263,117.48,139.55,151.8,153.76,138.18,139.73,145.23,98.673,72.124,60.161,49.324,43.092,44.899,38.369,55.966,80.443,104.9,139.08,145.64,156.95,150.44,130.74,129.88,122.07,123.26,134.4,128.02,137.62,135.98,116.42,110.86,86.359,71.67,79.093,115.67,131.59,139.16,136.96,137.14,128.19,110.16,103.71,114.8,133.4,147.78,148.88,140.56,134.06,142.43,143.57,169.3,160.56,135.77,111.47,72.497,67.642,56.594,115.6,109.77,135.95,146.07,126.2,114.46,122.29,110.69,97.635,85.112,80.191,82.038,79.067,78.504,73.444,70.896,73.419,70.707,70.989,78.579,77.106,86.642,78.211,70.857,109.56,124.11,138.77,154.11,155.5,143.21,106.8,80.966,63.689,84.854,104.48,119.63,138.71,134.39,114.9,93.321,120.75,154.88,171.32,154.23,170.51,169.76,173.18,169.5,169.68,170.61,169.79,159.42,158.74,159.88,149.33,101.5,53.558,36.797,39.799,41.539,52.39,59.961,57.401,57.108,55.905,48.873,57.335,50.682,34.662,49.717,74.473,67.32,99.239,93.141,110.41,140.62,150.62,134.11,126.81,128.7,130.2,139.42,134.27,135.65,97.816,75.672,76.505,94.456,111.03,90.569,94.239,80.432,89.148,93.065,109.85,98.363,84.345,94.45,113.6,93.848,93.561,77.87,79.651,86.041,88.513,100.46,101.25,123.46,133.31,125.02,120.9,111.63,100.16,98.966,96.76,88.126,80.002,67.057,76.248,106.32,118.19,127.38,129.58,139.73,137.46,133.98,130.94,126.71,126.18,118.79,111.92,106.28,99.724,99.565,98.672,98.734,96.661,101.77,88.815,89.1,82.864,76.964,66.932,67.206,73.168,77.678,69.725,69.937,80.317,95.65,93.474,92.77,91.055,96.535,97.319,104.14,120,108.13,101.6,95.875,75.274,68.588,65.328,65.799,87.027,92.699,112.2,135.85,120.43,117.31,109.35,101.68,106.77,114.9,108.19,115.42,114.37,115.96,104.23,103.71,86.134,122.56,145.72,148.41,171.32,201.2,189.25,190.81,185.12,171.76,157.87,138.82,108.3,135.47,144.87,109.92,83.36,92.09,105.32,114.01,89.223,90.492,74.867,78.787,99.366,101.97,79.901,88.725,130.7,137.62,98.399,59.394,59.314,66.351,72.139,63.014,56.413,41.83,40.242,40.756,43.71,39.54,38.236,41.681,49.137,52.55,64.681,86.278,134.55,148.33,158.48,166.16,174.38,175.36,173.08,154.24,134.73,112.32,97.586,97.214,99.85,102.35,92.881,76.736,77.028,73.78,56.033,44.457,39.139,41.949,49.766,48.866,48.826,57.224,61.677,64.965,86.661,108.93,138.25,148.36,136.05,121.97,122.66,122.25,95.24,89.392,82.767,89.908,112.1,149.55,159.48,171.54,168.93,131.76,85.301,63.985,58.469,53.442,65.598,81.292,95.307,111.18
-42.5,125.82,134.06,142.34,143.93,108.98,86.736,121.67,128.18,152.6,140.53,155.42,170.98,172.67,150.58,118.25,99.797,98.656,66.802,48.4,62.176,76.558,111.65,134.44,145.42,142.32,178.74,170.73,132.92,93.38,59.847,46.213,38.285,56.139,80.336,61.277,61.494,81.066,119.84,138.07,147.44,161.91,159.32,145.5,141.24,131.09,116.16,109.4,94.643,101.03,102.23,98.025,76.447,54.133,46.32,58.343,76.891,82.961,95.266,134.59,131.25,135.3,147.95,152.52,148.61,128.11,103.79,80.813,68.871,87.616,113.87,125.32,151.53,162.96,149,113.47,80.849,72.907,77.941,110.62,117.06,104.06,136.44,124.85,118.92,109.74,105.57,92.164,86.312,80.964,82.42,84.544,89.968,89.275,82.606,73.757,75.208,78.019,88.963,84.131,78.886,81.283,86.202,100.46,111.06,134.54,132.86,128.88,133.43,85.522,53.987,68.602,96.059,85.136,120.06,131.09,98.471,89.699,110.79,150.13,155.92,148.73,157.36,173.91,166.8,175.83,164.76,159.4,163.78,165.32,159.82,158.52,158.38,151.17,122.85,72.961,47.835,45.705,43.147,55.303,57.942,54.219,48.949,44.663,43.377,38.146,36.999,49.121,77.426,98.362,86.368,105.17,124.61,134.53,144.34,137.34,133.77,131.98,136.4,129.38,144.12,160.62,157.74,135.64,109.21,103.14,131.71,152.3,147.66,134.6,101.24,62.301,85.97,81.995,88.511,95.208,106.71,136.03,133.21,120.55,116.31,129.88,112.18,107.55,109.17,105.08,114.23,109.15,102.44,94.701,85.407,79.16,71.009,69.764,81.422,86.946,103.6,131.43,149.54,156.88,158.11,153.38,148.85,145.47,143.45,142.2,152.22,147.83,131.43,120.77,107.12,96.486,93.392,85.886,81.754,76.603,76.406,81.035,88.412,85.965,87.83,93.761,95.389,94.674,86.725,78.382,96.727,103.74,103.03,112.39,119.38,116.89,102.5,98.744,89.448,82.951,72.584,68.519,57.611,55.599,65.447,82.552,99.173,102.96,116.31,149.17,138.79,123.53,111.52,96.481,98.12,111.65,121.59,120.73,105.31,94.996,103.86,92.525,89.889,89.057,103.46,129.13,135.71,159.83,183.29,190.75,186.73,178.77,169.66,158.82,137.65,113.06,121.93,122.59,84.618,83.677,96.319,108.5,116.81,128.03,91.211,92.449,114.56,104.08,74.622,59.438,63.144,82.409,94.542,74.442,58.064,63.681,76.186,72.952,63.18,60.836,49.81,49.375,41.941,41.001,37.662,38.152,44.888,51.321,67.083,98.476,121.52,144.39,163.87,176.32,180.84,184.22,180.88,169.4,153.09,127.34,94.887,82.628,85.779,77.544,92.959,79.536,68.444,67.748,69.651,68.509,61.421,44.986,48.581,47.937,48.132,53.195,69.146,73.017,81.653,91.967,107.35,115.44,139.21,138.01,108.4,92.82,87.619,82.522,87.468,115.43,136.1,155.67,161.73,155.17,139.67,102.54,65.732,55.484,51.051,43.631,41.143,52.808,72.062,84.68,109.16
-41.5,120.73,132.98,138.3,123.89,79.569,106.53,121.55,142.63,148.68,153.66,152.98,157.56,158.89,151.79,120.44,101.49,121.56,83.774,60.93,57.735,64.388,98.302,124.98,133.81,165.33,182.21,147.41,109.72,64.619,45.154,41.047,49.757,76.439,98.488,102.26,93.363,104.43,158.29,132.38,134.12,153.01,151.44,142.83,141.51,145.62,137.75,117.56,116.58,103.67,89.187,78.006,61.462,61.954,95.054,115.53,94.445,91.784,126.61,150.5,131.33,133.64,105.89,93.219,60.889,46.376,49.155,52.85,60.208,66.726,84.227,102.27,131.04,163.75,149.39,125.04,109.14,83.623,75.017,92.523,107.74,100.68,120.15,103.19,107.3,112.62,98.509,92.88,87.486,96.45,90.751,83.28,82.196,82.702,78.743,78.382,73.527,76.688,71.188,75.669,70.418,59.631,79.55,99.242,118.4,119.12,120.15,118.03,92.759,60.641,54.968,88.013,83.174,95.973,118.44,98.275,78.161,95.089,140.78,150.65,142.85,131.1,158.95,156.86,159.14,163.17,157.12,157.92,161.24,163.25,161.51,139.19,144.87,148.6,143.85,122.12,77.09,69.835,55.68,57.342,55.456,53.888,54.483,55.576,48.138,49.704,70.997,82.735,99.606,106.66,77.75,91.644,104.19,90.92,105.69,122.43,117.25,125.59,121.08,97.227,101.18,131.2,131.51,118.25,132.72,151.14,164.16,166.95,162.49,149.3,111.95,49.289,79.163,92.968,83.033,110.56,142.14,149.03,146.17,146.7,142.52,130.77,128.6,117.13,96.857,97.466,112.02,114.48,103.61,90.152,86.74,79.771,78.104,77.606,87.62,119.88,148.75,159.91,173.92,163.13,156.43,167.05,154.66,143.24,134.54,127.14,144.09,144.05,146.25,122.08,126.12,117.18,124.81,114.25,116.08,115.66,103.69,87.657,71.336,73.014,82.161,82.492,84.714,87.807,87.241,83.673,75.381,82.489,84.689,76.271,85.391,92.863,98.664,103.45,114.29,118.74,122.98,130.72,137.16,129.09,115.43,120.27,114.53,83.677,91.874,104.73,118.49,111,119.2,103.61,97.882,111.44,126.02,126.51,108.71,97.387,83.434,85.535,84.831,72.453,85.212,118.94,150.08,165.72,183.31,182.22,169.81,179.01,166.09,151.66,139.21,106.54,122.62,113.38,88.511,97.336,109.89,117.01,110.95,104.4,111.82,93.783,65.761,56.034,51.346,47.179,39.466,81.572,87.789,85.121,66.23,80.77,69.736,76.284,74.533,64.847,49.71,48.772,38.553,37.224,46.712,57.159,73.016,89.916,115.48,135.95,156.45,179.74,190.89,183.48,186.94,181.5,177.88,161.63,139.02,108.7,89.451,60.501,63.478,72.159,65.292,62.749,50.339,40.24,50.925,70.416,64.21,51.639,56.692,75.275,64.677,56.952,65.295,93.694,99.109,112.93,123.99,119.5,111.47,110.82,83.375,78.77,66.525,87.429,133.15,148.3,172.57,162.52,131.27,101.91,66.752,46.421,44.738,42.015,42.657,45.551,38.06,42.178,51.089,74.879,100.8
-40.5,137.4,147.52,144.87,104.22,91.761,114.88,132.24,133.96,140.94,153.18,149.66,141.77,146.48,138.75,130.34,118.1,119.82,121.4,71.051,62.549,48.336,92.613,112.52,137.01,178.95,180.85,138.71,107.73,73.342,54.525,83.185,102.35,110.72,94.505,93.804,82.896,90.186,138.65,140.82,131.92,134.69,144.98,142.93,141.08,114.71,102.56,109.89,86.398,75.042,53.805,59.48,85.681,116.17,131.97,138.09,121.06,118.84,148.54,136.3,107.2,85.88,51.17,45.173,39.601,34.672,33.696,37.234,43.879,60.157,84.242,105.91,132.67,138.24,120.2,123.12,129.8,114.86,92.299,76.701,87.031,108.83,109.94,113.63,107.06,101.1,95.06,92.386,90.738,90.225,88.111,82.121,79.177,72.781,68.258,73.756,85.499,79.549,77.678,65.1,60.092,80.185,90.761,111.17,110.93,123.48,112.08,90.512,71.578,75.11,63.67,74.52,72.185,100.38,88.007,72.351,87.963,122.2,143.9,147.98,125.36,131.89,140.07,153.12,143.46,149.74,144.25,159.51,166.09,165.45,153.73,147.27,151.56,158.45,141.27,111.72,101.07,84.324,98.92,105.27,89.364,69.033,52.664,49.186,44.736,50.331,71.674,87.694,106.36,99.629,80.077,83.509,90.849,88.142,80.371,89.932,103.68,97.172,92.246,83.577,89.818,99.689,112.68,114.05,106.24,112.8,138.73,155.87,147.27,109.75,51.068,66.947,123.91,125.81,75.425,99.689,124.55,163.04,158.01,162.6,162.02,150.46,143.68,124.61,109.09,117.99,114.25,124.17,123.4,130.97,122.11,105.43,99.386,109.63,125.74,153.04,166.59,162.85,169.93,159.91,150.54,146.77,146.8,138.81,122.19,138.33,146.79,162.71,155.12,120.77,109.54,113.85,100.24,89.347,102.95,110.5,99.462,93.014,84.674,83.546,88.313,99.49,106.38,107.66,105.6,96.741,97.225,112.67,117.18,129.49,131.8,134.35,127.31,128.53,113.9,102.81,95.909,88.951,85.094,75.583,74.626,72.778,67.12,65.798,84.596,94.565,115.1,120.87,109.21,96.732,91.519,103.63,105.26,103.6,92.088,88.722,79.768,68.259,59.891,61.166,80.294,122.02,154.52,159.25,181.65,170.17,134.29,147,161.35,126.22,118.86,107.89,115.13,119.08,131.84,114.8,104.7,69.812,100.37,133.43,115.98,60.144,36.912,44.016,52.019,48.478,44.336,86.708,130.46,118.33,70.895,72.856,60.395,61.377,78.728,66.463,62.585,62.221,60.334,52.38,91.953,94.574,114.69,118.6,132.19,165.56,195.73,198.54,195.14,193.93,185.77,180.83,168.54,142.55,129.42,107.02,78.798,61.418,45.231,47.222,49.108,51.775,58.857,37.427,48.333,49.255,53.008,44.146,43.64,55.428,84.083,74.002,92.599,116.48,114.81,114.51,123.57,98.181,80.065,72.251,75.941,96.341,97.566,134.26,160.12,181.22,174.38,120.49,86.458,57.056,42.157,44.381,41.934,38.008,40.779,40.899,35.708,45.316,50.454,85.325,124.66
-39.5,127.01,124.85,99.167,83.155,99.148,113.9,140.29,134.02,141.52,147.08,142,126.98,122.22,122.47,112.97,122.04,111.97,108.65,84.905,95.576,97.35,106.66,84.372,146.67,173,162.08,120.54,81.241,66.313,92.401,93.901,92.59,110.35,117.55,104.09,89.718,75.158,79.596,114.25,139.47,136.84,130.07,112.34,87.969,89.239,90.591,84.965,62.787,50.109,63.658,75.738,109.59,112.73,109.4,101.21,111.12,120.66,104.61,73.159,53.576,49.645,43.665,45.029,49.352,46.938,42.093,46.484,65.831,86.921,102.81,109.63,98.293,113.67,96.603,89.768,104.13,110.3,124.44,133.09,112.72,89.079,79.308,103.02,104.62,106.49,96.051,93.182,88.333,82.338,84.763,87.124,84.205,72.502,75.833,79.047,76.253,75.085,75.239,81.024,88.098,92.457,101.68,122.73,96.404,99.886,89.682,78.681,89.166,57.954,54.809,72.92,91.74,84.385,79.824,82.258,98.4,135.96,142.46,146.93,127.62,110.07,125.06,134.53,126.35,134.51,133.69,162.45,168.91,160.37,148.11,150.27,155.7,159.88,163.19,112.23,86.186,89.807,105.75,122.69,130.38,100.67,75.015,52.237,48.054,46.638,52.648,72.385,78.767,93.437,111.54,104.04,99.82,102.8,100.34,94.059,83.421,116.63,106.3,89.951,133.6,152.3,154.07,154.93,128.73,83.572,82.603,105.59,84.056,53.719,59.064,95.234,82.586,67.94,72.712,75.852,79.985,146.51,156.69,159.37,158.03,161.89,140.1,139.72,125.63,115.9,121.19,139.59,142,138.68,143.34,148.83,169.57,167.16,163.07,170.24,163.56,161.16,150.89,142.31,134.99,136.19,134.94,127.52,146.12,142.49,141.77,140.5,132.62,106.54,99.488,97.128,75.187,80.311,80.147,76.587,71.649,78.012,92.875,102.39,103.3,109.18,113.89,113.44,114.58,118.34,114.36,128.16,122.27,119.09,113.43,98.751,88.766,95.859,85.229,73.546,66.529,76.913,62.912,48.687,59.05,72.924,69.394,78.226,96.026,102.3,96.475,108.27,108.64,96.803,89.491,85.991,79.985,79.757,77.919,77.883,68.228,65.398,64.716,70.674,78.239,112.08,147.5,155.64,164.65,154.57,119.58,131.8,157.09,140.99,110.27,97.944,102.51,109.67,129.83,85.764,78.603,98.381,140.33,121.46,85.542,50.24,46.335,45.385,40.734,53.071,52.046,67.037,101.77,126.87,83.686,64.431,61.419,60.94,60.924,60.683,64.611,65.939,67.568,75.566,113.12,137.4,130.42,124.18,175.89,213.95,211.11,208.09,198.05,184.64,172.68,161.37,147.43,132.18,129.3,110.37,88.908,54.254,40.845,44.545,47.139,58.482,50.388,57.465,46.908,44.994,60.686,45.903,39.793,40.586,58.77,93.03,85.236,78.801,71.446,56.923,54.292,53.652,52.141,77.541,98.493,127.1,161.53,176.79,166.29,145.95,106.84,72.292,52.281,41.333,40.329,40.721,36.047,36.033,36.288,34.796,37.542,40.093,49.15,75.798,99.815
-38.5,44.45,42.527,46.073,95.046,103.26,126.5,136.85,137.25,136.15,144.45,134.7,141.89,116.96,137.02,120.82,87.062,77.871,71.642,71.151,110.68,120.19,87.758,93.557,137.84,162.5,143.96,88.893,69.204,76.519,89.507,110.45,142.9,155.67,128.16,103.26,73.51,57.87,54.721,52.149,52.627,55.624,55.434,64.278,92.003,106.75,102.8,70.66,52.866,61.963,86.823,80.534,80.937,76.101,89.658,79.502,80.803,61.53,47.898,40.473,35.289,45.187,70.059,87.613,72.864,58.861,73.41,100.71,134.86,93.521,97.8,96.474,92.864,96.854,108.98,108.82,84.054,96.432,119.3,121.17,128.92,127.5,121.49,115.99,101.28,90.895,98.602,110.75,113.01,107.86,95.026,94.972,93.834,87.5,81.381,81.246,74.436,92.478,99.494,95.639,97.113,111.36,117.27,99.927,100.18,92.591,60.94,69.42,53.756,51.315,63.859,94.494,95.02,73.079,84.663,85.467,109.99,125.67,133.66,134.54,100.97,93.967,117.64,99.051,120.69,121.22,133.49,172.09,173.13,152.14,144.53,137.46,133.55,135.77,156.08,126.84,82.472,67.885,64.456,71.352,63.619,59.064,64.77,74.803,92.971,88.18,115.09,131.33,86.81,80.242,77.838,100.59,126.9,121.47,109.04,82.976,79.197,80.154,82.952,61.476,93.222,109.47,116.79,107.28,126.33,88.675,76.129,74.959,64.739,62.041,89.333,75.368,69.102,83.813,49.588,42.626,69.554,116.74,148.72,149.28,151.37,148.45,139.43,123.77,138.02,150.2,157.11,144.39,153.91,185.43,195.88,188.92,167.93,179.22,194.61,203.21,199.16,187.09,165.18,143.56,120.9,102.27,110.44,131.65,138.16,147.02,127.93,113.92,118.25,99.966,76.392,75.14,80.101,75.863,81.779,67.395,59.724,60.492,62.326,56.525,53.274,56.801,60.254,65.867,60.521,61.34,74.032,70.201,71.128,72.06,89.683,103.11,112.51,106.48,101.47,102.37,93.927,97.259,107.47,91.219,71.432,81.019,109.43,113.14,109.55,105.21,101.33,95.261,94.249,86.77,70.138,66.603,63.898,60.434,65.792,64.846,67.272,62.897,70.584,71.974,81.209,120.13,142.28,157.81,157.26,127.63,88.941,113.68,146.6,167.26,113.12,84.995,82.804,96.673,111.49,103.68,126.86,126.95,136.38,113.52,77.007,49.553,49.471,50.996,76.924,116.55,55.19,71.969,86.5,72.465,57.654,58.188,61.614,53.572,56.674,56.596,58.426,60.405,67.227,94.768,135.18,142.46,152.8,176.55,207.73,215.8,197.83,197.98,186.51,173.33,162.68,157.82,156.96,159.01,129.77,100.02,66.608,43.718,44.738,39.787,44.159,85.138,68.019,47.293,44.228,51.119,43.223,58.387,44.037,43.98,63.312,83.243,74.084,61.981,49.525,43.317,41.946,51.637,70.408,93.165,143.28,190.01,193.36,156.92,115.53,72.593,52.194,47.263,37.137,37.938,38.169,40.399,40.457,39.564,35.991,40.155,39.238,42.271,42.433,62.774,55.584
-37.5,48.748,39.727,44.879,69.485,84.781,102.29,115.95,102.82,102.9,130.93,137.63,124.07,108.97,108.71,107.36,69.392,56.57,67.486,85.461,78.294,68.333,69.452,98.102,155.72,135.96,89.821,67.865,81.777,99.432,176.31,207.89,215.38,196.25,176.31,138.77,102.26,76.848,49.697,45.178,48.432,63.047,73.684,98.622,101.06,71.749,52.817,49.689,67.378,73.299,76.475,64.627,58.699,65.592,66.506,56.682,54.868,45.379,38.866,42.551,56.722,98.624,76.396,72.038,110.04,101.05,99.309,118.15,92.234,79.441,108.34,82.378,73.143,105.03,103.32,124.62,96.158,79.427,75.001,78.207,86.015,87.7,99.282,96.098,94.594,83.927,85.585,87.375,107.59,114.78,107.06,101.62,93.791,103.95,111.53,107.69,108.24,117.51,121.49,108.42,107.6,109.48,106.55,88.37,88.049,58.997,41.008,44.751,55.034,90.559,97.134,87.687,69.135,80.365,84.583,83.103,91.536,79.895,115.29,103.56,98.487,119.63,78.758,80.782,109.08,114.8,150.63,171.4,151.96,135.44,104.16,77.161,66.197,61.9,84.137,101.09,116.75,72.431,53.096,42.241,48.246,69.605,89.261,101.19,119.63,138.2,153.38,162.11,171.49,164.03,164.93,154.67,149.71,114.59,86.901,58.884,51.777,59.923,59.261,48.696,55.388,81.451,87.715,82.645,90.178,85.18,64.32,72.584,63.22,83.936,70.17,50.726,69.15,66.727,57.792,61.168,115.62,73.328,86.999,137.02,125.57,126.91,129.99,145.6,168.48,167.19,168.15,168.38,156.38,177.91,194.42,167.78,141.47,180.89,211.38,214.45,197.01,195.25,175.53,153.45,131.98,104.66,80.155,99.141,117.67,109.41,95.616,97.197,102.78,71.989,61.353,61.405,50.392,49.166,45.818,46.219,58.312,48.53,39.91,41.914,42.166,50.136,46.7,61.802,79.709,81.12,79.695,104.23,109.88,100.71,115.42,118.03,116.43,107.08,102.38,106.24,77.455,71.779,89.606,91.023,115.39,138.42,151.23,119.87,104.29,98.651,104.08,88.15,78.9,73.423,70.723,56.838,57.447,63.06,58.849,61.172,59.917,64.162,75.292,71.033,85.109,118.99,163.19,146.23,118.79,75.538,78.537,121.68,134.81,151.46,125.59,77.089,80.665,108.52,99.803,79.518,105.29,103.42,114.78,108.15,65.904,62.921,48.95,83.378,122.23,142.66,67.028,75.562,85.566,65.641,65.28,56.838,54.7,56.731,57.247,55.11,64.089,65.13,80.505,111.86,142.85,164.66,179.87,193.07,216.4,206.41,200.45,184.17,159.23,165.71,170,145.95,149.76,140.55,103.16,73.06,68.921,44.891,42.679,38.482,37.016,48.866,43.574,39.862,38.53,38.549,42.369,78.653,62.44,58.06,86.305,97.007,98.774,75.576,56.185,43.472,50.989,88.041,110.17,184.84,209.02,182.56,130.78,90.747,59.709,47.975,41.238,37.055,45.747,45.754,62.445,55.779,43.504,48.681,53.902,70.475,60.005,46.864,49.11,70.672,71.883
-36.5,67.495,59.608,66.144,68.366,68.332,87.879,63.999,78.056,96.512,70.612,86.788,87.459,80.202,90.43,85.745,93.895,71.777,65.281,57.808,49.233,58.498,86.134,113.71,124.81,114.4,137.67,108.19,121.01,190.61,233.98,243.7,256.21,219.21,168.36,138.28,125.43,85.498,84.162,71.877,85.765,102.56,80.645,56.743,46.701,55.803,56.722,72.493,68.393,56.107,53.559,62.9,93.279,115.16,92.49,67.441,61.716,60.505,61.964,84.214,103.17,71.446,59.381,126.88,119.1,100.47,88.669,81.703,67.901,80.747,75.608,71.873,80.91,88.019,89.815,95.443,79.221,78.798,81.643,62.397,71.981,81.12,71.97,71.532,86.477,90.627,94.169,92.709,98.202,106.53,103.68,92.031,103.22,98.318,101.22,117.79,119.05,110.07,97.29,83.128,76.644,79.869,66.254,58.994,50.802,45.749,60.784,67.363,98.471,114.56,86.161,74.034,79.335,72.414,62.508,66.878,67.492,74.554,94.982,95.418,108.23,94.253,51.028,64.56,104.99,123.18,152.86,149.47,125.98,107.61,83.033,65.882,52.315,43.923,55.001,61.935,74.269,50.038,39.982,41.559,52.565,80.665,83.453,105.88,104.89,129.67,178.47,180.33,158.62,171.13,199.01,181.78,156.96,113.42,87.457,76.451,70.767,55.217,55.156,51.97,57.785,65.669,63.482,73.686,87.566,65.699,54.303,62.814,78.718,86.1,80.021,56.778,78.965,79.648,67.33,61.188,91.56,106.1,90.392,113.05,109.36,118.68,130.27,162.57,187.35,198.25,207.22,183.8,141.52,140.14,136.56,121.95,144.94,192.05,216.13,209.17,192.16,185.09,174.62,169.16,121.9,97.824,80.195,78.687,65.592,87.491,97.889,99.095,62.55,47.889,48.798,41.687,42.393,45.921,48.445,56.513,38.037,35.688,35.719,38.255,40.375,46.221,52.095,71.068,78.675,94.265,95.618,120.96,116.04,101.42,100.44,95.356,114.53,115.73,124.5,105.34,101.25,113.12,139.42,147.08,144.95,133.49,110.29,94.343,78.609,98.452,95.047,86.096,71.086,61.142,61.227,62.889,64.52,64.233,64.107,64.382,60.756,60.847,57.667,62.149,106.38,152.33,196.83,143.62,94.65,74.197,100.37,119.21,100.84,103.19,111.61,59.541,67.585,105.19,128.78,105.36,105.2,114.47,78.006,99.614,54.955,53.785,51.201,81.332,92.771,202.41,74.707,41.474,73.551,63.833,58.089,56.944,52.947,53.341,53.327,63.454,73.582,86.738,88.891,125.23,142.71,160.26,189.67,216.19,215.94,204.26,190.9,170.91,138.38,139.08,142.12,123.03,90.169,80.554,73.609,60.713,61.074,50.057,44.338,33.598,33.111,40.854,46.353,36.851,38.287,41.662,43.697,53.651,59.95,54.348,58.305,65.63,65.386,47.58,43.412,53.45,102.29,149.73,188.59,223.35,195.61,114.51,65.701,46.066,46.597,48.745,46.134,52.438,69.936,52.879,48.773,41.378,48.096,71.349,72.45,89.966,58.731,47.917,55.063,77.063,75.898
-35.5,84.467,85.163,99.185,103.82,99.647,85.701,65.554,58.166,83.152,66.216,61.541,80.199,80.277,88.087,92.555,67.997,56.124,53.587,47.75,66.374,112.58,99.069,71.467,87.328,141.63,166.08,129.07,186.39,223.04,215.68,217.42,221.89,182.38,160.74,116.51,77.948,65.179,85.979,117.51,79.599,51.396,38.214,42.674,52.765,50.817,47.785,60.181,47.552,54.981,79.897,120.52,160.94,147.49,115.89,104.93,99.728,104.1,118.35,111.3,79.984,60.391,86.539,131.13,122.23,97.608,67.974,47.988,66.186,80.066,77.799,83.696,80.353,64.769,98.619,103.66,70.783,74.024,86.177,79.076,60.806,70.164,77.493,67.807,83.014,83.442,81.866,93.949,105.32,104.77,110.24,108.62,116.7,118.97,123.75,113.58,95.581,83.687,75.398,59.288,56.603,51.653,57.171,47.436,65.149,120.32,106.29,114.76,138.37,99.716,57.516,56.9,52.846,48.703,48.826,55.266,60.324,76.684,83.057,77.627,95.233,60.622,41.765,59.331,81.758,112.65,151.64,128.7,99.228,89.488,77.598,62.531,49.122,45.651,49.949,44.354,38.86,42.883,53.147,52.488,68.519,78.667,77.749,98.948,107.55,110.47,148.08,205.59,175.87,176.24,204.52,200.82,197.39,160,116.36,99.563,80.571,65.581,67.168,61.71,59.118,56.869,78.071,98.811,51.575,53.412,76.877,74.631,77.371,75.089,62.556,88.543,82.625,49.834,69.354,77.155,88.836,87.383,89.577,96.339,101.1,125.44,135.58,156.44,198.23,205.59,189.96,131.98,87.948,74.885,112.33,125.38,153.85,188.22,216.35,202.2,187.52,176.38,156.86,144.56,100.72,89.248,60.016,66.073,58.279,90.65,76.04,50.224,41.254,41.848,57.076,59.654,43.995,47.816,50.832,41.494,39.15,39.358,44.055,40.469,40.043,48.763,52.168,67.82,114.48,103.12,115.05,108.13,108.13,105.83,100.39,126.37,138.93,133.06,135.92,145.28,150.05,151.06,140.47,121.45,87.107,81.574,81.713,90.046,91.128,103.43,98.505,92.766,85.91,74.306,69.673,67.598,70.451,68.511,67.785,58.284,60.671,65.638,73.592,101.56,145.98,198.59,180.92,129.94,94.912,71.71,85.55,95.56,93.372,107.01,121.76,61.592,49.191,87.841,125.1,131.83,113.13,114.02,90.902,84.854,59.606,69.656,81.332,109.01,140.34,153.26,61.939,54.81,58.899,56.454,55.855,56.977,54.872,47.131,50.721,61.149,74.232,87.636,109.72,143.2,155.94,169.93,198.25,228.3,220.61,197.4,157.06,138.35,103.06,98.195,96.374,78.277,58.614,46.02,41.077,40.254,47.413,39.416,39.519,35.073,38.129,34.669,43.382,49.177,47.623,44.434,44.135,51.595,52.393,45.242,54.327,71.027,51.017,50.972,85.628,135.37,185.52,203.73,214.71,197.6,125.78,72.046,46.869,52.445,83.46,78.63,61.747,63.072,51.914,47.884,37.815,41.161,102.96,107.92,97.344,62.521,64.91,106.9,98.053,66.556,77.729
-34.5,56.057,77.408,96.648,48.468,73.57,106.41,72.679,75.849,67.686,76.466,60.282,68.557,76.674,65.311,52.934,56.02,54.03,54.879,80.505,143.51,152.63,111.39,74.628,83.025,108.64,155.24,170.13,182.61,165.26,156.59,133.67,135.43,113.61,103.7,79.38,75.81,79.532,81.213,55.164,43.456,45.972,50.298,56.36,49.612,40.521,46.11,52.721,88.985,123.5,139.05,133.73,133.49,152.27,148.75,140.61,138.19,138.14,148.91,129.93,94.871,67.285,109.63,120.43,88.955,82.755,97.544,87.337,84.743,72.731,67.452,70.649,74.216,83.551,90.923,65.684,68.939,89.527,75.579,96.826,80.989,83.167,86.103,86.491,75.068,86.649,94.284,87.401,80.062,84.092,88.068,95.182,99.406,91.3,77.133,67.936,60.493,59.996,56.59,50.945,51.924,44.81,44.43,78.837,113.1,138.81,128.19,88.167,67.673,49.44,42.172,42.128,40.873,47.314,59.069,49.92,60.084,81.788,81.68,85.672,67.495,43.247,38.96,45.569,66.17,89.571,133.72,123.81,83.153,70.502,76.867,69.18,49.471,41.07,36.479,35.214,49.745,41.881,52.749,61.867,77.61,76.92,76.306,92.981,102.73,96.485,121.36,182.77,179.41,196.1,191.76,224,230.71,215.2,180.55,132.88,126.74,85.961,73.298,92.112,101.5,99.803,77.265,66.957,49.801,64.202,63.316,72.244,72.352,74.204,70.51,80.304,41.619,51.606,62.33,94.986,106.75,94.764,95.263,112.37,113.8,106.51,123.48,126.95,168.61,195.25,166.28,108.84,89.486,69.202,115.89,141.32,133.99,194.91,215.89,203.16,192.88,145.76,98.395,106.86,64.321,48.439,47.604,50.172,49.905,47.482,47.557,50.767,38.696,49.721,66.63,60.212,46.978,44.742,46.441,44.642,49.554,51.204,49.074,45.254,52.911,54.58,51.687,63.15,95.995,102.66,112.18,113.82,108.15,107.66,120.24,138.14,147.4,139.61,147.15,158.21,160.97,153.52,129.09,107.72,97.219,79.966,80.601,89.735,90.022,77.745,82.088,90.791,75.295,70.219,62.467,61.762,58.375,77.42,80.345,87.569,88.268,106.12,131.14,151.77,182.04,182.5,128.03,115.58,72.045,66.567,62.823,58.501,84.396,99.643,114.47,85.114,44.698,56.785,103.45,125.7,106.96,98.052,88.525,76.434,64.387,67.896,83.156,103.3,136.24,76.423,66.533,52.013,41.102,55.841,63.118,90.238,59.825,48.193,54.477,73.055,68.854,89.775,129.23,144.45,166.65,177.85,213.77,228.87,195.81,163.61,128.21,93.932,53.12,54.674,65.652,87.836,62.36,40.698,44.785,39.933,36.391,37.62,49.079,50.511,40.076,41.175,40.542,42.837,44.551,41.636,43.491,45.322,47.386,40.411,49.033,53.803,58.589,83.028,131.56,193.2,212.32,224.98,203.9,160.63,84.842,43.917,50.546,88.198,117,68.937,53.269,51.111,50.085,46.075,71.84,103.53,122.05,157.22,99.861,60.658,70.672,81.766,118.12,70.42,59.574
-33.5,86.988,95.097,87.398,75.404,99.541,111.19,55.21,63.673,76.629,66.426,47.949,50.708,63.372,57.942,51.199,61.999,59.91,51.539,57.812,75.77,86.515,91.841,119.42,139.47,136.22,143.02,157.38,168.26,176.11,155.32,131.92,102.94,67.256,53.697,53.375,73.476,52.636,39.165,52.463,89.324,72.147,47.931,51.445,59.33,66.344,75.314,61.948,73.587,104.1,104.86,120.28,95.022,73.65,94.543,103.78,125.61,114.4,99.348,85.19,73.438,72.001,57.672,72.052,89.356,81.685,72.812,74.573,66.192,70.449,74.699,62.603,56.723,66.172,75.842,54.954,82.965,101.09,79.441,84.314,74.315,85.582,61.644,67.462,81.784,67.305,67.214,73.916,73.223,68.747,66.885,66.737,75.124,70.226,65.679,54.097,50.671,55.506,54.067,49.181,43.188,42.977,53.565,96.876,113.83,81.662,58.37,43.418,41.103,40.254,43.86,39.594,40.005,41.313,47.972,64.616,74.339,72.582,86.422,80.714,70.006,59.588,61.922,61.238,58.109,75.037,102.79,106.49,70.828,65.363,81.779,58.727,42.063,35.605,38.818,71.429,86.034,77.433,70.622,88.41,98.93,88.031,95.089,107.59,106.31,108.79,111.29,148.08,158.37,169.26,174.65,210.01,236.77,251,222.13,191.45,154.25,105.8,76.916,72.9,76.823,64.399,65.955,71.634,63.749,65.245,56.434,56.791,63.19,69.422,48.548,41.272,54.574,69.681,95.334,90.115,93.87,90.345,93.66,88.359,98.841,81.416,94.704,92.771,114.91,121.86,107.47,99.343,71.428,66.367,101.5,110.77,139.15,187.99,207.11,191.49,158.34,113.18,81.713,88.185,55.343,41.706,45.857,43.182,68.948,53.431,38.843,39.814,46.17,48.569,46.543,42.979,45.569,53.776,72.616,93.018,107.24,97.049,80.923,83.825,91.08,83.019,80.599,78.536,95.571,82.412,75.751,80.053,102.81,92.304,77.946,95.046,126.74,132.79,152.23,157.82,148.7,132.95,142.74,121.17,79.298,76.32,78.5,83.334,84.681,85.042,72.566,83.759,86.739,78.719,78.335,90.489,116.16,124.43,127.27,122.22,134.12,143.4,153.09,159.09,141.95,103.88,94.267,85.093,52.772,67.484,45.571,42.056,54.926,110.23,110.42,97.211,68.2,52.279,68.264,70.718,70.979,76.87,75.851,81.397,93.28,95.383,109.14,114.26,85.437,55.515,48.955,39.653,37.805,47.814,62.404,120.13,71.41,52.172,54.791,60.529,77.863,126.23,173.98,154.72,161.52,200.21,236.62,213.19,174.39,148.37,110.55,74.614,50.485,37.128,58.686,85.863,45.039,40.465,44.015,39.722,37.67,42.299,42.142,39.869,37.514,39.828,42.349,41.539,45.605,40.477,42.739,43.53,45.002,41.376,41.222,43.734,79.4,137.06,201.79,223.73,235.34,201.28,117.5,88.156,58.55,40.825,63.796,102.16,103.17,51.637,40.147,41.881,46.352,54.152,98.8,70.308,82.644,119.81,114.22,103.51,76.992,109.04,134.69,132.63,96.728
-32.5,137,130.93,114.29,89.07,105.94,93.503,62.933,96.039,82.256,77.451,55.733,65.258,76.615,83.444,92.148,103.48,61.404,39.807,57.726,64.298,62.494,60.114,65.512,76.079,118.21,150.77,186.32,208.19,192.44,154.41,100.47,67.184,61.516,46.025,40.737,40.727,37.762,37.413,57.901,88.246,55.934,51.074,66.522,56.413,80.07,115.44,79.691,76.042,69.793,85.692,81.178,71.779,69.895,100.75,109.05,125.53,117.07,78.048,50.883,48.356,51.288,62.855,48.34,61.141,72.828,74.336,59.982,58.232,67.045,82.657,68.959,61.314,64.094,67.921,64.101,71.136,81.428,100.94,97.09,83.466,80.015,86.815,74.186,77.784,74.302,70.21,79.827,72.583,65.191,60.397,63.511,61.45,56.42,69.476,96.321,101.89,83.025,56.092,35.328,38.138,51.468,102.22,90.378,46.38,38.163,40.979,39.864,39.403,55.762,48.265,38.356,45.216,44.381,52.576,64.388,61.312,61.007,76.398,76.556,65.713,64.965,63.9,54.994,57.31,64.959,78.403,76.848,72.943,84.108,69.695,42.186,35.543,35.902,69.244,106.66,108.84,126.54,126.72,114.42,116.57,137.22,132.09,119.92,113.64,107.89,112.36,141.96,149.7,162.81,165.91,181.27,183.75,229.4,216.71,216.75,204.76,133.33,93.186,65.111,63.48,66.42,77.517,64.34,59.004,80.344,73.848,65.558,59.317,50.639,46.155,78.094,80.86,67.795,76.688,69.159,70.482,86.287,95.937,96.468,75.153,74.845,82.207,87.012,85.09,88.035,84.235,74.17,66.137,63.722,87.909,114.06,145.68,183.3,186.75,161.65,121.39,89.866,71.797,69.412,64.28,54.301,49.789,75.744,62.39,52.487,50.643,46.586,54.538,53.651,50.987,78.07,85.362,103.35,126.03,139.05,134.97,133.77,121.9,125.25,134.35,134.24,134.94,122.43,105.2,74.005,67.925,66.433,89.712,99.124,102.12,80.312,83.129,87.89,107.4,106.62,97.602,97.353,106.6,94.485,83.033,80.179,77.204,88.496,105.87,85.538,93.783,96.252,76.982,85.04,121.5,135.01,143.03,146.76,169.18,175.62,185.16,169.54,154.76,120.38,88.082,96.366,83.247,85.657,54.716,46.243,35.139,37.877,38.754,71.725,115.98,120.3,103.78,85.101,78.387,81.286,92.872,77.045,108.94,126.77,111.16,90.256,67.465,61.519,41.567,39.239,40.107,36.723,34.991,43.557,59.11,79.637,116.79,69.616,57.01,60.417,80.391,122.9,172.34,173.75,191.64,228.88,245.62,218.09,166.14,130.5,109.71,67.903,55.952,40.572,60.751,79.906,63.836,50.746,39.818,39.28,43.02,44.035,46.731,40.378,38.417,39.854,40.854,40.267,44.51,42.429,41.236,43.983,44.613,51.129,65.812,83.019,139.5,194.04,207.54,201.83,169.42,88.081,57.299,55.315,49.88,60.019,83.081,89.14,75.949,48.033,40.914,49.84,60.131,97.323,103.33,68.454,68.248,95.649,98.521,110.83,124.1,127.14,155.2,139.12,139.93
-31.5,154.8,141.15,126.44,125.27,113.8,76.96,99.692,108.45,107.33,98.644,103.69,115.63,128.1,136.4,132.39,83.719,45.852,42.357,66.26,62.651,64.632,67.289,82.17,129.09,167.58,180.69,205.82,220.35,196.24,144.82,87.277,58.867,49.047,46.377,48.983,44.5,42.54,48.411,63.074,55.379,47.2,49.128,42.098,43.249,144.88,230.59,167.17,101.13,65.78,67.554,71.592,66.377,52.063,58.629,73.871,92.755,83.138,59.044,46.006,41.125,41.416,61.827,64.314,72.453,61.293,56.107,59.688,70.403,86.799,104.6,103.39,78.336,75.463,70.818,68.471,80.411,89.272,89.753,88.514,86.536,71.376,76.661,69.036,76.423,84.041,81.178,71.334,69.291,60.174,58.543,52.184,51.278,81.975,136.62,157.82,139.03,81.028,49.172,63.869,78.388,107.69,61.846,40.901,37.898,37.757,42.033,39.825,48.823,49.993,42.322,51.111,42.23,44.134,53.498,54.077,51.104,65.671,83.359,82.29,61.556,54.737,61.114,58.478,60.161,73.538,87.276,89.026,82.684,81.094,70.36,60.5,76.059,99.648,109.43,119.55,120.95,146.63,140.02,157.22,167.98,162.88,156.38,145.05,139.87,128.51,126.45,134.04,148.81,151.11,146.81,130.16,138.45,177.16,172.24,240.67,242.18,208.68,132.09,103.95,89.201,92.22,100.5,70.278,60.747,72.899,68.86,55.35,82.654,90.15,77.594,64.136,63.375,65.17,58.931,59.839,76.157,85.329,86.242,91.058,87.106,67.767,66.016,69.346,63.661,61.863,70.472,77.843,76.183,67.055,86.493,131.29,147.99,149.68,179.95,165.26,134.31,110.41,84.671,49.97,74.198,70.541,70.902,54.074,53.468,60.397,44.709,50.225,68.194,89.494,108.27,122.02,121.43,126.11,137.1,139.2,144.17,153.02,148.37,154.8,178.45,189.62,179.24,177.49,162.23,89.381,64.79,66.376,87.399,56.835,55.623,58.821,68.67,68.281,67.288,96.089,78.101,66.358,95.284,103.18,88.148,67.843,70.088,89.692,89.204,90.925,71.462,78.177,95.304,139.62,174.52,181.43,189.53,182.81,184.92,183.9,192.03,152.07,105.25,77.989,70.582,73.26,69.705,85.072,63.424,38.174,38.637,42.292,35.469,37.213,54.785,81.308,96.225,126.42,112.65,100.71,95.603,81.555,64.644,62.029,49.023,48.147,43.434,37.73,42.313,39.061,41.674,39.021,33.638,47.321,73.264,72.535,113.39,102.9,86.076,90.882,103.91,112.59,155.57,201.07,227.54,250.32,246.35,197.94,153.94,112.02,81.326,66.261,67.489,52.868,54.418,101.78,103.11,84.918,81.085,70.681,48.978,47.63,58.592,60.204,51.025,47.888,45.291,59.492,61.424,58.537,65.575,55.367,54.222,87.687,117.08,155.05,190.45,187.89,173.85,153.41,72.586,58.122,85.059,67.374,68.084,87.93,47.668,56.773,43.678,42.375,47.566,56.706,88.418,64.278,62.974,99.633,90.701,83.938,88.477,121.32,110.73,138.23,151.01,146.96,151.07
-30.5,108.13,125.89,153.28,155.65,140.93,134.12,155.42,154.11,148.15,140.56,141.54,156.73,147.77,134.85,91.242,60.09,38.748,55.304,70.309,69.281,76.681,86.24,120.59,157.03,176.97,207.94,223.77,232.93,183,134.71,92.881,49.973,46.194,43.631,46.062,43.485,41.738,50.51,53.466,43.584,39.728,40.798,38.896,43.626,169.48,219.87,150.93,87.279,71.999,71.576,59.345,51.015,51.685,46.921,57.294,99.303,58.846,53.39,49.002,46.37,40.585,51.303,46.483,52.995,50.528,48.276,73.935,72.637,66.848,81.529,98.632,110.35,97.933,67.629,89.677,89.438,72.139,71.949,62.308,64.502,70.811,89.773,80.85,70.482,55.597,56.672,76.67,93.82,79.083,80.905,66.413,78.534,130.4,155.93,156.62,100.79,50.561,64.746,114.77,109.45,60.864,42.263,39.611,43.049,55.204,60.255,54.676,54.81,44.566,59.513,53.649,42.211,40.636,39.422,36.747,61.568,74.709,84.572,71.873,56.843,55.908,60.63,59.924,70.314,66.3,82.778,95.445,103.58,99.326,102.3,103.83,118.81,125.06,139.07,136.1,148,148.23,171.77,173.04,178.41,181.07,168.18,145.64,134.68,114.86,107.78,117.51,130.68,128.07,111.07,100.75,124.15,162.38,124.75,216.81,254.22,213.57,162.24,142.04,109.75,96.585,90.909,72.279,91.416,94.356,82.552,93.271,93.277,78.688,79.543,83.417,75.494,77.304,78.441,73.729,66.285,70.122,77.336,64.643,72.39,68.507,63.252,57.399,55.362,63.531,68.916,67.323,72.781,78.936,112.07,158.47,142.66,139.25,169.31,173.46,139.95,112.2,107.84,58.422,55.596,50.61,88.653,62.239,57.449,67.034,48.238,69.057,114.42,126.79,126.45,111.89,108.62,127.04,124.45,120.46,101.35,119.08,136.22,145.88,158.19,153.69,173.83,183.14,169.9,110.97,67.736,68.292,66.753,51.669,47.794,64.202,73.822,65.632,67.903,80.1,72.734,97.172,78.59,102.93,101.68,88.206,83.565,86.1,64.761,70.88,63.408,106.85,175,222,221.47,205.22,198.18,184.83,183.49,172.6,126.2,83.525,67.026,62.762,70.862,52.736,65.054,100.71,74.334,36.784,37.281,43.038,39.997,38.759,36.171,36.795,41.238,49.551,70.682,64.104,38.935,37.762,40.136,43.291,43.496,46.444,45.39,41.022,39.491,39.217,38.5,38.195,33.554,49.592,71.381,80.483,99.826,104.48,87.466,89.694,110.49,159.16,213.01,242.41,252.39,251.97,195,166.03,115.87,104.3,78.709,75.623,69.456,78.264,56.633,83.568,107.73,102.67,140,161.05,131.97,108.96,112.71,113,122.84,138.3,144.62,159.75,150.82,121.45,115.5,108.19,121.21,131.81,142.82,184.03,131.09,114.03,71.061,50.361,42.003,76.526,75.266,45.548,52.819,40.347,40.39,41.179,57.611,52.132,41.614,52.269,102.42,76.16,55.845,64.347,71.282,103.66,127.57,111.32,89.513,107.54,120.28,148.83,135.28
-29.5,147.44,150.87,160.95,164.63,173.54,178.89,178.97,175.37,167.38,160.82,155.43,139.5,132.29,112.58,79.057,51.898,42.886,78.121,86.33,89.056,92.878,125.18,162.12,163.67,194.24,178.8,182.96,192.34,165.19,134.63,74.85,47.876,43.16,42.562,43.233,39.885,42.643,47.883,52.936,47.917,45.271,37.01,40.755,56.477,118.38,114.61,82.898,68.505,59.046,40.157,45.641,49.58,52.719,71.061,107.78,86.725,46.883,44.043,43.92,44.265,48.674,53.869,50.124,56.743,71.107,65.572,59.02,54.101,58.068,63.865,63.529,74.651,81.695,92.108,102.19,81.316,82.905,89.855,73.006,95.946,140.8,148.39,128.18,80.086,76.85,78.221,109.89,123.01,161.32,165.1,125.69,100.1,103.28,83.142,86.926,83.887,60.224,104.62,81.2,49.314,44.123,38.333,42.162,81.3,88.76,81.596,80.75,67.165,55.726,52,43.601,38.051,35.811,35.321,37.081,70.105,66.097,61.281,64.919,62.046,61.219,60.702,66.816,69.201,68.217,71.556,79.432,93.905,97.978,96.709,109.12,124.72,129.4,133.94,144.37,171.35,186.83,189.59,178.39,160.61,155.67,145.45,132.78,129.95,137.45,140.76,137.45,132.37,128.74,132.93,128.06,123.61,137.25,129.32,233.58,231.6,189.95,153.04,120.48,126.19,132.28,133.32,102.61,88.584,84.286,92.557,89.899,81.929,96.267,82.45,74.614,63.376,98.841,89.301,83.771,76.142,77.649,79.404,89.805,90.314,67.06,61.407,52.646,57.834,72.499,72.337,68.521,68.104,97.812,138.4,150.95,131.55,150.4,183.22,180.13,140.17,101.99,122.32,76.792,64.28,40.38,59.951,56.536,43.18,53.727,73.901,94.754,119.35,102.21,69.763,70.647,74.644,87.541,82.378,75.492,79.071,94.241,141.28,111.89,127.57,116.42,130.98,149.97,185.46,164.06,116.42,87.942,59.736,70.819,65.313,66.994,66.419,68.268,63.224,66.317,66.028,69.491,81.275,94.293,77.409,74.642,63.498,69.773,86.907,126.4,141.32,205.66,229.02,238.35,224.89,201.33,188.02,180.91,128.9,92.333,63.422,66.375,64.368,49.22,50.11,40.628,61.423,58.934,55.458,42.32,50.069,38.959,48.78,38.937,37.822,41.954,40.169,35.795,36.886,40.701,39.402,44.673,43.854,46.314,38.608,38.673,37.838,40.25,41.692,38.389,36.711,41.092,34.97,45.566,83.857,125.14,133.86,151.49,131.68,157.64,184.76,228.35,229.76,256.53,245.29,198.5,161.42,114.91,81.179,91.799,79.486,82.468,91.753,71.453,63.137,60.707,108.34,106.36,142.34,144.35,141.82,140.2,141.11,141.77,129.12,122.79,128.96,147.31,125,121.05,120.8,121.11,116.25,105.91,90.298,80.269,67.83,61.387,42.748,40.9,44.338,63.66,45.682,42.137,42.471,35.354,35.2,40.578,96.27,47.742,38.654,41.756,43.365,79.506,63.349,56.41,68.272,78.673,77.988,74.661,73.37,68.459,51.707,74.965,128.63
-28.5,138.93,143.54,144.36,156.29,162.54,168.22,160.97,153.03,156.29,152.4,139.74,127.53,114.09,104.91,83.545,60.493,67.621,75.384,96.329,125.15,129.1,156.02,162.22,193.97,196.42,166.45,136.75,139.04,134.8,107.38,81.414,74.526,57.907,39.401,39.421,43.923,41.227,45.571,50.175,48.078,54.196,46.196,50.587,60.281,79.844,59.509,61.04,42.576,60.618,58.962,43.859,51.464,56.09,65.84,113.34,78.786,41.725,41.501,42.113,54.365,58.14,48.871,62.215,66.276,66.749,66.168,62.438,73.814,78.099,59.178,50.716,74.612,105.1,131.52,104.32,90.564,96.636,95.28,117.22,141.71,151.23,142.87,113.88,103.58,118.55,146.73,144.01,153.31,175.73,185.4,138.62,100.13,88.763,70.875,47.537,74.984,78.203,44.136,44.592,51.854,37.501,40.298,84.147,106.51,98.604,98.849,87.872,77.212,53.266,45.786,39.78,35.811,34.376,35.067,52.699,71.735,68.162,71.641,64.391,67.936,69.32,66.679,69.164,70.844,68.376,68.596,73.64,90.787,104.78,108.77,116.01,127.3,136.46,147.18,167.38,172.25,173.11,173.22,168.22,162.44,163.63,154.18,156.59,158.01,144.54,135.22,144,136.52,122.95,128.14,128.26,127.15,150.24,168.68,217.78,177.32,148.88,161.46,138.93,133.67,142.48,133.35,135.51,130.1,109.28,101.27,91.675,81.203,84.978,92.739,80.19,71.77,73.877,75.29,98.494,90.239,59.185,60.177,63.39,74.262,68.418,58.062,54.165,60.401,86.956,79.396,80.222,98.185,125.2,154.02,143.21,156.85,187.73,198.88,166.58,117.74,72.656,64.215,66.241,58.432,42.091,40.403,47.122,55.75,50.311,74.361,104.06,101.12,69.144,69.539,70.647,94.642,101.65,97.412,95.244,74.019,75.232,100.86,92.558,89.93,72.15,95.069,130.23,211.13,215.65,175.26,174.1,129.64,86.717,74.746,74.278,78.395,71.275,79.587,74.301,74.727,74.822,66.316,65.653,74.566,89.679,90.199,91.591,113.5,138.99,189.71,210.97,214.01,203.34,183.59,159.08,153.86,95.27,64.036,48.458,46.524,50.895,46.229,51.928,48.821,83.305,105.15,42.587,62.41,60.519,61.296,40.202,40.993,44.268,57.908,52.779,45.795,50.104,46.336,54.646,48.501,44.909,45.039,54.84,39.714,39.398,40.784,43.437,41.492,38.651,38.725,43.445,39.18,41.948,70.355,119.87,107.46,139.78,180.54,194.93,221.51,231.83,240.3,222.36,193.2,164.98,116.79,86.633,92.822,82.843,78.729,90.506,108.84,79.768,65.089,73.778,85.852,85.773,79.144,75.362,69.902,76.31,75.043,58.072,65.944,64.175,58.804,66.756,69.429,61.976,62.792,59.601,51.53,47.675,44.148,41.742,46.769,43.293,37.837,37.444,56.487,83.095,50.726,45.81,72.665,35.503,39.467,47.751,51.071,50.835,62.247,62.198,50.081,49.058,63.958,67.475,72.885,72.874,61.006,64.636,110.37,135.14,93.246,109.43,149.99
-27.5,126.14,110.84,109.27,116.73,137.47,135.61,122.24,132.98,153.95,132.24,116.63,109.53,107.18,128.12,83.385,73.045,93.628,100.19,121.16,132.2,130.9,153.19,164.18,198.61,169.13,140.46,117.75,110.86,109.55,87.414,97.858,83.891,80.532,45.846,44.908,46.873,48.125,46.586,53.416,52.518,52.96,50.369,47.784,54.65,51.193,43.248,53.476,64.228,48.533,51.742,54.267,63.591,72.279,80.688,74.543,56.697,44.864,43.736,40.038,47.26,59.239,68.822,75.032,62.954,56.733,64.264,69.889,89.673,94.976,69.146,90.801,107.51,120.54,126.08,139.34,114.52,103.02,107.19,113.13,131.57,128.35,128.86,144.35,171.27,187.83,142.98,108.65,93.697,120.65,80.808,72.717,76.692,57.643,48.413,85.878,59.773,42.904,42.265,86.32,41.995,40.703,70.296,110.57,100.6,106.43,106.68,86.222,61.155,46.576,40.097,37.476,36.073,34.798,34.921,57.647,69.037,78.776,75.475,71.749,65.514,68.332,71.66,71.258,73.089,71.078,73.882,87.94,109.89,125.57,142.85,146.47,146.04,152.08,155.64,168.36,171.09,181.7,195.38,193.03,186.89,170.83,161.37,169.53,168.1,148.32,129.13,117.94,107.98,106.94,123.72,115.04,126.52,144.89,133.79,172.14,176.01,147.66,144.42,133.01,121.74,111.31,103.58,118.45,150.79,136.76,104.63,104,92.976,73.413,74.612,73.222,63.797,80.942,78.283,90.163,92.929,73.82,67.927,55.444,58.072,66.532,58.497,56.302,68.54,107.44,93.463,100.15,139.83,161.78,136.24,108.23,129.84,177.12,188.6,128.55,78.266,57.768,49.139,81.145,86.636,53.747,41.804,45.26,55.429,51.273,84.508,130.09,95.025,87.249,97.542,134.72,172.28,186.44,137.36,102.72,66.937,62.213,78.295,89.881,83.574,76.484,60.579,90.777,93.381,113.47,195.84,236.7,158.27,115.2,94.104,100.38,106.65,107.67,126.75,127.3,136.39,132.49,125.43,93.636,79.33,82.978,95.768,127.86,166.01,166.44,182.53,176.83,158.33,156.14,142.71,115.83,75.483,43.209,38.219,40.623,44.006,40.393,59.491,41.131,61.234,113.07,99.443,57.672,91.449,92.598,104.26,90.868,94.435,67.47,64.571,87.478,103.13,84.817,68.65,63.037,69.816,72.35,49.871,81.142,50.763,52.628,56.1,37.918,38.181,39.129,39.647,43.768,40.027,39.007,68.355,79.776,85.49,134.76,165.58,190.63,227.74,232.37,214,198.85,168.67,116.69,99.788,92.683,94.734,92.832,84.068,88.286,90.358,73.015,94.382,94.591,101.91,80.72,61.604,57.977,51.22,53.833,55.671,44.371,41.803,39.596,44.473,40.206,44.037,42.815,41.627,44.085,43.744,42.236,41.161,43.018,45.687,41.807,38.777,37.86,41.825,49.708,67.393,47.173,42.067,40.782,60.161,57.177,90.357,122.37,139.19,74.655,44.715,64.244,135.73,130.05,133.94,117.06,56.844,43.7,63.95,112.57,93.292,57.892,98.01
-26.5,56.507,54.781,52.954,64.676,89.67,128.53,140.65,138.13,133.59,107.8,94.447,102.28,122.14,92.897,47.94,95.191,108.06,114.12,99.17,115.26,142.34,154.86,170.24,145,123.27,127.63,131.44,107.74,97.13,95.221,113.33,87.69,88.87,65.731,50.858,49.462,48.223,48.328,54.513,51.744,54.466,44.559,40.743,40.511,38.517,37.009,45.539,63.85,64.476,73.99,87.222,102.46,79.432,77.928,75.568,89.147,61.335,49.98,46.147,42.509,46.191,53.454,64.279,64.659,62.643,62.199,54.951,74.259,97.691,122.69,124.84,126.87,129.77,137.2,175.93,161.36,144.53,132.46,134.22,148.32,145.85,142.34,148.62,139.4,138.09,80.631,58.353,56.158,36.881,39.639,41.159,57.163,56.127,64.238,45.975,44.246,52.786,64.402,69.956,49.366,81.258,105.96,89.027,93.494,98.045,100.56,78.052,49.458,36.624,35.657,36.535,36.348,35.096,42.705,61.046,68.337,80.463,82.786,75.88,62.433,65.364,67.327,70.599,72.986,68.622,76.727,120.38,146.39,163.03,164.52,154.77,156.52,169.65,180.48,194.35,193.9,196.36,192.2,192.17,178.85,166.11,176.53,165.89,142.4,138.9,129.37,114.21,108.11,115.94,113.56,107.92,117.67,155.87,178.08,174.07,141.98,114.78,127.4,102.72,90.167,77.205,112.94,115.45,117.51,132.17,99.05,87.104,86.87,85.796,71.104,65.318,61.448,64.153,78.58,80.985,116.61,94.292,79.065,68.358,65.734,69.305,77.971,71.2,103.27,104.46,90.938,120.59,170.84,177.82,139.44,103.28,111.07,181.19,172.94,89.317,66.95,51.436,42.153,49.086,87.462,97.48,61.331,47.473,43.777,41.243,62.228,118.05,101.89,94.714,121.37,155.8,236.21,243.9,194.42,143.06,65.258,58.17,64.27,75.056,109.96,92.018,73.919,73.811,57.402,60.23,94.328,175.2,221.16,153.36,120.21,106.47,103.52,103.3,113.06,111.29,102.16,99.197,101.21,89.861,97.847,120.97,145.28,144.86,105.2,108.83,140.24,145.1,125.48,158.88,131,75.907,59.326,42.091,41.387,47.653,45.351,52.543,80.566,87.241,101.16,111.12,98.346,73.168,90.148,127.6,124.68,128.33,113.11,85.299,107.25,110.12,116.13,117.44,119.41,101.73,97.794,97.881,84.253,52.153,49.823,50.896,39.564,36.31,39.103,40.199,40.454,45.382,49.64,41.179,56.025,74.896,80.366,76.818,78.224,160.47,229.87,204.69,166.45,166.54,147.37,106.04,104.61,90.281,99.2,108.19,89.958,91.5,103.38,108.07,116.67,103.14,131.42,90.612,56.3,49.349,41.455,48.205,52.481,39.256,40.999,38.706,48.422,43.992,38.954,42.784,44.057,42.64,42.336,41.561,44.104,38.433,44.951,40.576,39.83,41.796,44.397,50.217,96.806,67.989,59.855,45.351,50.337,53.576,100.37,95.319,82.81,63.63,48.32,92.01,134.57,132.84,145.22,127.71,88.14,58.946,49.346,68.681,70.984,72.634,60.076
-25.5,51.734,65.482,53.397,68.354,76.399,122.17,130.47,131.75,126.59,94.225,81.065,96.351,106.94,61.918,55.526,92.084,100.14,98.231,102.46,133.36,154.06,154.47,141.52,115.26,142.55,145.51,153.83,140.16,134.02,92.585,117.94,95.125,103.1,75.898,40.429,50.489,50.917,45.918,56.159,52.072,47.496,38.698,36.684,36.449,55.854,60.861,54.106,97.034,102.06,110.35,115.72,73.708,53.076,49.791,60.797,91.101,127.94,78.487,48.954,44.441,45.531,50.875,47.528,54.22,57.924,57.286,54.458,78.941,143.21,149.32,123.46,149.06,132.95,97.125,113.7,104.12,86.87,95.085,87.664,121.1,130.22,87.483,62.932,52.11,49.732,59.454,57.433,44.438,44.314,45.69,45.447,51.767,71.29,55.889,44.474,46.084,79.978,85.365,53.499,100.63,121.84,91.343,76.506,89.807,92.793,80.992,56.718,41.306,39.332,35.402,35.779,35.878,35.46,44.565,66.083,77.386,78.86,75.093,66.918,63.826,68.542,64.963,70.489,74.537,85.315,139.15,168.46,184.25,185.67,185,183.94,190.98,198.73,201.14,193.1,179.04,176.78,179.71,178.61,158.85,165.3,148.86,122.27,114.06,115.28,111.07,106.13,111.51,121.89,117.77,117.03,126.41,138.59,107.37,116.39,117.11,124.9,115.73,119.7,77.446,75.635,75.806,92.358,122.25,141.08,135.09,107.71,92.426,95.061,99.938,85.839,61.808,58.888,76.27,94.991,105.16,110.05,97.901,81.486,71.034,96.605,109.95,97.669,89.174,85.37,124.23,149.62,177,145.96,100.6,89.838,161.49,154.92,109.11,71.556,57.219,62.711,48.347,53.918,52.767,63.802,51.895,52.408,57.545,41.762,53.467,86.56,122.13,88.411,110.03,150.81,214.44,231.37,172.46,138.59,81.905,52.021,63.121,77.869,133.06,77.314,55.385,53.035,77.596,82.337,54.987,58.954,111.55,151.83,124.53,159.17,152.54,175.09,154.94,112.47,90.146,104.26,82.112,95.402,92.888,93.499,96.266,79.977,99.22,96.719,90.476,73.295,70.214,83.221,57.156,48.981,46.359,42.101,43.146,51.908,49.358,44.019,84.603,74.426,88.526,109.93,130.69,81.626,82.078,131.1,135.6,122.88,85.758,87.305,107.78,108.16,81.099,61.134,77.015,53.41,44.131,52.767,44.025,38.339,39.881,38.463,40.401,39.651,37.777,40.452,42.041,54.14,60.234,46.15,55.067,74.467,69.816,72.47,80.648,120.61,214.94,176.13,159.27,131.63,133.46,123.24,117.48,90.301,90.563,120.21,100.65,101.24,104.22,112.06,107.79,108.04,162.29,123.45,73.613,46.608,39.71,40.944,43.629,42.255,42.245,39.2,41.977,42.115,39.298,36.694,37.762,37.472,39.409,42.68,41.155,40.177,46.78,41.558,40.147,38.839,42.442,56.255,116.36,102.74,60.572,50.453,46.49,52.709,67.51,48.741,69.912,62.459,52.1,61.88,59.846,72.943,102.79,133.47,123.61,60.697,50.801,50.111,53.193,65.109,51.134
-24.5,97.648,83.465,77.313,96.234,87.691,95.11,112.11,101.16,73.022,64.583,70.528,79.178,82.173,51.304,66.895,86.751,84.668,83.079,108.87,125.53,112.19,103.96,99.772,99.229,99.556,142.1,141.4,131.32,129.17,106.17,97.441,116.33,115.77,102.51,97.118,65.988,43.513,51.852,58.761,45.525,36.762,35.795,37.408,39.788,103.24,88.391,98.21,124.39,122,106.58,58.725,41.455,49.057,49.637,44.871,43.476,72.622,87.742,57.672,45.183,53.792,53.203,53.382,55.742,55.967,56.546,72.884,82.18,133.68,132.06,73.911,88.244,62.911,49.418,52.962,48.464,53.004,58.302,60.33,73.592,59.437,42.683,43.171,38.389,43.482,42.656,44.987,39.21,49.921,46.857,48.293,53.19,53.028,45.876,42.399,49.32,70.683,69.086,99.267,116.85,89.637,84.007,70.69,94.599,95.411,74.789,49.35,41.033,40.925,37.205,35.776,36.071,36.083,50.625,74.352,79.704,75.372,62.373,60.65,61.657,71.497,75.468,84.802,107.28,154.84,190.15,207.22,207.65,210.49,215.32,211.1,208.83,201.88,185.02,176.15,165.04,159.52,149.22,134.03,131.32,121.93,115.79,100.25,105.13,111.85,97.746,108.07,107.41,113.97,117.7,121.13,130.48,87.859,67.964,60.655,68.319,63.873,73.817,91.152,101.83,80.783,76.253,69.208,93.115,100.98,99.358,79.473,93.982,95.85,121.53,100.24,101,97.468,98.907,100.84,105.39,120.98,121.71,114.79,106.52,139.13,114.25,129.36,86.748,113.71,144.68,126.43,117.74,80.347,96.766,93.188,126.13,119.27,126.56,108.39,121.36,111.99,74.109,95.875,50.972,43.53,47.75,46.88,47.518,44.587,40.093,62.735,81.498,120,141.59,174.97,173.74,146.91,139.12,122.34,85.949,43.935,54.101,113.2,109.03,72.401,63.153,51.213,85.723,83.147,57.951,52.073,72.303,96.853,93.828,89.285,123.84,130.28,104.87,95.196,66.044,77.04,85.194,86.366,82.982,73.608,60.445,52.064,71.381,67.716,46.651,47.76,45.16,39.501,38.926,42.158,40.232,53.002,104.19,81.191,100.12,72.503,66.611,78.886,75.452,102.11,89.137,82.486,84.075,112.98,108.21,102.04,78.166,93.144,83.543,74.269,43.292,62.233,68.877,45.333,39.486,36.604,39.411,37.469,38.871,38.308,43.958,45.314,40.363,45.288,54.293,66.09,71.12,56.736,63.816,84.716,78.119,80.978,80.178,112.69,185.35,155.28,146.89,117.04,139.55,147.18,121.51,98.099,92.096,97.11,106.2,88.382,84.707,97.823,94.602,108.3,131.61,149.43,89.817,46.035,46.8,37.704,41.3,39.984,41.752,41.638,39.968,42.25,39.394,37.635,36.531,36.925,38.005,40.412,47.823,49.901,46.437,45.989,45.618,46.686,43.069,41.584,77.914,57.825,45.309,49.503,55.419,48.435,48.161,55.254,50.852,53.358,51.837,56.588,49.973,52.63,61.128,83.026,63.077,66.431,73.32,47.591,48.323,53.675,76.491
-23.5,101.25,78.793,60.913,57.744,74.689,74.22,67.594,58.437,61.985,64.529,64.816,74.541,65.67,58.754,71.74,98.177,100.85,114.31,153.98,142.11,116.3,100.15,104.95,85.288,99.689,113.82,104,96.129,95.035,106.36,116.48,121.98,126.87,108.19,99.563,85.45,42.36,48.187,49.427,46.138,37.348,35.354,37.659,54.754,115.79,106.95,128.67,170.29,118.4,90.07,76.215,45.253,41.236,43.686,50.179,40.495,41.619,50.32,52.38,51.499,52.643,46.009,50.59,61.445,56.101,64.16,67.429,54.425,53.204,44.697,41.492,41.373,40.01,43.976,48.118,44.671,41.786,51.167,54.425,77.871,44.025,49.425,44.754,44.386,41.71,40.554,43.077,54.72,52.53,45.102,47.292,45.952,44.204,47.544,53.818,66.032,62.964,67.863,75.228,77.181,56.511,65.037,63.036,76.571,85.214,71.76,50.471,40.094,39.085,37.034,36.281,37.155,36.39,49.945,78.178,73.825,60.953,60.378,61.33,63.943,73.791,102.57,131.58,159.77,194.12,226.64,235.35,235.64,232.95,236.27,234.59,225.11,207.11,201.67,207.64,183.93,157.15,149.26,121.55,112.67,105.74,97.975,97.343,105.89,103.26,112.22,135.19,134.73,122.82,127.82,119.94,104.73,111.94,107.62,99.425,103.52,98.409,73.365,62.64,66.107,60.309,64.74,65.265,82.322,115.8,125.01,120.5,129.14,126.42,103.86,95.242,119.17,114.85,105.83,87.801,103.86,111.37,103.48,93.941,114.72,151.36,103.05,82.579,92.48,97.544,80.388,66.422,57.007,64.589,78.871,90.58,102.36,116.09,126.56,108.66,86.761,94.537,86.18,72.931,66.28,53.374,46.385,47.653,44.364,39.769,38.425,53.568,57.716,65.998,86.319,92.84,105.29,117.19,122.44,109.31,74.323,52.189,74.714,125.92,102.52,71.901,56.973,51.125,79.381,82.994,71.183,69.126,75.361,72.691,60.605,70.515,69.977,78.444,65.181,55.873,54.038,51.966,55.905,60.633,49.069,52.705,52.974,49.962,61.151,42.79,40.431,47.611,42.464,41.876,49.923,62.1,65.567,63.182,78.688,75.131,112.22,84.876,43.423,72.966,91.446,108.02,93.503,73.987,94.34,82.082,85.464,90.741,70.682,81.567,96.01,71.13,53.411,77.461,83.918,59.763,41.71,39.151,42.846,43.078,41.209,44.551,48.941,42.63,44.336,49.391,51.621,62.242,66.802,53.767,60.908,83.352,84.077,84.198,78.375,90.748,182.98,135.09,119.81,117.69,155.98,159.95,126.18,108.04,98.954,102.83,100.21,76.188,82.631,109.03,94.371,90.684,89.326,104,98.479,77.072,52.771,40.643,37.688,36.332,39.858,40.428,39.547,40.102,41.075,38.211,38.366,41.212,43.319,48.834,57.787,57.977,50.06,42.905,52.463,44.099,42.793,42.76,50.428,51.537,47.917,55.448,45.718,46.855,49.724,49.452,58.595,50.616,52.355,43.826,49.804,50.549,50.383,51.547,63.79,73.298,67.309,76.396,109.64,128.76,111.22
-22.5,74.822,65.299,79.805,91.211,89.112,76.579,61.219,53.322,65.815,59.905,64.042,91.886,93.601,110.59,115.73,111.8,108.97,131.71,164.47,163.74,104.04,97.869,116.84,85.702,89.104,89.498,87.346,87.582,93.735,95.075,106.31,94.519,84.108,80.612,79.351,82.374,38.751,41.531,49.021,40.921,40.051,37.561,47.051,89.378,118.89,94.114,110.42,147.12,98.733,85.639,58.755,40.128,40.007,60.994,59.579,47.639,44.87,38.842,47.558,53.072,68.854,63.131,63.071,56.717,60.474,57.231,53.83,59.706,50.704,59.277,44.08,39.763,44.16,44.159,47.509,38.377,38.214,42.142,58.304,56.85,44.307,43.779,43.053,43.341,42.335,43.096,47.776,41.967,49.887,69.636,69.575,49.335,49.524,58.059,58.092,51.062,46.41,51.671,50.38,67.221,60.558,53.588,60.22,78.308,78.392,59.913,42.317,38.305,38.268,39.071,36.797,40.884,37.883,50.595,73.808,70.093,61.03,61.535,71.53,84.06,122.03,163.97,190.75,216.85,221.14,233.93,245.66,244.01,240.91,235.23,220.43,227.65,222.6,199.62,167.67,142.63,151.91,140.23,111.1,123.22,113.24,100.6,97.789,97.331,97.681,99.874,126.75,137.19,135.82,110.48,103.2,87.751,95.434,92.512,104.23,86.26,82.314,71.182,60.031,76.261,73.698,65.457,86.397,127.36,161.52,175.06,169.46,145.77,121.26,105.49,106.53,109.73,134.45,141.5,134.97,113.16,113.36,116.84,107.26,87.235,81.154,85.467,110.65,130.86,116.16,67.219,58.918,57.45,57.936,66.938,76.329,106.88,119.91,93.828,80.793,88.557,61.537,64.924,79.124,84.96,92.366,77.909,53.284,42.504,43.75,46.588,51.055,54.316,58.272,60.36,58.769,64.447,93.054,92.769,85.554,76.76,107.82,123.17,141.2,87.867,57.349,50.941,66.475,67.129,67.466,61.178,51.552,51.669,49.304,51.568,55.534,40.736,49.023,42.234,45.006,45.636,48.422,51.557,67.12,50.712,55.542,49.452,51.474,46.675,41.181,41.237,40.27,43.078,44.355,67.124,77.938,64.436,70.959,69.682,78.728,121.68,72.881,51.904,66.492,86.562,106.91,86.942,81.794,116.95,133.8,126.65,108.65,111.58,95.763,73.609,53.733,48.087,61.135,47.123,38.133,38.295,41.922,45.389,46.654,44.691,43.79,51.126,42.251,41.485,44.838,49.331,52.103,49.466,52.496,49.543,82.578,79.609,80.869,78.385,97.518,180.18,135.32,112.89,129.34,144.85,151.36,135.28,123.23,115.45,123.26,96.822,86.395,79.778,86.341,83.395,79.062,87.635,77.851,90.229,85.408,87.019,87.086,78.799,52.689,43.301,44.461,41.575,39.516,38.523,42.114,42.13,49.418,46.288,49.257,54.993,50.065,48.811,46.847,44.13,45.414,41.04,48.605,48.217,49.908,45.041,51.34,45.798,47.866,47.057,54.371,59.006,52.272,50.281,44.18,49.858,60.234,47.659,56.011,65.255,60.271,68.939,86.037,88.257,85.831,67.095
-21.5,84.331,83.343,72.009,90.027,109.46,92.359,62.683,56.92,59.66,57.879,66.178,95.751,129.71,143.47,96.16,118.94,116.27,111.41,135.57,126.76,114.89,94.887,104.56,88.361,70.643,72.036,72.281,70.779,76.537,80.692,70.094,72.086,78.145,85.968,80.659,50.052,39.797,40.086,42.916,45.272,41.205,41.243,52.992,48.737,90.278,101.17,110.01,137.41,116.45,132.21,55.585,41.716,59.459,103.35,74.211,61.186,39.953,51.3,70.65,81.484,77.872,63.382,65.413,75.13,67.047,58.633,59.982,69.713,61.138,48.709,37.487,38.724,36.893,44.874,46.369,48.468,46.887,41.699,51.94,55.159,44.295,42.219,43.546,51.638,60.426,56.087,48.826,46.432,48.526,60.275,58.021,53.182,60.438,43.064,45.697,59.319,55.045,65.127,58.76,68.007,60.409,53.884,69.187,79.249,74.892,53.293,43.458,41.643,44.14,42.657,38.525,37.764,37.849,34.644,38.059,49.807,67.679,110.33,133.42,151.36,188.41,207.22,199.27,196.59,220.52,236.8,233.38,218.81,211.51,221.09,221.11,225.82,215.37,189.76,145.12,132.13,117.54,110.94,118.85,113.59,117.55,97.196,94.185,95.699,93.991,87.42,113.16,126.78,121.04,88.65,69.915,96.498,141.27,159.88,130.06,111.52,123.66,109.93,91.732,83.281,124.09,137.12,121.18,130.25,112.49,122.43,126.57,133.56,142.73,129.86,125.3,136.79,146.47,143.3,124.75,105.89,109.9,104.78,83.937,76.124,83.208,78.882,94.606,117.79,92.214,59.472,64.866,57.432,53.835,59.519,102.51,98.358,100.61,82.618,87.791,102.84,88.668,64.049,66.871,69.256,74.259,71.41,81.376,81.612,62.671,48.501,46.908,64.152,60.691,57.097,60.341,53.04,69.076,68.628,83.443,81.752,100.88,90.539,106.38,54.725,48.231,42.51,47.386,53.879,50.084,44.275,45.268,43.921,42.1,40.717,46.867,43.515,51.466,48.96,51.91,58.714,49.637,48.951,47.539,48.108,48.918,48.606,44.312,43.246,41.862,41.241,44.865,57.345,67.123,64.931,66.802,58.118,94.193,116.97,116.58,100.76,55.126,49.454,72.693,95.169,93.036,100.45,84.412,80.559,68.804,73.24,63.021,71.645,85.914,73.592,61.78,69.296,48.308,41.865,42.32,43.215,46.817,54.079,64.269,43.542,45.91,53.27,40.354,40.552,44.187,49.977,44.633,55.625,49.949,43.732,85.285,74.757,78.221,94.623,121.85,130.21,102.59,100.4,109.06,143.4,145.24,144.91,127.03,127.91,107.63,100.07,82.251,80.513,75.791,76.064,76.336,81.183,86.247,83.659,83.548,99.355,102.88,96.817,78.819,42.896,44.758,41.38,41.039,44.346,44.073,45.564,52.513,57.721,81.123,56.391,52.864,46.67,42.92,46.961,53.647,63.698,72.113,79.597,67.713,47.333,46.633,42.804,42.12,45.041,49.058,47.466,54.008,62.995,52.634,57.219,47.883,42.155,49.955,51.591,55.691,73.302,55.221,60.898,51.494,76.138
-20.5,59.551,63.67,68.85,80.532,88.204,89.592,59.358,53.298,53.605,60.649,83.326,122.57,145.33,92.941,101.48,97.919,123.96,136.23,105.43,107.66,106.69,85.649,90.423,102.51,80.524,67.821,73.656,82.248,85.967,81.606,75.172,77.017,73.482,84.307,86.977,41.34,44.395,41.786,41.985,41.641,39.864,40.145,49.059,37.716,68.976,86.217,122.83,121.45,78.676,87.629,61.438,84.064,77.773,74.972,60.391,42.689,44.868,70.415,68.709,66.288,54.006,53.265,52.813,51.565,48.195,51.194,43.42,43.292,69.788,56.827,38.483,39.157,37.585,39.01,53.808,81.389,61.551,41.675,41.396,44.357,45.847,46.463,47.692,49.093,55.896,51.498,47.992,44.48,41.149,38.739,48.62,48.684,44.402,42.107,47.937,54.738,49.406,59.671,54.41,52.38,48.06,51.939,70.85,75.725,68.206,55.956,56.64,51.094,43,39.209,39.036,36.452,38.673,37.795,35.613,36.982,61.059,124.39,135.69,176.19,197.18,207.46,190.38,200.41,222.13,224.55,217.64,210.34,208.42,219.64,216.14,196.03,177.94,159.47,123.58,115.38,102.67,111.44,129.63,125.71,141.49,106.94,94.728,101.69,90.686,76.088,83.095,99.058,107.11,80.014,67.4,74.319,89.974,118.1,133.19,118.42,90.182,98.984,140.46,123.51,139.03,135.27,97.703,77.323,103.82,110.15,118.95,124.71,122.85,91.73,81.157,82.496,77.076,83.648,93.13,116.71,127.07,114.39,112.07,103.73,89.781,94.203,102.05,87.694,73.339,70.561,57.017,53.273,67.979,90.575,98.521,134.91,123.28,90.513,76.337,78.15,109.58,95.291,61.643,54.516,67.998,58.601,65.024,81.953,70.203,58.904,72.248,95.766,69.642,65.224,69.055,66.077,69.102,88.269,117.08,93.926,98.024,75.603,71.118,59.468,50.56,45.9,44.242,43.113,44.812,43.172,43.603,41.485,44.478,53.691,50.974,45.72,47.831,47.781,43.586,61.285,62.222,44.724,44.505,48.016,51.42,47.788,47.3,42.899,46.353,44.252,41.432,59.669,66.132,57.18,64.919,70.8,86.34,114.7,112.35,72.399,86.179,102.34,102.5,83.58,73.841,83.985,77.499,72.183,65.488,78.057,105.17,101.43,79.042,83.213,76.717,65.29,55.183,55.71,49.049,58.054,67.238,49.481,43.216,46.94,49.964,41.588,41.612,42.031,44.811,52.186,45.214,41.019,39.815,46.546,78.409,93.311,139.88,140.61,113.84,125,104.84,108.42,109.21,139.19,142.3,121.08,111,115.33,95.208,86.306,80.388,79.866,71.626,70.728,100.83,84.509,84.422,86.103,93.803,93.981,101.46,95.71,91.198,87.448,53.591,44.375,46.976,52.752,56.662,60.431,55.751,74.779,86.143,57.706,49.802,49.061,52.437,54.527,54.888,60.999,62.98,61.775,53.376,48.906,44.197,45.795,57.543,52.423,63.859,51.053,52.538,57.839,56.757,53.729,51.918,52.506,47.135,42.784,47.787,46.811,39.957,40.859,51.297,73.094
-19.5,62.569,63.599,60.284,65.228,70.743,61.367,53.381,54.719,55.769,64.798,92.542,119.35,125.98,102.61,101.87,83.278,97.124,119.37,130.17,142.18,115.97,82.103,91.488,92.179,96.416,91.888,85.628,78.588,105.29,102.5,93.555,90.526,79.418,82.211,105.31,70.401,43.388,45.926,43.486,40.878,41.677,42.639,42.658,43.388,61.928,86.248,120.94,153.48,125.3,87.326,84.024,64.629,70.747,71.587,62.482,54.097,58.152,61.077,63.255,63.483,55.559,51.57,49.299,55.965,41.81,47.331,50.61,40.122,45.49,50.619,46.663,46.891,44.176,37.395,72.056,77.237,63.242,57.616,61.066,67.718,58.799,51.461,51.281,56.36,52.85,47.734,49.223,45.328,41.185,44.771,52.351,53.19,46.649,47.24,45.313,49.806,46.475,53.085,56.712,47.081,50.87,54.614,58.759,51.402,50.239,52.901,51.564,45.119,39.254,37.11,41.072,39.136,40.554,48.048,58.31,65.945,100.04,129.81,199.47,233.03,192.19,170.2,187.94,205.25,220.14,218.99,206.72,210.04,205.18,209.56,178.51,162.67,141.44,117.69,112.25,109.81,127.37,139.24,144.18,144.37,138.79,107.31,88.285,95.898,112.85,83,77.879,70.291,58.32,72.187,84.352,74.361,74.78,66.895,76.908,112.61,125.24,124.98,126.76,138.16,177.27,161.61,122.91,141.52,150.8,126.14,124.94,118.48,114.69,94.259,87.353,77.875,82.21,89.299,118.27,138.59,137.79,130.48,104.51,84.651,79.634,94.697,98.764,106.56,90.283,69.374,51.765,46.534,74.572,100.11,116.08,160.83,129.77,95.402,69.179,81.276,85.331,73.915,58.088,56.894,49.616,51.862,80.575,63.651,41.354,47.991,56.595,97.784,75.314,65.029,64.3,62.538,73.743,110.37,131.77,111.53,67.221,55.265,61.274,63.535,54.959,49.574,48.779,43.738,43.572,43.142,45.903,47.415,46.405,42.048,47.196,49.974,55.613,56.557,48.909,49.171,44.722,47.491,45.152,45.8,45.995,48.559,45.424,52.884,60.172,55.545,53.009,62.459,75.522,74.821,66.489,63.854,70.278,88.487,99.429,87.455,71.87,78.414,83.501,94.038,97.518,100.22,105.57,98.012,86.395,65.094,68.749,70.979,74.423,60.687,69.565,97.609,86.36,57.456,48.831,49.411,50.982,49.226,67.953,74.643,52.306,51.884,56.996,63.923,58.532,71.335,54.125,56.862,42.022,49.421,78.689,123.6,147.78,157.14,126.81,116.67,119.15,124.74,127.99,128.52,108.7,108.83,111.5,101.01,83.25,84.829,90.07,76.147,74.398,87.07,112.04,108.25,99.553,93.405,85.473,77.663,103,100.1,99.134,117.11,59.442,46.335,50.909,54.326,67.779,64.145,51.707,60.269,58.811,49.982,47.401,49.945,48.267,42.223,45.222,50.11,57.987,61.938,54.599,48.165,55.063,62.782,66.472,58.029,57.148,58.351,65.541,64.72,55.722,55.792,64.433,75.017,82.817,80.738,68.947,64.722,68.497,77.748,77.822,67.935
-18.5,66.206,58.857,54.378,59.216,59.272,50.518,53.757,53.632,57.928,69.156,96.105,95.932,96.184,130.45,122.88,114.67,119.56,107.69,112.03,123.93,111.59,126.17,143.85,130.46,120.19,115.78,121.41,104.17,102.4,79.241,83.926,92.371,82.884,90.402,108.03,117.06,79.032,82.986,57.41,49.567,54.032,75.695,98.427,85.809,75.255,105.09,119.99,110.27,139.27,138.47,86.459,55.621,59.84,58.482,56.337,65.586,60.901,58.594,58.786,63.769,69.436,52.661,45.085,38.548,45.782,40.203,39.544,38.846,34.923,36.094,39.523,60.605,71.276,47.968,49.402,55.296,69.55,73.092,67.989,71.608,65.654,65.972,64.995,63.595,55.827,52.377,49.233,49.553,48.066,48.031,43.825,45.997,50.543,49.448,48.896,46.098,48.572,51.877,51.047,53.351,55.6,59.087,62.878,52.534,51.415,49.755,47.297,44.961,35.706,37.321,38.539,41.329,47.535,56.208,61.966,70.528,86.98,113.44,183.21,237.27,217.91,162.88,155.14,185.32,189.41,204.4,200.73,210.12,202.06,200.51,184.28,166.83,144.07,113.94,133.93,137.72,151.54,171.12,168,130.78,98.678,89.764,92.451,87.121,110.16,98.599,76.394,58.184,47.878,58.86,74.905,73.06,80.978,84.188,102.1,160.36,169.78,161.95,157.43,141.31,147.25,154.47,155.11,174.67,166.8,159.74,155.52,144.07,113.02,113.36,116.9,122,129.67,130.31,119.29,115.83,92.98,72.923,61.661,52.019,55.002,68.427,71.709,87.192,105.31,63.612,47.287,55.758,80.717,115.58,134.11,129.78,131.7,110.78,60.851,49.42,69.103,77.744,55.599,58.352,68.177,50.372,83.034,105.49,51.026,42.437,45.352,53.738,48.321,48.055,49.773,78.595,98.86,146.94,170.14,101.1,66.083,55.206,59.167,65.784,55.703,51.476,46.181,44.542,47.303,43.866,46.98,45.64,51.382,49.709,54.378,51.057,54.573,51.907,43.087,44.846,50.908,49.945,45.937,51.897,59.267,62.09,67.535,89.495,67.175,53.008,49.908,62.725,99.748,104.73,82.249,74.413,57.505,55.31,46.609,52.505,60.28,83.833,99.973,110.94,114.07,100.6,80.536,64.454,69.294,59.092,61.324,54.242,50.72,75.805,82.975,61.426,44.126,46.916,50.889,46.793,42.584,50.243,69.25,60.565,67.564,72.72,89.234,84.286,117.15,124.37,153.23,74.69,43.32,69.155,104.31,154.52,137.35,134.76,109.45,130.45,111.63,104.36,139.96,145.32,139.7,133.18,114.1,94.615,86.331,81.186,84.647,81.425,93.808,107.5,88.103,91.371,94.926,88.903,79.041,84.041,116.7,120.58,121.95,130.97,69.25,45.02,55.611,70.756,78.921,77.7,51.948,48.12,45.132,47.641,45.318,45.639,45.22,44.158,46.462,55.111,52.355,46.627,47.686,48.87,52.508,57.474,54.117,52.377,62.693,67.282,58.61,71.277,65.562,73.953,71.448,69.353,74.141,69.147,64.591,65.686,67.571,74.775,75.349,74.769
-17.5,66.222,60.099,48.322,52.981,51.964,58.72,63.705,57.562,59.298,72.346,99.189,69.597,114,132.18,138.26,108.92,124.91,106.72,104.62,114.99,111.57,112.35,96.925,113.5,92.012,99.573,127.72,90.01,85.174,81.703,83.153,85.759,85.934,112.63,106.62,113.63,113.32,94.781,105.41,71.781,77.815,79.031,86.92,44.865,92.76,105.79,97.557,102.01,105.42,118.34,87.799,49.757,45.953,51.811,45.107,47.325,52.085,55.169,44.878,47.166,52.597,35.936,36.154,40.752,42.098,50.788,45.829,43.501,43.749,41.224,45.197,60.564,46.073,44.755,41.442,62.029,88.244,81.496,69.487,58.973,52.463,63.496,75.728,72,62.623,63.334,53.452,53.648,49.626,46.97,48.943,53.195,51.119,48.616,50.786,57.77,59.685,55.957,53.348,53.716,54.267,55.646,57.098,51.518,52.514,49.27,45.582,43.968,39.097,39.61,44.792,50.671,57.506,56.582,61.159,61.747,78.304,104.43,142.44,180.34,226.41,183.18,164.55,190.42,190.15,207.41,217.07,215.31,178.3,172.24,145.19,146.84,142.65,123.35,128.11,174.9,205.25,235.6,215.94,193.18,107.76,86.682,81.359,83.409,90.438,104.09,73.517,68.122,51.305,52.977,39.685,39.379,44.269,49.793,95.143,122.94,123.76,158.34,176.77,181.18,156.49,135.16,143.28,152.27,168.26,183.42,221.27,206.63,177.05,153.07,145,122.95,148.17,153.14,106.84,76.112,60.932,64.416,75.772,88.683,113.39,71.025,58.258,55.502,85.481,61.072,42.768,71.622,133.14,172.03,197.59,124.96,152.36,147.42,70.33,50.482,60.109,83.533,80.734,73.534,56.516,45.561,44.774,57.471,50.412,42.512,37.675,41.598,55.625,50.575,71.226,94.149,141.37,160.05,132.18,67.615,57.555,51.775,68.248,57.486,54.693,53.307,51.161,47.871,50.28,51.628,55.979,54.822,63.107,77.301,62.868,63.528,72.42,59.358,46.174,46.114,47.275,48.588,51.027,56.222,64.98,81.091,99.623,71.543,62.985,55.423,48.751,57.463,62.444,53.729,63.47,64.109,70.699,87.132,79.863,58.818,57.411,65.529,82.112,115.75,131.07,125.06,117.47,88.517,69.799,63.473,59.475,58.118,76.899,49.459,43.509,38.881,42.417,49.713,55.14,60.039,56.524,67.723,56.594,48.738,50.244,60.719,79.149,124.48,153.4,157.6,92.33,49.604,73.893,95.981,140.99,141.47,151.79,143.2,147.31,168.51,146.38,118.57,133.89,155.54,150.5,143.33,99.063,98.864,94.533,80.427,88.882,89.359,100.64,109.86,102.06,100.8,83.716,88.012,94.593,81.24,116.26,129.18,133.86,143.16,111.03,64.387,55.184,67.147,72.594,58.156,51.424,49.243,44.252,47.079,46.254,52.116,47.277,49.331,49.833,41.459,44.291,47.854,52.411,50.655,52.215,60.274,67.859,74.569,75.48,60.778,62.262,53.018,61.257,70.608,73.166,81.417,66.932,55.184,61.855,63.533,73.64,74.776,92.442,67.731
-16.5,50.592,40.625,46.828,53.683,54.535,62.525,62.14,65.292,64.27,77.947,85.028,56.715,90.017,116.86,164.97,178.05,117.57,110.43,115.01,119.13,117.03,86.761,87.021,96.854,95.397,73.977,86.958,90.143,77.33,93.313,91.163,94.652,106.74,111.44,103.82,122.5,122.6,112.44,128.59,122.74,92.589,58.811,48.371,45.478,94.05,83.014,93.914,106.81,98.372,126.34,109.14,47.184,50.069,44.102,44.635,43.298,44.499,54.95,46.852,48.516,45.819,41.513,50.05,47.724,46.893,38.241,37.367,42.053,43.492,64.891,70.888,62.431,46.217,69.569,53.034,72.52,85.704,79.684,77.445,77.621,82.03,94.435,95.414,76.714,95.697,91.242,63.127,62.545,52.184,47.926,52.47,48.984,53.013,56.478,58.316,67.731,68.379,66.875,60.1,55.611,50.755,54.72,54.858,51.623,51.44,48.708,44.263,41.196,42.452,46.264,52.684,59.411,57.025,59.414,64.142,78.193,91.7,93.808,77.862,124.39,187.53,178.48,175.84,213.66,204.82,238.21,234.68,221.34,166.21,143.36,134.94,109.41,126.94,129.92,121.06,204.2,262.65,265.24,218.01,136.71,85.647,79.171,67.922,80.004,85.389,64.981,61.643,55.612,43.807,45.891,48.915,41.934,42.233,67.867,85.274,85.833,87.792,132.84,171.32,171.02,148.12,148.3,151.96,150.68,177.54,216.68,228.84,209.72,198.87,176.78,172.37,133.82,125.5,88.995,76.699,72.445,67.886,99.662,112.01,163.37,183.02,152,77.739,47.295,56.879,54.124,57.837,136.45,205.54,224.01,223.14,174.56,161.52,131.35,68.086,48.109,57.423,63.064,54.285,50.646,59.094,44.369,42.833,45.533,49.489,82.326,47.486,49.192,49.146,61.052,83.638,91.827,114.18,97.618,55.946,50.764,56.74,68.54,71.779,49.405,49.034,47.928,50.91,59.319,68.04,81.891,68.115,74.024,78.7,68.455,62.495,77.923,70.747,65.965,65.611,52.686,45.836,44.582,56.129,56.461,47.101,50.901,46.123,43.524,40.814,46.122,47.32,45.312,50.018,53.407,52.916,70.258,62.895,89.308,123.22,126.12,101.43,72.643,68.895,94.248,109.55,122.79,96.341,104.51,81.204,90.013,87.306,79.885,52.177,49.086,48.141,68.88,70.695,69.775,56.116,44.733,52.287,50.322,39.015,43.413,53.808,49.725,82.396,148.36,115.79,53.406,63.747,89.466,101.87,127.05,115.78,130.9,142.64,158.33,150.87,144.18,128.59,132.16,162.14,157.06,159.44,129.2,93.905,93.957,111.93,87.585,103.66,109.78,96.48,108.53,132.29,103.49,93.973,85.305,88.851,90.063,115.92,123.44,118.55,133.51,114.9,63.049,50.824,51.865,49.793,45.604,47.871,49.835,45.015,47.057,51.624,54.786,51.433,52.357,50.21,46.821,45.645,44.773,47.768,45.105,43.131,52.366,66.668,63.969,82.036,78.455,75.984,70.624,54.087,57.748,66.697,52.743,66.428,59.025,53.909,48.549,46.643,58.177,51.875,54.786
-15.5,41.217,44.672,49.423,53.937,51.746,63.569,60.492,72.523,69.511,72.265,67.376,50.192,78.542,96.849,121.34,134.93,111.4,118.19,149.28,120.93,145.26,118.5,103.65,95.262,82.065,70.154,67.171,69.485,77.673,88.143,104.68,125.97,119.41,134.78,150.83,138.72,129.02,128.45,160.5,125.47,77.479,61.404,60,62.464,57.926,41.772,83.941,104.23,80.681,142.89,184.83,119.95,121.27,99.285,67.103,70.524,67.119,44.403,41.372,42.128,39.767,35.726,37.496,47.492,39.219,41.099,43.974,38.356,44.565,61.941,59.613,52.011,81.124,132.38,98.069,136.39,168.9,167.43,162.76,120.85,89.692,84.397,97.315,160.32,148.31,95.792,84.508,66.77,54.972,59.619,58.196,59.229,64.193,57.502,82.635,127.34,159.49,150.68,113.5,67.445,55.145,49.366,50.654,52.164,50.234,50.102,45.726,44.996,47.703,60.169,80.395,79.529,95.873,120.98,144.73,100.98,73.613,85.213,86.284,105.99,143.89,126.85,151.97,223.37,255.99,275.3,253.12,223.71,165.25,115.86,110.65,114.63,119.19,115.18,121.24,211.84,270.47,264.81,230.28,119.27,58.973,56.838,68.434,79.808,94.375,66.177,43.114,43.594,45.897,42.487,43.903,42.598,45.834,63.109,74.93,95.73,113.15,144.5,161.94,213.02,199.58,166.62,135.26,157.71,196.11,236.3,220.06,192.47,190.96,156.56,157.15,139.28,103.73,63.891,64.795,63.37,107.41,160.85,164.72,139.06,144.62,138.29,86.767,47.005,45.217,72.44,102.44,210.71,214.25,236.78,187.66,170.41,129.9,89.338,64.497,47.149,52.347,63.867,53.336,44.797,44.191,44.496,49.865,48.579,65.292,87.459,89.935,46.635,45.865,50.367,41.609,69.407,88.121,69.805,49.512,66.237,73.586,57.216,49.877,54.67,52.624,43.26,50.939,61.104,68.387,77.418,85.957,88.536,69.472,51.571,54.942,58.141,48.604,60.417,69.515,54.343,47.316,49.231,50.643,50.265,45.634,49.126,47.487,59.627,51.846,57.692,78.443,63.516,56.01,82.807,79.817,70.356,84.705,96.619,115.62,111.73,128.8,140.44,90.587,69.541,59.957,55.141,74.7,85.524,97.363,109.1,82.121,59.546,42.03,48.594,63.346,83.005,72.425,64.606,45.092,52.46,43.982,42.388,45.989,72.271,54.396,44.169,95.167,74.116,48.099,70.436,84.177,128.5,149.17,136.86,107.35,141.39,138.32,124.69,132.19,128.74,131.18,173.6,182.2,140.9,138.48,130.8,103.98,110.07,117.52,104.83,103.59,112.87,114.55,124.46,111.35,100.37,92.757,90.547,89.331,88.783,95.297,118.67,132.64,127.45,102.27,61.038,49.539,48.184,45.163,46.583,45.982,46.57,43.201,46.819,53.901,54.214,58.746,59.555,59.067,59.154,58.051,52.553,49.596,50.652,53.561,76.812,82.378,72.53,61.831,50.492,77.629,108.41,91.925,65.648,66.235,51.653,43.373,52.661,53.522,55.039,45.538,47.666,50.886,42.674
-14.5,48.017,58.088,51.543,61.219,64.236,71.663,69.818,86.814,72.332,70.895,73.329,60.339,70.39,68.015,96.491,98.489,117.71,132.86,169.69,134.18,147.03,150.51,109.39,103.64,100.3,67.742,71.064,78.479,89.076,95.669,117.2,171.44,114.99,107.68,123.81,124.84,122.53,108.69,113.59,94.36,108.9,52.314,61.184,56.489,56.61,57.855,63.433,91.273,141.87,146.52,214.87,243.69,235.48,182.09,148.89,100.57,61.287,53.166,46.464,44.099,41.697,41.33,34.909,39.767,37.413,42.72,44.151,46.979,48.1,66.204,59.533,59.432,71.753,93.782,134.86,222.78,261.73,268.65,242.06,181.15,120.21,79.675,62.702,75.538,93.857,109.7,103.57,66.694,64.479,72.175,76.365,68.831,70.572,92.34,133.22,204.74,230.43,246.66,259.77,183.83,101.97,56.042,50.671,49.76,48.925,47.883,46.719,53.327,83.231,103.07,89.645,85.473,99.144,104.82,126.76,160.99,124.97,116.64,102.79,121.66,148.34,149.84,221.51,265.78,293.79,300.65,261.79,223.95,135.7,114.51,104.63,102.78,92.78,104.64,125.79,204.15,234.92,209.78,191.79,121.28,57.088,60.436,76.835,93.516,81.453,53.208,43.672,43.573,41.772,46.468,49.361,43.424,52.324,66.924,70.743,98.091,132.06,211.48,213.02,225.93,169.45,133.83,144.91,194.07,207.06,197.25,169.97,190.32,219.84,216.29,167.97,119.72,78.033,52.598,53.479,63.545,106.69,167.19,172.16,129.59,113.6,89.347,59.345,53.917,64.21,103.38,116.89,233.35,216.33,222.25,221.1,157.45,122.84,85.611,70.533,62.35,51.937,61.75,58.751,43.711,45.033,47.559,50.838,49.582,56.434,49.583,69.356,48.002,39.666,46.691,52.871,70.022,80.526,55.053,46.928,61.381,91.487,64.193,49.789,50.045,55.014,62.402,54.465,47.739,45.554,45.159,48.453,44.827,42.729,44.246,42.38,42.988,53.845,59.85,52.028,49.168,48.808,46.587,48.841,46.09,49.439,55.472,69.181,80.825,65.844,44.003,50.041,45.848,45.736,49.258,45.738,46.654,49.474,49.618,74.344,102.84,109.01,127.02,123.75,96.849,59.275,53.154,46.736,51.847,68.76,59.803,45.972,43.119,49.445,60.478,87.74,63.434,50.565,49.236,56.423,61.518,51.248,86.771,113.88,110.36,45.079,64.247,62.894,47.316,84.668,96.025,91.638,147.09,180.56,168,146.76,135.75,135.65,126.69,134.68,126.21,159.42,199.78,167.88,148.28,143.63,134.2,132.29,154.64,148.7,102.65,103.3,84.285,100.72,94.94,96.745,87.918,83.301,87.911,88.331,91.537,101.96,113.41,139.69,141.84,110.87,75.195,48.67,44.99,46.944,43.755,46.963,51.65,49.186,52.406,71.316,100.07,103.63,106.04,115.23,109.29,110.06,91.299,60.096,54.958,57.841,85.025,133.28,93.193,59.692,64.347,62.072,93.449,96.876,62.109,55.071,80.942,69.711,47.509,51.29,50.821,41.442,46.266,47.963,41.78
-13.5,66.796,72.991,63.898,62.272,64.232,71.497,83.254,99.381,76.314,64.132,64.511,60.675,61.295,80.797,119.04,131.69,129.14,146.03,178.86,157.65,118.12,145.52,109.69,130.5,108.29,63.041,70.904,73.255,86.352,120.89,147.41,140.53,116.64,105.51,115.71,157.57,150.57,169,130.3,109.82,106.13,56.2,44.945,45.282,64.564,73.451,78.151,75.727,98.217,125.92,216.07,269.86,247.55,249.67,196.14,134.61,67.041,59.388,55.356,62.025,48.34,57.581,49.626,42.208,38.516,36.406,38.787,38.721,48.034,53.41,65.955,62.164,62.686,119.49,177.2,251.54,293.32,296.82,261.85,216.93,150.39,101.68,83.926,77.776,104.45,131.84,115.14,97.375,98.1,101.42,111.71,118.2,116.2,124.23,130.26,195.26,210.16,217.74,250.39,245.05,197.35,114.68,59.702,48.824,47.638,49.219,47.241,51.832,71.625,70.629,59.713,58.138,66.554,72.584,61.158,74.986,127.66,215.58,228.52,205.98,179.05,214.68,264.35,291.75,283.7,230.63,167.84,114.46,83.441,94.32,115.93,100.4,94.231,99.95,125.68,173.06,183.15,142.02,167.7,150.26,74.485,84.63,86.135,93.11,48.673,49.018,48.142,48.402,49.543,58.299,60.781,56.228,57.282,71.952,69.449,80.024,145.37,154.27,212.67,219.45,174.71,156.76,174.42,210.12,181.4,173.16,180.54,142.36,148.45,134.08,115.24,85.913,71.882,63.213,60.771,68.648,105.62,135.97,122.91,94.794,74.64,59.099,53.353,65.52,119.16,181.72,183.08,213.22,190.99,262.69,220.65,155.01,117.32,75.893,66.439,71.197,63.987,56.258,60.015,46.154,45.821,48.834,47.733,41.257,44.626,41.908,43.214,54.557,105.15,77.95,59.339,82.012,62.509,52.86,72.192,67.845,62.224,76.261,56.801,54.844,55.386,63.47,67.957,57.891,46.294,48.865,41.644,43.154,42.344,46.301,44.889,41.388,42.799,49.055,55.024,57.957,53.019,62.581,59.085,48.155,48.709,64.81,61.692,52.313,66.809,53.892,45.468,46.251,43.832,45.372,45.149,48.812,46.898,45.162,47.487,54.448,53.339,59.097,72.897,81.3,80.199,84.062,101.42,67.918,54.052,76.878,68.343,66.008,92.316,112.99,78.529,47.793,56.869,90.236,70.326,75.438,89.27,130.28,149.87,71.909,65.125,63.36,40.408,52.752,86.934,81.149,113.05,178.83,190.2,157.23,132.44,117.96,111.5,120.4,129.19,127.27,124.46,131.42,142.7,170.87,160.28,166.61,137.05,160.14,153.29,112.31,104.76,89.642,83.159,95.119,115.51,137.15,102.71,108.36,113.1,108.89,101.28,103.12,134.89,151.74,124.02,62.172,43.868,43.7,45.688,59.363,60.969,57.465,50.935,58.972,78.275,97.359,126.41,129.88,109.94,89.736,101.22,88.747,64.095,82.901,68.521,58.82,73.483,51.962,55.854,52.282,47.856,48.106,55.394,83.33,84.438,95.405,58.725,42.079,51.384,53.137,44.166,54.57,74.059,83.058
-12.5,55.908,67.625,65.023,64.811,77.522,92.983,119.28,99.295,75.067,67.632,71.163,69.881,63.434,95.072,151.38,150.73,146.63,131.48,176.36,133.81,102.74,103.81,114.18,115.49,90.623,94.251,74.719,73.768,98.129,110.98,102.19,106.76,116.75,131.35,117.46,145.32,172.09,165.67,110.98,154.3,135.84,60.011,52.983,73.148,89.163,118.99,129.92,163.33,104.91,115.13,195.17,237.58,243.91,161.2,99.032,122.14,68.477,43.112,42.662,42.121,35.64,31.145,36.918,33.804,27.559,29.917,37.034,40.43,48.865,64.453,64.675,58.001,74.596,144.62,141.28,182.89,250.95,297.52,278.13,203.96,147.24,108.58,118.45,79.214,82.983,74.089,82.435,103.08,128.49,142.96,217.55,204.43,144.9,97.615,126.69,176.18,205.61,202.17,175.62,197.96,173.25,158.46,112.6,55.887,47.312,43.128,43.542,46.047,46.094,48.46,51.135,48.639,45.882,51.233,55.139,51.052,63.91,119.28,152.31,184.6,221.25,257.1,285.04,272.1,197.45,127.9,100.58,73.845,77.902,93.65,85.99,99.203,101.61,116.88,107.59,151.42,162.57,144.68,170.78,135.12,81.985,126.62,161.79,119.69,75.659,64.866,65.749,76.382,74.157,72.094,56.294,50.028,60.266,56.959,62.606,58.901,102.4,70.985,110.19,143.01,116.62,172.37,132.27,144.72,165.86,187.58,198.25,184.96,123.81,107.54,67.898,65.854,71.748,72.206,69.51,63.504,73.88,161.7,120.32,69.744,56.888,45.744,42.481,47.003,77.964,134.03,143.52,133.63,166.56,196.69,152.64,111.57,88.592,91.565,57.155,59.12,52.916,50.167,51.693,51.319,42.884,40.981,40.099,41.616,40.946,39.796,44.559,63.722,72.425,53.17,52.642,58.694,69.201,88.056,87.876,90.468,91.025,88.634,90.649,88.66,62.149,66.56,71.016,69.533,56.157,65.372,49.206,43.149,43.512,52.599,55.531,42.814,44.343,54.642,55.92,49.342,45.992,43.876,41.801,41.656,38.321,41.675,41.135,44.276,59.562,52.611,48.744,43.415,44.457,46.17,46.446,48.422,45.284,45.175,43.522,47.92,53.657,90.306,134.11,113.01,71.846,84.488,104.62,83.398,69.601,59.054,45.367,65.429,86.159,64.149,52.429,65.537,81.286,70.275,56.853,64.838,63.265,83.689,76.17,60.335,65.395,41.302,45.898,74.644,84.15,98.578,171,183.13,176.71,182.88,172.04,161.07,133.32,114.73,127.6,124.09,129.51,131.51,132.12,168.97,153.82,147.4,163.37,178.84,169.15,120.67,128.94,109.67,84.011,85.219,102.45,122.21,134.38,163.57,156.44,152.85,129.77,129.05,158.63,175.53,138.51,90.154,54.59,46.617,51.436,78.576,84.071,90.735,81.517,73.253,61.721,60.694,69.558,67.29,63.499,66.204,73.994,95.958,94.387,75.947,53.883,46.005,44.824,48.842,57.316,53.151,41.432,42.122,42.416,45.231,46.156,57.608,49.753,44.428,47.652,51.543,86.891,94.489,94.94,65.127
-11.5,64.212,63.554,74.369,60.304,76.861,88.817,91.678,84.489,77.718,83.849,81.122,83.601,66.839,79.19,170.14,145.81,122.5,117.05,147.29,128.27,118.61,116.97,93.772,91.265,101.69,106.62,114.13,110.01,97.457,81.929,69.598,106.35,105.17,137.7,134.29,106.69,116.15,105.43,107.03,179.71,160.45,87.5,59.149,56.303,62.36,100.01,103.2,111.64,142.98,130.19,208.81,231.31,173.51,149.06,117.17,104.44,72.342,64.027,41.326,53.325,44.748,32.979,33.351,33.815,32.191,38.188,41.559,45.926,54.583,58.87,70.111,57.882,49.624,64.76,89.235,107.45,156.53,206.01,172.26,119.16,75.162,56.375,71.247,93.121,109.37,64.009,66.06,71.984,85.231,112.65,131.22,178.94,217.18,133.49,170.36,241.79,265.37,289.6,284.7,214.3,187.67,115.96,123.87,129.39,68.314,48.997,45.404,46.027,41.865,41.961,43.9,41.638,44.568,45.922,49.579,57.961,80.775,80.923,95.764,151.95,198.23,218.84,178.04,153.51,93.385,73.172,76.501,87.641,79.908,67.214,91.763,84.415,105.2,93.184,88.043,145.75,190.72,189.55,159.33,118.75,68.226,131.56,164.97,98.282,94.127,70.596,56.689,55.024,51.92,60.345,59.199,54.551,49.242,55.69,58.662,59.033,64.856,86.004,65.383,109.64,111.92,167.38,198.73,194.72,198.76,235.43,226.91,223.53,193.87,129.01,92.457,86.199,120.73,104.73,85.523,54.549,65.099,93.961,101.53,65.453,48.002,45.196,45.618,42.415,65.83,78.987,67.821,85.088,138.34,118.76,101.92,95.569,95.642,79.508,71.813,65.523,49.567,42.115,43.657,43.742,42.122,41.665,41.958,41.915,41.656,43.269,38.961,37.364,37.657,45.047,43.733,46.954,52.893,83.211,92.221,103.4,83.287,71.97,61.686,64.063,49.658,50.962,65.49,79.684,70.564,64.849,70.624,65.021,48.392,53.385,55.346,52.577,49.559,48.57,40.029,42.235,41.637,43.587,43.344,39.369,40.07,42.289,47.965,58.601,60.092,56.736,60.31,62.941,54.602,46.287,47.864,48.507,51.108,52.915,52.625,47.725,49.844,79.912,95.051,68.435,100.75,81.644,61.285,55.231,54.151,43.865,46.929,55.491,50.633,46.251,65.334,60.51,54.384,50.534,55.427,56.512,60.478,55.625,57.134,58.887,41.813,46.859,70,115.86,105.46,154.06,192.22,217.27,213.36,199.62,172.08,155.93,123.25,106.81,109.72,109.72,132.78,132.86,133.51,161.25,158.6,157.79,166.49,154,177.05,124.67,117.18,112.64,93.41,87.684,112.75,147.65,199.05,240.1,227.77,208.19,178.82,152.56,164.66,163.68,131.83,107.6,81.899,49.623,51.731,74.922,94.566,111.51,98.995,93.055,83.917,70.535,55.029,47.693,46.873,42.768,44.509,53.251,70.006,79.189,57.926,56.991,55.249,78.438,95.147,55.384,43.749,41.509,42.128,41.216,51.375,79.001,76.822,73.206,73.974,103.59,107.78,62.34,63.129,51.607
-10.5,80.987,93.635,78.559,80.844,86.988,80.888,72.414,70.67,66.567,68.181,75.47,75.22,80.743,110.08,136.29,127.71,109.48,141.39,159.46,134.61,142.91,85.558,63.957,89.328,91.065,107.17,82.026,83.01,72.974,93.395,84.877,95.137,99.183,130.68,127,111.77,107.26,119.21,120.24,173.74,166.89,83.356,46.171,47.282,52.972,46.474,53.008,70.664,101.77,149.65,180.43,145.92,106.19,144.84,167.07,96.023,76.531,84.302,69.357,52.866,45.192,30.668,33.236,39.485,34.422,52.674,54.63,50.85,54.517,54.944,80.437,92.434,75.047,66.827,73.653,92.224,94.571,122.02,132.4,108.17,81.509,70.25,71.766,90.872,102.61,57.789,44.509,63.729,72.782,64.432,57.008,67.642,90.613,102.26,107.24,154.57,214.37,252.18,247.92,218.04,137.88,92.208,74.019,123.95,126.51,65.564,47.579,45.471,51.918,63.03,49.664,56.236,61.764,61.225,60.451,66.227,125.24,102.21,103.98,123.4,129.61,116.32,96.139,93.385,99.737,70.905,83.598,68.815,52.488,49.696,51.811,50.544,58.898,96.699,134.66,139.41,197.05,184.61,139.36,87.878,91.725,139.49,95.471,74.778,80.26,85.679,79.434,55.403,50.852,62.478,62.456,56.97,53.275,49.221,47.241,51.539,57.48,92.812,86.539,83.231,123.64,192.19,220.04,232.93,196.61,244.4,234.56,235.03,186.86,117.26,80.89,74.443,105.31,81.956,75.903,58.79,58.054,60.936,57.628,59.83,53.794,43.549,48.878,54.458,56.266,48.534,45.95,64.789,75.828,70.936,101.64,127.31,122.14,69.776,48.698,44.04,45.298,40.431,42.112,40.609,42.461,43.318,39.682,40.921,42.829,39.689,37.407,40.373,42.021,39.71,39.37,42.101,51.346,95.911,107.42,86.163,55.482,53.083,66.321,76.228,64.63,50.544,51.11,57.466,73.156,81.562,108.01,98.87,54.545,52.086,45.965,50.801,56.925,55.344,47.922,47.285,63.913,69.537,49.784,45.91,43.107,52.484,58.895,59.668,50.437,52.095,46.638,49.84,47.033,52.001,59.824,65.474,64.212,60.339,60.349,73.681,56.133,55.043,58.473,66.457,78.27,76.4,72.171,58.968,57.338,56.518,51.556,53.709,57.644,49.625,39.869,41.466,42.843,51.348,54.263,57.827,48.078,53.542,58.511,44.526,41.502,52.405,120.71,122.44,162.14,206.65,249.32,246.07,199.51,168.64,147.63,140.5,121.24,111.4,123.49,138.22,159.29,151.71,158.5,206.85,206.07,166.04,157.44,170.5,169.03,99.626,89.115,100.53,92.641,85.352,100.75,132.33,160.64,190.35,215.15,241.31,192.83,168.61,172.94,157.86,137.58,113.17,92.972,67.54,49.178,60.463,79.464,87.863,103.81,82.017,74.247,50.219,46.97,43.063,43.76,44.825,46.664,47.84,57.164,101.61,85.864,59.358,63.367,77.355,69.802,84.878,60.174,49.051,47.059,44.03,48.422,65.984,72.283,93.406,126.05,134.22,123.72,89.683,71.287,76.872
-9.5,146.73,125.12,104.97,116.82,146.6,123.71,100.23,79.692,65.072,70.367,58.801,97.758,112.7,147.3,130.27,150.31,167.83,143.22,98.946,84.562,79.825,66.959,74.36,77.905,76.72,86.773,81.783,73.458,62.091,88.86,85.463,93.711,104.75,133.14,122.64,132.4,111.48,117.56,147.27,190.85,198.76,110.6,61.615,61.488,53.093,72.823,91.321,122.82,114.68,111.48,122.01,108.46,92.249,84.664,61.053,61.867,70.942,63.668,49.636,49.411,47.595,38.793,39.515,53.558,49.698,64.531,57.747,56.645,68.334,61.661,102.18,173.26,185.62,161.67,92.65,69.953,69.083,105.55,107.27,109.38,107.87,80.607,78.988,48.668,54.799,53.577,47.71,57.024,86.738,59.633,54.558,60.267,68.641,75.449,63.894,64.382,82.269,115.68,113.59,98.272,66.517,51.126,51.053,74.331,121.09,105.25,84.44,79.214,91.132,95.858,80.169,112.92,162.82,140.84,66.095,85.442,87.595,80.015,89.473,106.98,98.14,96.963,69.294,63.929,118.65,75.706,72.315,45.151,41.105,45.345,52.118,58.87,66.351,66.827,94.187,110.01,114.88,143.76,115.74,103.66,93.257,91.58,79.272,61.296,73.022,94.006,71.624,100.13,101.21,85.651,81.189,91.77,66.5,54.317,48.787,63.135,68.157,63.523,75.247,96.279,124.94,219.24,210.01,197.86,212.51,250.85,227.72,207.1,184.25,134.64,94.156,87.94,68.663,63.741,84.167,65.283,74.103,49.872,51.389,60.173,46.581,44.046,57.277,54.987,49.705,44.268,55.866,51.332,49.075,69.118,121.53,180.96,154.2,95.684,65.282,49.591,47.698,46.3,48.706,47.768,44.52,41.122,38.943,38.549,40.138,45.26,46.419,49.116,42.743,41.724,41.144,39.933,48.987,63.99,53.863,49.864,56.085,57.545,67.609,86.054,92.623,65.401,45.905,51.989,62.714,74.032,95.967,87.164,59.94,48.013,41.962,47.775,50.062,48.655,45.027,50.914,61.362,48.816,50.329,54.497,69.667,65.219,58.632,55.149,56.567,47.272,49.822,49.439,49.995,53.492,53.374,50.458,48.897,52.815,59.396,51.229,58.288,72.703,67.05,67.067,58.464,70.561,63.932,69.069,69.164,76.954,60.555,55.922,49.032,40.748,40.105,45.045,52.064,56.534,73.869,66.524,50.211,83.944,51.102,43.069,40.941,61.976,133.62,166.81,237.47,262.09,276.64,232.55,174.69,168.74,154.99,141.22,106.58,129.84,152.99,170.18,185.49,185.52,188.8,252.39,228.8,188.35,136.11,136.96,136.02,97.997,92.284,98.077,97.353,87.461,83.331,99.917,121.84,160.65,192.55,213.39,221.86,189.36,160.47,163.38,152.21,115.95,98.025,95.292,64.941,51.206,50.715,55.448,56.352,50.565,49.269,48.716,45.055,46.034,49.665,48.52,43.302,45.298,54.067,79.722,55.306,44.068,42.177,44.495,89.676,119.73,62.091,56.32,56.269,57.917,69.654,85.365,89.816,87.669,104.9,110.9,116.35,84.609,77.923,101.49
-8.5,89.391,133.62,137.92,139.41,152.82,129.55,118.43,91.599,78.336,76.882,71.038,99.192,125.46,146.8,153.55,170.64,157.05,141.43,132.27,93.223,93.087,88.217,98.888,81.922,86.251,71.493,76.056,92.08,67.154,72.351,76.44,83.396,86.382,89.278,81.118,97.991,92.644,100.29,125.76,133.97,143.24,82.063,79.761,105.35,94.501,110.1,207.19,248.07,261.22,270.19,207.89,186.86,150.67,64.86,44.346,48.5,64.719,64.734,44.3,41.946,34.468,48.626,66.93,91.896,62.172,71.284,62.312,72.59,69.313,97.705,142.45,242.19,270.3,198.47,120.4,113.88,75.869,70.735,89.474,105.62,90.785,89.089,56.494,52.715,45.455,44.928,48.934,74.085,96.797,63.338,43.763,55.547,63.29,75.162,72.819,66.604,67.681,92.618,65.618,44.574,49.477,58.414,73.461,55.715,57.589,75.915,64.403,70.879,73.368,137.9,149.76,109.78,118.85,122.31,114.83,106.71,125.86,120.74,122.31,124.52,150.32,107.42,85.477,80.966,99.844,112.2,78.692,43.996,41.07,44.803,46.757,43.66,46.033,61.319,67.909,71.323,108.02,138.5,137.66,103.02,80.192,89.068,99.211,84.52,75.23,69.449,87.351,115.75,70.032,68.225,77.274,96.193,83.696,70.42,53.53,58.82,65.876,98.327,85.568,129.87,135.52,207.63,176.06,221.86,215.36,216.73,203.53,171.2,137.2,89.647,76.107,84.72,87.064,78.238,50.063,46.561,45.781,46.81,51.506,51.925,47.592,45.901,62.593,62.308,68.563,46.269,52.63,60.498,63.612,72.588,153.5,185.57,157.4,104.48,77.434,59.037,68.896,64.238,48.457,45.889,39.589,41.271,42.53,49.106,49.142,48.269,51.669,49.557,46.118,46.067,53.719,64.012,60.232,49.173,43.907,50.718,51.254,53.204,51.991,63.346,62.16,55.798,48.829,49.349,43.016,41.58,44.78,50.32,50.392,50.71,46.551,46.824,43.373,44.527,50.752,50.956,49.458,48.805,59.909,64.161,71.789,69.351,59.31,55.903,56.111,55.915,51.926,52.487,54.992,51.623,52.172,55.144,54.054,51.474,57.686,68.743,61.21,56.978,59.258,57.298,62.334,58.264,53.1,66.932,61.412,56.292,44.581,41.17,40.44,43.362,49.998,62.903,70.59,75.199,111.8,115.54,80.21,59.531,40.859,45.644,46.264,91.919,134.09,221.04,276.86,270.4,255.36,189.36,177.73,182.29,168.04,138.06,154.04,179.93,191.34,202.13,210.25,196.83,246.79,262.44,200.69,166.59,135.56,127.14,125.58,98.745,86.616,90.613,92.816,70.739,83.518,97.757,124.41,163.72,213.61,241.35,217.9,179.36,156.36,156.34,139.95,114.17,94.284,108.15,97.611,55.753,45.398,41.275,45.329,47.2,48.651,51.431,50.98,46.471,44.875,44.211,42.015,43.182,47.271,51.78,49.369,46.662,43.552,49.841,71.825,63.269,67.149,78.978,84.761,82.651,97.298,96.292,98.896,107.89,119.35,106.5,89.147,75.365,87.044,80.036
-7.5,76.42,90.841,113.86,105.13,99.724,116.04,111.15,116.57,124.24,121.54,129.26,194.52,183.23,152.42,174.93,199.03,193.53,173.14,160.48,114.45,116.43,119.65,123.11,110.05,100.96,78.199,68.886,66.407,86.61,86.607,62.259,75.734,86.345,77.835,70.364,71.886,89.001,101.15,98.375,113.17,63.065,55.067,82.337,88.046,86.789,117.01,187.73,239.72,223.12,195.06,127.57,160.14,171.78,47.915,50.727,58.158,66.94,55.549,52.645,41.609,51.894,61.728,86.778,151.76,89.314,67.652,63.598,62.846,73.899,128.11,215.23,256.55,226.99,173.49,162.76,186.51,103.18,88.45,132.87,95.191,64.56,83.374,65.797,78.581,69.074,53.547,57,67.39,92.589,80.157,71.424,48.331,57.168,74.444,77.675,59.447,55.806,63.081,44.76,42.673,38.696,41.006,46.404,48.283,49.715,50.511,58.546,91.197,102.91,111.59,136.12,105.36,120.75,102.07,77.642,75.983,86.939,93.423,75.803,90.944,108.15,94.936,114.86,114.51,111.95,101.3,65.276,43.861,40.725,42.258,46.645,58.72,45.136,45.771,56.426,67.405,99.962,159.61,149.64,115.99,111.83,99.04,79.265,75.956,86.356,98.008,114.05,91.497,68.319,68.807,83.935,80.822,84.422,76.371,57.421,76.431,86.789,112.97,110.61,157.04,158.96,177.86,174.96,206.13,201.73,182.06,165.75,145.87,121.21,101.96,74.713,61.586,71.916,80.055,59.824,52.81,51.02,53.738,44.317,53.367,52.319,45.425,48.136,65.53,63.487,59.717,63.538,63.842,76.699,126.99,137.2,93.961,91.654,98.057,111.75,81.938,62.488,51.984,40.461,42.798,39.241,51.072,78.249,74.273,67.264,80.181,76.235,82.113,116.82,118.38,114.07,72.839,59.402,39.855,58.41,67.241,49.591,52.391,40.216,41.944,40.826,39.933,40.442,40.484,42.162,42.479,45.251,45.611,42.387,46.392,45.414,43.81,44.696,51.165,60.221,69.943,64.787,77.268,64.079,77.646,84.37,90.134,66.708,79.79,50.971,46.778,50.218,48.635,48.416,50.156,58.916,63.694,55.018,59.171,60.825,69.621,79.712,68.406,64.165,67.081,67.517,64.042,67.456,77.715,81.406,62.514,54.96,57.699,48.574,59.488,66.637,88.223,97.704,117.05,160.21,126.6,62.021,43.701,43.017,50.803,60.516,128.68,160.69,218.43,222.39,232.58,238.25,215.64,185.67,159.51,149.47,140.18,158.11,205.03,224.71,231.17,230.94,266.09,291.83,250.89,205.41,138.81,127.64,129.76,143.89,98.278,92.2,78.858,86.488,89.53,87.867,100.49,119.1,152.33,198.46,243.03,246.16,213.63,180.84,153.36,120.51,89.918,94.839,107.56,125.23,53.137,42.764,43.319,44.176,45.013,44.007,49.275,46.572,42.849,42.834,43.492,44.427,46.963,48.723,47.864,48.868,45.915,43.661,71.945,63.726,60.183,68.346,81.376,88.454,114.75,110.86,93.372,108.55,118.78,80.768,87.874,93.314,89.491,67.012,63.895
-6.5,62.363,93.021,107.17,150.48,156.53,167.03,154.62,132.71,153.6,150.27,199.06,227.63,185.77,188.18,193.27,202.14,181.02,167.91,163.44,125.27,88.625,125.64,127.75,122.61,131.91,87.342,71.747,82.607,89.338,60.927,111.13,92.127,79.859,80.734,81.095,80.269,85.475,95.679,101.5,72.323,59.674,55.177,65.458,67.777,72.352,66.733,82.811,93.525,78.162,63.976,60.854,101.49,103.55,55.951,113.39,99.213,103.11,77.218,60.484,44.389,65.809,106.9,112.3,97.952,96.671,61.573,81.299,84.144,94.987,138.99,216.6,226.9,188.36,154.59,173.36,219.66,177.02,150.51,187.29,165.17,133.43,123.7,70.518,57.412,73.837,69.723,57.449,76.396,65.047,62.231,58.493,67.64,62.856,75.755,57.469,51.13,52.624,49.656,45.665,43.203,40.09,39.172,39.738,38.475,43.232,82.875,122.58,143.42,111.45,80.23,130.35,114.15,87.355,70.185,78.245,81.876,96.833,101.72,105.55,115.45,117.22,93.612,81.194,73.93,77.499,57.265,42.049,41.542,47.225,51.684,57.489,54.153,44.939,41.941,75.141,69.01,107.09,159.36,171.04,160.04,157.9,133.25,104.57,117.95,106.37,104.53,104.75,109.89,77.698,71.083,92.423,93.013,88.266,80.651,78.655,103.42,112.32,91.858,112.13,127.12,181.57,167.84,186.26,157.78,164.45,176.17,129.79,107.51,100.88,98.389,132.64,115.7,100.06,86.408,68.044,55.197,51.673,44.549,44.316,59.15,47.56,46.86,57.158,64.973,69.646,65.546,57.233,58.138,71.606,62.901,55.877,54.803,52.026,52.331,55.192,47.862,44.495,42.831,49.391,76.003,73.992,70.02,73.439,103.62,117.82,138.42,159.75,126.96,178.82,195.45,120.86,94.771,80.593,80.596,73.361,74.791,58.781,58.697,50.727,52.819,56.46,48.634,43.059,38.989,40.366,40.734,42.655,39.763,44.263,51.129,47.654,44.757,51.885,72.938,96.63,114.19,113.78,111.91,125.19,135.34,140.89,123.07,89.183,62.307,50.134,50.651,47.733,62.934,74.485,85.667,97.687,101.98,92.854,74.082,82.133,97.098,84.532,84.535,86.08,90.027,80.224,74.361,85.88,133.43,74.612,58.285,66.516,78.15,73.133,73.741,98.914,124.44,128.97,138.35,105.99,68.125,49.709,42.161,47.645,81.139,95.33,124.07,195.06,270.41,291.05,231.25,193.91,204.72,193.55,161.07,145.86,184.42,203.92,223.37,230.95,247.29,258.41,262.86,267.81,229.22,157.85,121.78,138.59,167.9,158.34,94.21,96.092,113.64,133.91,157.15,143.78,127.76,122.32,125.53,172.18,206.77,259.21,256.37,223.31,155.75,120.58,97.613,86.713,101.86,101.01,49.964,48.337,46.157,46.434,43.736,44.066,45.796,43.909,45.056,47.878,53.765,46.361,46.566,54.811,58.615,50.917,47.981,59.516,48.872,61.632,55.211,58.214,74.766,115.79,115.67,131.23,170.58,131.61,124.12,110.91,110.33,111.38,111.9,81.087,69.877
-5.5,72.644,78.9,103.45,180.92,244.25,265.71,187.58,116.61,122.6,120.73,131.64,165.68,154.93,197.49,172.79,165.81,173.98,144.63,129.37,110.44,89.154,108.9,90.536,114.26,119.86,82.542,85.471,94.822,126.76,109.4,104.36,82.677,79.016,78.089,85.771,100.84,97.455,102.23,95.528,53.473,46.243,40.412,45.977,48.074,44.255,46.125,50.374,47.132,48.306,53.739,55.161,73.88,61.105,51.227,62.373,62.873,50.628,84.827,86.152,60.802,62.869,83.754,59.083,83.878,95.043,70.648,85.511,101.53,140.43,188.94,247.97,236.76,214.06,255.34,236.98,248.5,163.46,110.76,141,142.53,112.71,156.99,98.908,72.617,71.382,71.761,76.757,67.097,68.318,76.933,74.591,56.537,53.027,49.26,48.959,71.41,87.522,68.56,77.624,114.81,71.615,40.493,40.769,42.238,73.033,102.39,101.03,159.73,177.54,134.1,109.36,135.59,131.48,107.7,79.634,107.91,118.78,93.823,96.989,102.59,82.226,74.16,77.835,51.815,40.173,41.026,50.245,59.852,63.23,72.313,66.218,51.544,52.563,50.793,72.942,81.916,128.18,144.73,141.37,154.45,178.58,192.28,159.67,166.97,117.41,96.961,76.376,73.205,97.1,104.74,103.98,133.73,85.192,76.804,86.656,87.636,101.62,109.16,95.598,98.386,178.54,156.17,164.81,158.91,150.36,137.61,87.92,66.788,90.747,118.05,94.347,94.182,75.159,82.652,66.745,49.708,44.985,52.459,57.149,56.881,50.719,47.636,49.378,50.318,54.879,51.905,53.493,49.413,53.93,53.966,50.533,57.043,49.045,46.129,44.508,46.168,44.135,43.044,41.217,55.664,70.16,74.066,85.599,79.691,93.616,95.182,85.888,110.33,162.78,204.76,119.91,85.984,77.187,61.716,59.213,74.477,59.74,49.711,50.68,65.875,59.207,45.904,39.791,42.045,44.659,42.858,42.837,52.422,72.007,74.708,65.681,90.714,99.2,121.46,149.95,161.97,166.24,172.77,182.92,187.11,182.13,112.72,80.557,63.948,65.237,61.6,78.65,91.066,128.16,153.84,172.45,138.54,115.55,107.91,106.81,113.55,132.93,142.64,131.5,124.08,96.992,99.901,80.523,57.954,60.79,58.584,62.378,112.56,81.614,115.3,145.24,150.13,181.33,130.71,62.022,55.432,52.463,42.117,48.662,87.392,102.07,105.05,173.72,275.61,285.56,230.97,130.93,133.27,139.31,127.6,151.13,178.6,221.89,226.4,244.77,266.41,257.3,241.11,244.48,170.69,106.61,121.79,121.06,150.36,123.68,115.39,117.89,162.68,149.92,148.73,172.08,212.35,172.98,106.42,112.25,152.58,199.91,216.15,202.99,177.14,128.72,90.708,90.061,93.892,77.888,48.222,49.523,47.536,47.607,49.113,49.455,63.871,90.102,70.439,54.921,86.502,56.274,46.908,67.964,70.559,56.911,57.536,48.798,49.309,52.89,50.772,67.883,80.055,94.829,139.51,171.43,271.49,196.34,143.02,144.48,133.46,133.62,179.69,184.39,139.32
-4.5,186.39,92.997,111.72,208.91,274.79,232.85,138.63,86.406,102.44,109.84,129.22,140.86,148.75,206.99,170.59,174.68,176.71,167.92,137.52,114.46,108.82,139.84,156.1,197.08,183.35,155.86,83.623,96.719,167.96,192.95,118.09,91.06,78.668,74.715,87.224,104.21,99.55,110.58,103.86,67.375,42.744,41.831,43.234,42.265,42.384,45.103,46.333,45.513,44.681,49.264,51.947,48.364,45.621,41.453,37.708,35.7,37.674,37.291,40.218,40.92,41.352,40.845,46.847,51.658,66.686,58.546,68.516,98.682,101.83,157.98,212.86,223.01,234.95,261.55,283.24,267.47,233.9,174.92,162.87,177.85,138.2,196.1,138.42,60.86,53.119,66.153,60.659,58.882,63.501,74.117,69.007,67.214,50.753,50.799,67.376,65.493,79.303,110.09,119.31,180.78,133.61,56.159,49.308,137.28,163.71,168.41,199.66,130.55,121.46,96.153,90.693,92.031,93.976,98.524,120.28,96.845,82.057,60.361,56.173,78.837,77.477,73.559,83.057,63.599,46.049,54.743,64.658,60.838,69.799,58.423,38.091,45.595,47.29,47.813,66.924,106.42,128.17,143.56,154.58,172.36,146.01,131.4,132.19,114.55,111.76,100.59,58.93,61.731,69.75,87.863,74.488,90.446,102.23,89.3,69.991,95.04,112.41,79.332,69.275,74.373,86.339,109.49,118.53,150.45,142.73,114.93,100.36,63.652,83.11,93.544,69.729,51.048,43.546,51.457,49.298,52.935,52.235,58.126,49.498,48.098,51.803,48.862,49.858,54.909,52.73,51.862,59.154,65.67,54.337,55.366,51.91,51.226,50.871,55.115,51.562,48.234,50.372,56.439,61.256,65.371,77.874,98.275,90.687,81.605,63.225,53.094,60.382,65.917,87.87,105.95,118.7,86.828,59.725,68.502,67.125,69.808,59.069,44.207,56.056,44.381,42.591,52.349,49.817,53.754,59.523,56.693,60.004,92.671,88.329,66.298,106.26,145.59,160.78,185.57,178.91,144.87,106.24,111.88,130.26,106.75,77.153,78.37,82.08,69.551,86.795,114.66,149.14,202.91,186.69,175.55,208.98,194.6,166.37,131.32,187.72,234.41,255.54,259.11,222.7,202.29,206.21,180.95,98.298,60.241,81.004,88.113,105.53,120.08,118.17,141.34,126.28,136.44,147.04,87.886,51.014,55.065,49.423,40.775,49.506,81.624,103.06,127.8,204.63,220.03,189.21,160.82,105.43,103.31,98.796,112.64,139.91,174.42,201.56,212.72,253.3,269.57,269.15,282.37,258.19,168.47,127.87,117.63,114.79,106.82,94.642,121.19,137,162.79,163.81,194.06,170.52,151.67,122.1,108.94,95.887,121.14,138.53,137.24,157.87,155.67,127.73,103.49,67.036,55.287,49.454,48.527,49.003,44.607,53.84,97.01,86.857,101.63,228.69,174.79,65.709,70.579,50.02,49.905,58.137,79.956,103.64,84.019,57.058,44.75,46.794,49.643,78.227,121.47,159.19,205.24,227.88,224.66,230.6,232.32,252.18,254.03,258.61,248.58,270.33,266.34
-3.5,252.09,155.33,129.94,193.97,222.02,149.25,116.73,72.619,82.2,103.9,122.88,135.87,156.54,210.41,222.01,199.55,157.81,130.45,129.88,123.92,145.9,192.61,221.71,237.45,182.95,132.77,97.88,124.97,209.11,206.57,156.37,105.11,88.094,75.226,78.609,76.661,103.95,111.58,101.98,95.531,55.385,44.087,41.772,41.27,40.624,42.975,43.94,42.392,44.881,43.114,43.598,41.942,42.723,38.942,38.057,38.668,37.434,36.789,38.669,39.664,42.514,43.061,45.246,45.229,54.109,58.779,60.837,71.367,75.147,95.459,150.99,212.19,255.13,267.2,290.44,294.13,286.89,251.97,216.97,194.04,145.56,193.2,136.59,94.947,57.97,51.029,53.56,56.137,59.169,63.189,66.484,74.23,68.805,51.812,56.623,86.963,127.51,108.87,160.08,156.25,72.941,64.589,129.39,143.65,158.75,166.2,174.62,193.57,119.85,81.249,105.67,132.25,165.54,197.87,178.87,140.71,111.97,78.875,66.433,101.51,75.481,101.83,86.089,47.901,45.875,60.539,97.268,63.211,70.36,68.428,70.851,41.885,66.991,97.444,105.89,105.9,109.72,120.73,128.54,106.06,135.55,173.83,179.11,142,76.098,96.191,66.206,59.735,68.055,65.982,61.902,94.512,63.712,71.184,80.721,105.83,102.03,89.949,63.995,58.525,60.803,70.453,113.08,112.68,120.31,88.001,75.452,65.261,77.041,62.398,69.274,49.501,44.485,44.04,45.498,47.816,49.814,47.487,48.911,48.821,47.691,47.643,54.597,52.736,53.552,55.914,61.569,59.966,50.914,50.997,51.563,54.263,54.986,64.687,61.017,65.373,77.135,89.381,83.739,89.506,94.761,81.008,73.657,62.11,58.897,63.162,46.914,60.848,58.927,68.285,89.483,84.21,65.359,64.562,67.465,68.91,60.077,58.395,58.699,54.138,65.578,71.646,98.791,92.773,110.85,99.294,80.754,82.199,104.3,105.65,94.447,78.497,97.086,136.39,122.16,88.878,63.492,57.379,65.874,81.893,76.197,98.011,144.7,161.66,178.67,220.3,270.85,222.96,232.35,205.24,194.47,217.53,231.25,252.31,284.96,309.74,301.45,296.26,289.87,267.81,277.16,282.99,221.95,164.72,117.04,74.182,77.87,113.05,91.734,78.235,75.544,110.36,91.861,68.857,50.029,53.18,41.793,38.453,38.641,59.092,110.24,134.44,156.44,194.56,140.14,127.96,101.73,92.338,108.2,115.25,143.91,180.3,192.3,248.13,268.33,283.14,296.88,293.2,240.64,144.31,112.45,130.09,108.47,90.809,95.483,101.5,118.74,112.2,112.39,140.77,126.24,109.86,137.06,139.21,99.519,108.51,114.91,119.72,159.73,117.18,88.507,69.081,61.358,49.701,46.83,65.58,96.692,60.497,57.386,94.201,120.17,103.03,128.8,212.55,95.933,51.137,49.402,42.503,52.507,71.05,99.752,114.58,74.574,54.646,53.052,66.196,105.36,134.99,213.48,242.54,194.92,257.37,290.48,284.81,290.67,305.62,265.17,242.48,212.03,225.3
-2.5,119.5,99.095,92.482,104.19,171.36,156.49,115.69,107.85,115.98,125.47,132.13,144.95,167.32,178.93,214.28,204.59,185.5,154.97,158.54,161.95,193.24,236.51,252.5,239.43,214.71,177.93,136.1,112.97,144.57,149.59,132.76,110.81,74.781,85.946,89.233,81.179,92.786,100.03,100.48,104.77,70.161,51.156,47.618,47.701,44.376,44.73,42.763,41.305,44.602,42.645,40.609,40.836,39.963,37.869,37.205,35.662,32.809,36.402,37.553,39.565,39.823,37.705,43.841,46.411,49.495,51.392,49.367,71.681,77.283,140.49,214.81,234.3,259.51,263.4,261.51,255.26,245.87,233.58,176.13,137.06,133.21,117.08,96.268,75.278,76.355,78.271,69.304,59.428,78.112,110.1,88.073,77.412,82.68,67.863,53.926,73.359,102.06,107.66,133.09,153.04,75.057,133.26,141.6,153.37,137.78,127.23,147.24,139.47,103.41,113.61,156.08,138.05,166.16,193.02,194.71,159.64,178.5,190.33,118.32,117.22,116.25,123.81,159.6,57.061,46.86,49.376,76.584,92.489,108.1,99.006,97.706,119.58,100.79,108.51,105.77,84.453,95.373,97.461,124.05,87.714,121.13,131.08,100.38,69.693,57.491,55.728,60.951,63.667,62.625,50.794,104.95,87.332,57.181,84.837,62.179,70.361,73.275,80.08,59.98,70.254,57.13,50.067,56.816,59.096,81.198,62.09,53.852,62.894,49.335,48.443,55.369,50.841,47.644,46.132,46.91,54.02,58.79,55.125,41.801,41.414,42.065,42.309,45.854,53.533,50.684,47.401,56.018,55.035,61.037,69.897,51.809,47.413,51.138,54.639,60.406,75.142,82.14,80.348,76.101,69.157,61.655,53.432,50.573,57.691,66.163,50.55,59.26,72.473,70.5,61.475,55.581,49.718,45.242,42.574,44.443,47.345,50.749,54.781,73.853,70.134,95.761,66.131,62.051,56.697,89.503,77.607,85.006,110.92,142.02,156.08,106.78,74.022,66.136,70.788,62.776,60.523,51.42,52.443,51.938,55.395,85.217,97.348,138.56,185.66,248.31,231.15,267.38,200.45,173.86,168.92,156.35,166.76,187.51,266.98,302.59,306.01,287.11,245.31,232.04,189.67,206.73,232.22,209.27,154.79,114.79,88.467,115.87,163.8,167.66,95.976,57.206,59.46,67.053,68.768,49.123,49.979,39.247,40.308,38.715,62.815,115.81,138.13,177.36,195.57,143.98,96.996,94.842,93.618,129.39,125.38,138.65,176.59,232.68,263.24,283.33,273.82,265.34,242.74,177.54,105.05,89.67,146.38,142.34,170.26,90.469,88.281,100.69,97.781,97.862,101.03,121.79,134.1,142.26,116.38,113.32,114.76,94.339,106.97,92.811,108.53,127.77,97.024,83.954,67.407,59.625,76.743,69.531,52.401,67.549,110.35,69.58,100.93,138.59,185.54,142.97,124.63,104.27,59.38,45.103,67.693,81.628,112.15,88.073,49.413,47.559,66.447,103.49,132.75,163.68,166.33,190.71,210.7,240.83,216.36,225.38,232,196.92,165.87,126.73,164.34
-1.5,84.409,94.979,83.738,67.868,107.92,128.35,110.16,83.465,76.199,134.19,142.97,171.42,194.74,207.87,213.75,242.15,244.74,245.89,205.23,197.5,222.99,218.42,205.85,195.76,209.32,184.08,143.11,118.36,117.74,145.31,119.59,90.973,59.897,68.745,112.03,102.9,101.81,128.5,105.69,95.716,92.223,75.443,48.229,45.221,46.234,44.197,42.792,43.051,43.976,39.778,39.08,38.372,37.955,37.98,35.696,36.686,35.4,35.591,40.24,44.228,48.175,60.523,61.974,53.288,51.164,45.769,47.872,58.243,79.1,109.6,194.63,223.57,229.26,216.91,210.21,196.54,218.68,218.47,178.2,156.7,136.78,131.61,129.08,114.3,89.763,69.774,56.691,62.45,97.788,147.41,218.44,197.84,182.42,124.02,74.579,81.634,87.499,129.36,161.01,110.12,97.121,113,146.57,199.56,118.28,104.33,50.671,50.203,55.446,73.49,121.94,124.58,142.11,188.42,151.85,110.31,150.16,146.09,75.848,80.639,136.07,140,106.41,64.258,63.528,50.885,50.436,63.946,81.511,107.99,126,102.23,103.83,113.26,107.12,92.459,94.843,83.888,82.733,87.358,105.54,90.86,59.086,51.98,48.299,49.59,66.547,66.434,77.995,108.72,152.65,114.53,95.068,86.582,49.542,63.991,67.788,63.866,50.559,48.405,58.859,50.976,48.622,45.685,51.679,53.518,55.635,45.105,41.97,45.89,48.226,46.917,49.006,53.398,56.061,58.139,49.874,47.791,44.907,41.062,40.743,43.797,45.051,49.522,47.763,43.217,50.249,50.062,53.918,64.473,53.218,50.131,44.139,53.419,48.749,49.466,46.923,48.059,46.658,43.99,46.815,45.799,46.895,45.566,51.059,44.599,49.28,53.859,54.253,50.687,46.741,43.235,43.959,41.331,39.16,36.399,41.052,50.952,54.512,64.1,54.157,51.51,43.446,42.338,39.72,41.528,38.564,42.801,52.376,53.979,50.675,46.553,42.386,46.152,44.855,45.03,45.208,46.874,50.795,62.793,82.083,72.501,113.16,93.375,77.005,92.79,93.592,119.54,137.4,119.29,90.654,101.17,103.09,146.72,252.42,286.19,217.49,140.95,118.54,103.4,104.42,137.85,131.37,107.5,92.648,99.147,126.77,153.03,96.474,70.077,50.409,46.788,53.264,56.628,46.75,49.471,47.785,43.239,41.643,94.344,103.82,166.78,179.21,163.67,114.79,113.94,115.48,154.15,173.91,106.96,127.45,200.39,228.6,254.47,256.7,210.23,185.59,145.51,115.46,79.926,81.635,108.45,132.01,136.51,126.96,143.15,132.26,107.38,97.053,115.46,109.27,130.77,145.65,119.84,77.761,107.45,157.36,116.65,101.64,145.32,147.77,177.72,148.03,106.85,66.472,59.115,52.216,49.484,46.465,52.597,49.936,54.929,98.764,207.38,166.28,124.12,116.05,78.336,54.615,71.031,101.61,109.01,91.011,61.126,61.75,103.25,149.93,154.41,117.64,139.07,143.3,120.08,128.71,127.91,146.36,127.03,82.221,78.907,65.859,76.289
-0.5,83.028,69.087,56.935,78.774,147.32,155.01,102.89,82.976,78.607,116.23,134.44,161.36,185.2,198.53,234.62,248.28,278.87,281.45,236.15,221.95,222.59,224.9,143.75,147,135.56,143.76,155.77,134.44,127.69,111.39,108.25,79.251,67.164,50.286,89.797,115.87,136.15,130.4,113.04,95.252,97.245,89.217,74.84,46.903,46.217,46.302,41.18,45.427,40.581,37.087,37.15,36.769,35.239,38.581,37.036,36.013,38.295,42.771,47.8,52.486,55.886,64.561,44.937,43.348,46.008,43.363,42.412,54.778,56.356,75.19,111.65,171.89,170.3,182.97,174.78,198.34,237.13,175.11,152.85,126.02,100.06,156.34,167.06,134.62,69.843,58.518,55.941,66.876,106.2,240.01,289.96,294.77,259.69,182.6,116.32,147.8,171.14,179,192.96,104.04,138.66,120.24,123.89,105.81,98.513,47.519,43.637,43.667,51.094,90.23,138.06,132.02,115.77,144.34,151.53,155.57,148.71,122.03,64.171,79.831,141.66,97.64,66.103,56.485,37.714,36.901,40.773,53.5,59.863,69.834,94.023,102.1,109.78,92.556,82.626,87.557,82.378,79.575,82.555,88.943,72.28,64.634,42.587,43.605,62.315,61.789,64.191,69.983,116.99,187.16,225.49,180.56,147.91,91.83,90.726,79.801,49.463,46.893,43.415,46.664,48.298,46.056,44.928,48.134,50.774,57.394,49.868,43.702,44.69,46.282,47.347,47.028,46.93,50.553,64.297,63.47,47.509,53.892,44.243,40.02,40.894,39.276,41.792,45.535,44.22,49.078,47.978,46.791,43.721,43.036,49.418,45.57,46.068,47.782,50.118,56.675,52.592,47.882,43.708,41.151,41.674,42.974,42.406,43.177,39.523,39.311,49.639,49.778,43.474,47.863,49.018,44.274,42.194,40.863,38.993,41.908,51.809,40.456,39.133,38.257,38.764,36.87,36.619,38.011,38.909,38.45,36.527,42.776,44.694,41.901,41.267,42.849,42.964,36.786,39.3,43.637,41.606,44.603,64.472,72.644,114.21,60.312,48.095,69.595,72.177,70.559,68.981,58.441,61.957,62.29,59.739,54.514,46.867,61.871,112.54,132.88,123.27,106.41,112.04,70.047,61.309,65.292,70.252,99.245,99.059,103.26,59.211,41.714,60.921,52.833,42.53,37.015,50.886,75.194,47.247,43.378,38.642,38.167,36.183,54.345,108.38,155.66,174.67,120.8,105.27,114.19,113.32,137.34,149.3,149.94,156.73,176.22,202.71,228.41,206.45,162.54,124,102.8,82.462,71.663,75.338,92.002,87.284,75.328,129.01,166.13,170.15,158.62,125.89,142.86,151.78,127.68,145.06,121.99,99.395,90.656,93.264,135.03,141.41,132.62,117.81,111.8,120.05,111.64,68.539,51.009,41.255,39.775,40.167,36.702,38.672,46.782,45.316,104.04,103.67,97.698,148.02,107.85,114.79,137.61,142.28,169.92,159.75,156.35,166.35,143.21,144.64,113.68,97.39,98.694,83.228,65.653,68.467,66.631,85.8,85.939,65.957,76.869,53.535,69.083
0.5,109.8,117.98,97.643,93.792,119.11,174.57,127.49,100.18,90.382,97.454,148.36,166.77,190.33,216.47,236.47,253.98,276.25,244.15,209.59,212.81,245.63,210.74,160.17,125.24,131.78,117.5,129.1,106.67,114.26,108.49,122.51,124.77,106.05,77.684,103.62,107.4,118.78,121.28,101.53,102.72,108.61,94.516,87.255,69.639,45.018,43.269,41.806,39.691,37.351,35.725,35.832,35.632,36.824,39.595,40.304,41.29,42.404,42.202,49.463,61.659,66.494,61.039,51,49.917,45.627,45.56,48.649,63.084,65.154,76.62,112.73,127.43,162.75,174.22,170.69,144.21,129.09,102.9,89.035,87.154,113,146.61,146.17,76.077,68.35,74.742,55.636,64.644,121.47,262.44,298.16,271.44,214.07,126.09,199.36,232.84,234.38,229.12,147.32,142.5,148.8,126.05,142.29,93.037,74.91,56.836,45.738,54.968,61.259,111.84,111.06,108.04,116.21,139.94,153.29,166.14,141.99,135.81,69.532,74.587,103.61,84.707,66.223,65.511,69.583,41.379,39.968,45.513,56.124,56.234,79.647,77.366,67.063,70.88,55.774,54.654,61.491,66.427,78.57,72.345,67.087,88.188,67.448,57.786,68.321,96.879,106.73,123.17,181.89,188.34,217.61,220.27,177.32,171.12,161.12,94.409,55.75,47.305,39.476,42.781,43.028,41.766,44.094,46.385,52.831,57.543,55.043,45.543,44.648,44.264,48.812,47.598,51.308,67.029,60.452,49.354,41.559,42.413,44.444,43.04,44.129,43.22,41.854,44.955,43.701,41.964,44.12,45.502,43.353,45.17,49.438,52.715,60.415,64.221,62.324,57.466,50.708,43.222,41.93,38.571,41.085,41.71,43.972,44.207,40.059,50.817,60.104,52.044,49.701,50.562,53.592,47.519,46.352,43.106,46.199,48.777,54.369,49.666,53.22,47.17,51.872,49.195,46.59,38.808,37.209,41.484,39.056,36.675,37.686,36.589,40.605,45.563,48.552,56.847,50.172,58.866,56.693,57.236,69.048,98.151,111.88,118.53,101.6,89.735,104.87,90.805,90.42,76.018,82.381,63.985,86.356,85.477,58.191,54.253,63.1,68.71,69.697,75.334,79.641,65.918,52.055,41.931,40.439,36.249,35.458,36.407,37.151,38.796,36.277,36.962,36.281,35.28,37.6,55.112,48.274,37.624,39.379,39.918,38.076,46.261,95.571,137.18,189.23,126.74,98.874,97.016,91.378,83.051,105.73,146.97,148.38,157.38,172.38,178.95,169.59,145.38,113.89,83.154,76.448,73.395,78.519,80.809,68.891,73.435,130,171.07,190.73,195.92,143.74,131.62,161.68,138.61,115.03,93.419,107.34,131.21,177.41,82.424,99.756,98.543,87.341,110.06,81.263,69.621,49.102,51.243,46.812,43.522,40.871,38.246,55.673,88.816,63.457,69.904,83.276,113.04,165.03,233.32,247.45,208.58,160.24,138.76,137.05,123.25,136.53,162.95,101.16,80.484,94.265,113.68,99.031,97.736,114.39,86.401,102.56,143.78,165.25,139.76,102.16,81.081
1.5,176.62,88.409,129.68,179.67,157.77,132.67,150.92,159.03,129.53,182.86,207.72,199.03,210,251.89,276.64,265.57,270.49,253.26,217.4,229.08,261.21,262.26,235.47,179.82,142.58,119.22,125.24,115.79,86.961,82.352,66.763,101.95,80.482,86.9,93.333,98.58,86.748,106.55,96.291,102.81,105.96,104.39,100.01,90.874,70.44,44.701,38.681,39.744,42.226,42.065,42.205,39.817,49.461,53.653,51.253,49.784,47.627,53.193,67.235,64.857,63.877,67.81,53.902,47.526,49.425,53.714,66.464,112.53,117.34,158.27,125.35,91.29,62.937,92.19,86.701,74.285,69.032,68.162,85.143,110.78,130.76,138.21,135.02,79.191,113,82.843,57.403,69.992,137.11,208.87,222.77,165.72,127.03,193.41,235.71,204.75,210.28,217.94,129.33,132.2,117.53,130.2,97.714,120.16,66.985,56.943,59.923,79.297,87.952,116.37,98.716,131.65,148.9,170.29,158.5,160.55,143.35,166.73,98.465,64.423,59.639,50.665,49.162,50.749,52.259,58.308,41.16,53.638,70.969,61.495,61.735,71.329,73.472,52.423,45.74,60.656,65.19,73.345,70.987,86.213,81.266,70.028,75.668,53.803,76.249,152.75,173.28,139.58,171.07,182.33,187.16,237.77,184.14,153.33,134.85,90.491,64.409,45.44,41.925,44.717,45.529,46.115,47.33,50.681,56.198,61.703,56.498,43.572,43.242,46.992,52.304,54.546,55.357,68.556,55.599,57.225,64.516,89.526,79.344,91.727,84.572,62.23,52.896,53.093,52.652,48.582,47.109,49.146,58.387,55.811,78.775,83.255,77.389,76.871,81.388,71.76,53.994,47.386,44.739,42.699,43.584,46.191,52.328,51.989,61.015,71.554,71.987,74.292,71.627,71.428,65.615,69.604,67.668,71.878,76.284,60.445,46.231,48.896,53.3,46.634,51.418,65.127,67.819,53.33,52.992,54.288,60.014,52.637,41.63,54.813,61.051,77.998,69.332,81.251,117.86,127.74,129.43,127.72,133.4,151.1,223.51,187.29,163.82,156.14,136.01,109.61,132.35,129,138.65,132.91,150.98,163.38,143.54,150.33,188.73,134.63,96.48,89.529,65.294,53.953,44.664,39.137,37.15,37.855,36.505,39.234,33.624,38.33,34.947,36.023,35.008,36.683,34.556,37.583,44.83,42.132,36.523,38.867,38.246,46.457,49.489,102.65,142.42,172.99,153.56,111.17,89.158,83.219,116.35,131.79,140.13,136.4,133.79,145.11,147.24,134.64,115.78,87.002,76.644,78.068,65.544,80,83.42,87.664,117.96,143.9,143.5,173.58,126.8,126.93,117.88,108.49,101.61,99.985,89.583,149.83,186.41,122.84,70.65,57.339,60.835,64.376,67.729,60.102,86.312,97.39,93.103,114.89,89.129,66.416,64.524,111.58,105.3,76.308,61.947,65.902,77.84,120.5,209.36,243.23,220.37,176.71,183.17,129.87,100.4,77.248,81.833,72.965,56.691,58.597,58.577,81.714,120.21,123.83,169.86,219.39,207.16,146.19,112.77,140.7
2.5,154.88,108.83,131.98,133.13,144.79,144.25,194.31,152.84,171.51,210.86,215.25,237.31,251.97,268.44,265.51,251.18,249.22,264.97,242.21,222.21,251.16,271.07,232.63,215.17,178.13,134.33,116.49,85.405,82.202,88.775,86.437,71.008,80.628,87.285,86.088,95.962,77.984,102.3,118.25,103.71,99.511,105.3,104.4,107.79,116.7,114.56,63.88,44.559,48.422,58.959,57.212,58.056,60.543,80.157,103.85,68.818,61.179,71.226,71.977,72.983,64.881,57.354,51.621,56.305,104,104.11,105.11,114.24,96.366,128.38,87.917,80.786,72.677,77.373,78.835,75.673,61.33,80.352,91.688,139.18,114.85,170.97,118.86,97.006,120.02,89.827,55.382,61.173,90.363,213.18,228.68,197.97,218.37,220.46,205.21,227.61,135.35,119.19,136.1,93.153,104.57,89.165,101.4,89.428,53.419,54.905,51.576,58.241,70.519,70.496,107.85,157.37,138.36,123.11,120.45,154.09,168.75,213.39,176.47,90.197,67.039,58.106,62.386,58.649,53.118,84.414,141.14,129.98,97.803,77.522,67.949,45.331,52.806,47.779,65.014,69.234,69.009,68.008,74.904,97.491,110.01,105.89,83.2,68.002,88.692,151.67,204.5,221.79,180.66,170.9,196.7,229.92,188.55,143.27,131.99,94.545,61.475,46.336,45.36,58.539,46.593,47.773,52.197,72.231,88.462,61.165,52.922,46.293,46.618,47.77,55.693,56.949,52.419,60.22,50.584,70.456,84.872,115.77,101.9,108.22,110.08,132.85,124.76,126.44,120.36,127.35,145.28,126.56,100.02,72.957,115.33,159.63,163.23,143.65,115.81,86.568,65.248,51.868,59.084,62.14,51.671,49.316,61.615,70.381,64.089,73.683,78.352,93.857,98.385,102.3,70.446,60.992,77.233,73.297,60.799,81.716,75.382,68.465,69.405,64.426,55.194,57.517,79.236,77.941,111.12,104.05,109.23,94.1,74.017,97.943,119.45,99.419,119.78,166.36,210.2,188.85,169.74,177.18,229.61,229.79,197.48,162.97,167.5,218.37,151.32,122.7,131.73,167.06,185.66,132.78,152.2,136.53,137.12,133.27,163.54,199.98,185.62,165.67,146.42,111.3,106.68,76.898,48.436,45.166,47.869,40.077,39.209,40.925,34.697,35.5,39.204,43.061,36.403,36.767,41.635,54.672,58.9,60.312,61.879,76.003,79.807,106.12,146.21,194.99,199.78,138.52,102.02,114.29,115.72,101.94,122.05,123.79,119.76,102.56,107.98,121.72,136.05,91.905,87.417,74.459,68.584,74.94,100.15,114.82,130.6,136.54,122.96,124.74,113.04,111.29,83.208,99.715,153.56,154.69,125.85,219.93,210.82,187.77,159.74,101.29,66.655,72.495,159.63,203.38,168.29,140.89,218.3,217.17,153.56,100.36,164.95,164.74,137.26,106.3,78.567,54.523,68.396,91.836,154.83,175.77,204.61,141.97,156.39,156.54,113.13,86.917,77.064,58.233,57.018,57.325,62.19,66.542,74.091,158.8,181.98,232.69,180.51,117.06,75.855,83.356
3.5,85.027,93.847,97.061,137.48,218.94,224.29,203.91,186.56,211.96,189.37,232.35,259.02,280.2,274.85,246.03,229.63,211.35,224.06,201.34,188.95,183.93,196.08,172.4,143.57,136.32,158.93,138.49,90.188,77.047,77.691,81.923,103.24,109.63,89.96,95.712,78.662,84.036,109.18,130.51,110.56,101.96,96.389,116.55,134.46,123.07,121.36,123.24,76.918,66.35,82.135,87.147,84.007,101.58,103.97,120.34,78.127,68.03,76.502,61.34,64.295,61.647,63.359,58.897,58.947,99.956,91.112,66.777,56.242,55.309,63.592,57.912,81.01,68.038,98.92,70.556,57.157,63.116,106.37,115.83,113.27,206.27,166.16,111.17,101.1,126.83,109.97,85.89,60.563,107.44,191.33,246.67,248.31,242.38,221.62,204.89,133.96,117.29,140.2,94.941,88.201,89.341,112.37,98.194,73.746,46.536,52.41,46.598,48.371,53.35,60.484,122.34,172,102.53,109.09,99.367,118.39,93.376,107.39,97.832,79.704,70.537,56.879,55.496,46.305,59.499,113.54,124.43,171.81,92.022,79.755,84.199,42.171,40.709,45.851,52.558,50.704,55.304,79.06,144.85,127.28,87.077,63.918,63.683,87.609,103.29,168.86,210.04,209.49,202.5,152.7,188.7,175.9,194.85,171.11,128.06,117.58,85.655,67.705,53.284,62.228,59.633,49.478,51.394,90.901,112.22,131.65,112.99,71.427,59.763,49.998,52.272,50.336,45.933,51.548,52.161,94.386,151,143.2,104.87,90.127,107.97,121.38,206.45,172.82,172.78,187.27,164.37,118.02,105.1,110.93,92.957,138.78,159.05,155.36,151.22,152.36,170.95,148.9,112.01,83.128,67.149,57.315,66.987,75.993,79,80.047,71.784,66.44,58.341,70.074,70.09,71.924,83.157,107.49,93.751,84.489,80.436,72.343,74.012,76.29,69.712,84.923,104.75,95.522,85.804,122.57,168.42,171.66,143.75,171.7,167.92,172.2,185,230.19,201.5,134.22,91.232,93.83,116.41,129.23,147.7,204.3,200.48,218.05,173.85,149.42,157.58,182.28,203.25,165.5,140.17,93.657,69.738,78.3,62.802,108.72,99.197,83.735,114.49,171.82,242.3,259.63,239.78,208.53,156.57,106.62,90.276,81.87,60.611,55.14,72.715,122.34,91.489,61.931,66.742,66.897,66.515,73.039,103.57,121.01,124.2,136.11,171.7,180.03,183.32,166.09,170.44,122.13,90.512,85.608,94.367,109.11,94.565,81.648,96.242,94.896,110.97,142.39,101.35,73.839,72.111,87.015,89.951,117.12,117.75,119.64,126.95,123.92,123.44,110.38,75.718,142.84,210.92,130.09,108.61,212.48,244.34,160.72,174.82,173.56,108.96,92.701,197.68,264.45,250.2,225.73,234.42,211.62,217.59,148.3,221.98,199.89,186.21,191.74,116.78,105.7,96.949,136.3,136.7,140.48,144.37,140.35,139.49,169.89,171.52,127.89,95.937,81.063,70.656,63.332,53.584,56.318,89.883,95.453,136.91,173.83,141.91,93.362,67.496,67.201
4.5,77.759,87.173,78.161,134.16,160.04,193.61,226.64,221.78,186.47,178.61,231.13,266.54,267.71,241.78,207.49,209,204.9,187.51,174.85,157.44,137.83,144.52,113.14,123,113.28,107.04,130.62,108.79,73.783,74.001,63.405,80.041,95.35,82.137,93.694,80.222,117.09,163.03,149.52,138.66,131.1,124.4,133.1,140.77,137.09,110.43,108.02,110.95,78.073,96.531,110.14,120.58,86.698,55.931,56.781,69.83,73.227,70.121,84.32,75.59,62.336,60.125,62.719,61.006,66.382,61.331,53.982,50.651,56.734,52.832,51.004,51.522,55.542,65.467,63.599,65.863,92.624,95.46,103.22,120.04,225.8,160.17,130.22,117.22,89.123,68.175,42.881,47.379,82.368,129.02,147.87,175.22,160.01,144.41,119.98,110.88,149.03,103.39,62.431,73.272,80.765,96.581,96.345,60.574,45.3,51.13,43.472,41.491,39.279,49.395,82.319,134.89,152.51,117.36,92.532,99.691,100.64,95.291,64.606,53.324,55.475,67.364,68.725,61.536,54.329,70.467,94.004,125.67,100.31,64.847,53.698,43.884,64.146,78.368,82.236,63.602,60.643,96.216,109.94,97.741,94.515,72.061,60.284,91.209,111.44,158.35,173.43,221.42,199.57,162.52,196.17,217.69,210.29,154.58,119.09,120.37,94.91,64.415,72.234,77.944,63.279,67.387,73.495,68.491,80.827,112.5,106.21,105.86,84.084,79.336,70.958,65.029,50.835,53.408,60.977,94.009,79.94,89.804,104.16,122.01,168.82,229.36,239.37,188.32,182.95,177.09,157.21,123.25,92.491,128.56,151.69,162.9,187.06,187.27,153.65,187.41,162.13,143.84,106.84,92.055,84.889,73.026,83.172,94.429,68.482,63,55.846,50.428,49.766,54.307,59.224,65.652,90.56,117.73,135.89,113.38,83.78,88.094,112,141.37,174.22,243.87,212.76,150.4,96.973,76.241,93.998,124.73,168.33,217.05,207.17,199.37,214.6,168.94,111.35,92.005,80.502,72.11,64.002,71.338,80.346,120.96,196.08,182,121.34,121.69,171.98,204.58,204.2,121.56,102.19,62.978,51.992,53.136,57.638,59.293,61.891,60.726,50.38,67.512,113.78,139.66,145.31,125.5,111.65,84.154,76.294,57.879,52.115,48.822,47.235,68.216,78.559,77.121,65.049,87.476,111.48,158.33,183.92,162.5,193.58,230.15,231.97,197.44,200.24,132.98,184.68,125.77,92.763,84.404,81.137,74.389,79.405,80.844,74.624,97.97,95.956,137.17,128.83,95.191,68.829,87.733,81.243,94.366,88.264,104.03,118.88,136.08,107.09,94.243,70.202,109.71,128.58,99.134,103.71,147.73,202.63,219.36,234.19,199.97,198.82,194.32,246.53,268.78,259.78,284.02,256.75,190.52,135.76,103.59,99.176,102.45,124.28,141.22,121.6,91.825,62.545,76.273,90.224,118.76,124.56,168.3,194.71,201.91,187.91,187.56,130.83,151.07,165.73,144.91,86.75,79.612,85.604,88.469,96.795,118.38,103.62,93.006,59.011,58.829
5.5,78.636,70.572,76.797,95.226,124.46,155.29,181.59,188.39,183.85,209.33,218,221.18,224.91,200.17,170.81,166.96,152.03,166.13,160.84,127.82,110.82,106.26,91.269,112.3,115.48,93.672,127.93,140.35,111.57,105.2,87.568,72.39,65.235,66.79,79.013,80.531,103.51,123.34,138.29,133.8,138.76,170.58,135.36,133.02,140.31,113.69,110.93,111.16,100.56,65.226,60.703,58.942,56.798,53.982,52.798,64.449,71.684,61.143,58.935,70.106,64.822,58.181,55.242,56.322,59.569,55.104,56.959,55.941,60.543,64.425,62.568,65.294,64.96,80.834,65.299,64.182,100.8,94.77,115.81,155.13,195.69,150.4,125.81,131.09,128.58,70.105,53.744,48.465,56.539,90.481,78.375,60.573,61.682,63.685,104.55,116.63,84.591,77.336,61.058,53.42,68.439,76.202,73.339,46.601,46.918,47.189,49.268,42.846,37.29,37.874,45.408,68.355,94.043,126.08,87.719,86.106,96.42,88.098,78.868,59.827,63.781,61.123,52.866,55.545,62.343,59.549,83.112,95.138,66.785,64.368,73.819,77.112,87.131,75.087,68.539,69.747,50.533,70.924,90.109,82.64,86.427,76.211,75.709,93.542,135.4,175.51,204.86,244.23,235.2,210.63,245.78,234.39,212.39,174.6,94.918,103.44,94.759,77.784,83.447,92.053,62.116,57.529,70.056,96.096,100.52,95.957,97.052,132.12,118.54,88.451,71.853,97.922,85.706,70.469,62.598,76.769,85.077,80.106,86.378,127.02,198.8,225.7,207.17,200.39,182.37,177.55,160.74,116.86,118.12,146.11,167.39,197.81,152.22,162.71,175.92,159.47,196.2,199.66,176.45,151.44,163.37,153.12,126.53,114.66,108.99,106.41,90.501,85.832,74.903,67.99,76.946,87.749,97.636,116.96,135.64,150.23,133.86,78.822,88.12,160.1,180.27,205.19,205.35,146.17,80.789,66.133,78.73,89.215,111.06,123.49,137.51,167.99,148.95,106.42,86.887,73.701,72.171,71.761,61.908,60.383,60.882,82.225,116.56,163.02,172.41,132.58,162.64,150.94,151.78,115.29,73.353,58.868,51.64,47.886,43.864,44.86,47.715,52.858,51.668,49.778,59.108,82.847,69.75,59.15,64.222,64.7,58.392,56.256,48.412,45.184,44.047,43.538,56.036,93.351,87.211,113.24,216.59,250.43,281.38,250.19,199.16,204.89,234.75,216.8,176.03,119.14,155.72,152.77,106.75,86.469,67.925,68.929,69.6,73.018,87.2,93.41,86.603,121.67,127.76,99.288,88.767,89.939,86.198,114.76,111.81,109.69,103.19,80.992,55.652,88.802,65.664,73.524,90.854,96.798,91.866,140.44,188.68,181.99,232.04,231.76,222.51,200.83,203.69,216.73,220.8,191.76,161.49,119.87,79.097,61.205,76.965,83.177,101.62,99.561,89.1,58.795,53.205,52.806,56.658,55.045,53.673,78.37,104.59,130.58,133.57,148.32,164.15,173.24,178.68,93.791,124.73,133.43,118.46,114.93,115,124.6,123.55,114.36,99.055,80.745
6.5,107.78,115.98,92.692,95.395,121.96,127.52,143.24,152.64,139.71,175.78,210.02,183.25,177.56,166.18,149.21,143.99,103.04,100.91,104.09,104.56,90.702,97.653,100.44,87.959,95.728,110.68,101.1,98.402,110.13,101.44,90.36,74.285,75.756,69.224,66.812,60.461,70.008,86.859,130.96,146.39,146.21,141.63,131.24,119.63,124.73,115.27,99.79,105.51,104.19,72.26,49.104,51.246,48.711,45.197,50.38,58.503,56.854,60.514,58.067,58.874,60.974,58.128,48.789,51.555,52.547,50.156,51.577,50.951,58.569,58.055,73.855,72.557,81.544,126.95,67.503,62.851,59.855,73.414,133.51,198.63,146.6,148,176.89,153.02,152.17,100.79,72.562,62.185,71.26,75.289,60.345,48.368,49.869,54.293,73.415,66.984,59.768,60.34,50.493,48.014,71.136,66.53,55.441,48.877,50.343,50.174,49.533,43.828,39.812,44.042,49.992,63.842,75.087,73.215,68.889,48.194,65.912,71.338,71.26,70.698,62.391,89.729,77.614,60.162,106.63,76.901,69.287,85.971,62.551,55.824,68.348,66.919,60.987,49.577,50.656,55.212,50.971,55.35,88.059,92.752,91.683,85.256,77.483,93.873,159.12,160.2,190.52,218.13,219.25,214.48,228.03,210.63,158.52,152.38,106.78,92.893,83.546,95.393,113.92,73.029,60.118,60.692,70.71,83.834,80.271,61.582,78.045,105.67,118.13,90.364,74.631,67.711,63.161,82.119,97.902,83.841,96.523,83.171,98.002,128.38,175.95,176.92,122.41,96.531,108.82,107.11,116.29,105.4,100.1,147.35,121.43,126.81,160.21,142.49,167.21,194.01,217.7,230.21,216.99,231.07,227.55,228.02,227.46,195.23,224.93,194.15,139.32,124.04,117.37,86.687,89.726,85.069,81.827,98,117.6,114.11,130.46,123.11,107.38,105.77,86.758,88.529,98.875,87.194,82.365,76.26,62.467,60.268,68.015,68.403,78.65,93.853,106.51,81.662,75.283,79.601,66.568,63.935,71.892,62.282,60.831,63.806,70.68,99.523,118.57,125.61,175.13,134.72,98.665,81.439,69.683,60.776,52.86,49.75,56.124,53.652,50.37,53.178,54.083,47.954,45.759,54.378,58.37,54.049,57.806,61.784,64.592,68.218,66.584,58.742,55.393,57.905,42.296,71.48,127.14,182.4,227.18,239.99,228.51,154.46,131.35,119.25,183.61,156.41,169.76,115.69,126.34,125.83,115.78,90.175,74.151,83.598,80.569,75.783,80.588,82.081,82.167,91.102,88.191,91.123,101.91,99.034,62.233,58.998,87.124,84.723,92.574,78.285,50.798,60.954,60.198,60.652,69.141,113.75,84.444,79.53,147.34,115.79,126.45,123.15,121.25,112.2,105.32,112.4,111.3,97.461,96.249,73.371,59.256,59.093,58.581,58.719,64.677,62.51,56.5,50.789,44.847,42.5,43.635,45.197,46.867,51.66,50.957,56.607,59.46,60.934,68.442,87.513,83.655,109.87,122.55,123.85,124.75,112.27,109.35,105.94,101.6,100.63,88.646,85.173
7.5,99.033,160.23,141.92,141.21,144.23,140.76,128.97,124.51,118.66,124.03,162.54,128.24,106.98,133.98,117.97,105.91,99.312,113.02,88.624,89.4,91.186,86.135,76.594,78.319,78.677,84.026,98.223,99.508,80.056,72.318,59.665,92.593,97.928,106.49,87.57,76.024,65.616,68.704,74.831,110.58,127.9,106.59,108.83,109.43,104.64,93.625,82.004,91.737,93.74,93.447,44.883,44.797,43.69,50.444,56.284,54.34,53.199,55.607,54.424,48.988,53.612,50.508,51.875,51.27,46.556,52.788,52,47.989,56.836,53.993,61.176,66.126,76.904,112.65,124.28,87.025,68.729,77.597,130.88,130.86,110.56,134.72,190.73,178.58,150.64,123.04,88.673,94.04,61.33,57.906,54.363,47.702,48.861,59.899,69.502,54.586,50.782,57.237,50.547,63.74,58.247,48.604,46.83,48.577,54.651,43.086,40.196,36.112,46.917,49.609,53.329,65.049,69.722,74.582,74.074,88.426,66.135,54.208,73.591,89.331,74.436,59.442,90.839,99.987,117.83,118.51,85.899,61.396,61.478,56.095,58.805,51.818,47.52,46.96,59.103,62.213,56.157,52.431,71.561,90.654,74.401,68.328,88.111,82.041,93.016,124.17,189.59,187.68,162.85,139.71,129.92,109,119.97,119.22,108.02,76.174,93.073,94.701,92.237,64.434,76.595,68.303,73.547,56.321,50.684,50.923,56.015,53.226,67.742,60.242,68.571,50.129,47.871,51.094,63.01,64.909,49.233,54.796,86.052,102.61,105.42,93.424,78.905,80.893,68.427,62.649,77.93,98.771,78.741,98.868,109.42,110.64,149.97,161.61,181.52,174.61,160.84,165.82,154.18,153.2,173.21,188.76,148.32,147.52,166.27,135.84,100.98,115.85,119.82,117.4,112.8,96.606,102.54,98.531,96.438,83.326,114.95,158.03,172.7,159.23,139.91,110.45,122.78,122.47,96.829,67.511,62.696,66.319,58.872,59.134,72.497,79.121,84.387,62.451,48.155,55.846,48.194,45.218,55.536,52.586,56.904,57.466,58.999,55.397,71.1,128.38,193.81,169.17,137.93,127.93,110.33,81.984,58.192,50.688,55.629,56.465,54.729,50.157,46.324,49.271,46.9,45.71,45.99,48.415,50.955,55.498,54.29,68.008,74.973,73.46,86.696,65.692,54.005,42.491,74.394,170.87,232.59,169.11,129.01,99.121,83.294,99.567,186.39,172.21,130.96,138.26,119.77,158.23,124.02,88.931,93.368,102.88,97.972,85.97,87.687,89.273,85.389,86.4,92.08,97.279,109.45,76.49,47.399,42.955,54.088,67.246,74.117,107.11,76.056,49.898,57.726,48.936,53.079,80.687,73.941,98.619,139.32,130.76,112.32,86.506,91.314,75.023,79.291,75.683,75.714,63.268,59.423,55.032,52.392,57.786,56.563,55.358,52.429,53.789,45.604,44.325,43.24,44.364,47.934,50.221,53.348,51.937,53.097,53.162,50.722,55.009,61.018,74.335,81.405,99.409,108.6,125.95,138.95,117.05,104.58,94.367,107.61,102.36,87.062,80.561
8.5,100.3,137.52,141.24,129.57,103.23,120.99,112.64,108.04,111.32,128.29,128.44,154.43,104.61,95.448,105.48,110.75,103.22,97.408,93.073,85.045,80.25,78.501,73.137,69.484,69.775,68.061,67.139,74.575,73.587,59.424,59.999,75.874,76.196,77.843,107.13,92.566,68.219,65.928,67.767,71.838,84.787,87.103,84.926,90.852,94.172,93.881,93.025,106.5,113.1,107.22,75.165,54.344,50.224,54.623,59.32,57.362,51.566,47.144,46.724,50.799,53.979,53.045,52.78,52.281,46.168,52.959,53.694,50.431,54.075,51.473,55.461,61.011,67.549,94.935,105.62,97.29,96.749,103.55,111.71,76.977,107.28,125.36,151.87,179.49,150.29,89.827,75.216,71.606,66.245,53.728,52.859,52.452,53.11,60.957,59.854,70.87,67.167,57.175,71.723,73.184,50.569,47.686,39.886,42.268,47.527,46.598,38.874,41.412,43.248,49.797,52.752,69.685,66.585,66.818,71.863,101.97,81.057,75.073,49.613,61.775,66.848,52.743,62.562,103.61,114.02,139.9,93.381,60.068,75.127,90.057,70.096,49.706,45.841,51.295,54.564,53.996,59.577,57.713,52.872,56.605,48.521,44.661,46.504,74.874,83.665,90.936,109.17,149.22,167.64,144.73,125.41,99.943,97.81,98.06,82.268,74.212,80.355,80.538,80.307,65.337,68.306,63.297,56.5,49.881,50.264,52.002,46.175,46.63,61.892,67.421,62.261,54.94,51.987,46.016,55.398,62.486,56.858,53.813,65.488,66.852,59.894,62.369,64.011,69.07,70.853,76.042,62.145,65.368,80.688,68.996,97.687,82.498,99.26,123.83,144.13,172.13,180.28,149.01,127.12,109.28,108.84,110.02,103.09,99.101,99.913,101.31,94.04,106.69,113.88,107.21,109.66,93.54,103.77,104.69,93.037,80.459,75.976,91.511,119.11,120.75,125.49,113.97,108.61,105.23,81.411,72.448,65.349,55.402,59.043,64.382,71.071,62.645,52.077,51.229,48.755,48.42,44.845,46.326,39.836,49.9,55.133,52.852,65.724,48.503,52.655,99.325,128.72,84.791,80.769,92.34,88.579,73.718,55.273,54.279,55.977,59.095,54.631,53.526,48.129,51.997,55.123,56.231,53.006,49.423,51.136,57.608,52.594,51.413,44.565,46.047,85.37,61.425,48.15,54.286,64.643,100.56,183.4,159.04,168.55,107.52,77.397,97.776,151.44,151.26,171.14,134.18,126.43,151.09,173.59,132.06,85.294,95.858,96.297,89.41,89.295,91.81,97.795,96.163,102.68,130.23,76.964,46.761,43.788,43.497,45.065,84.325,93.242,137.33,91.814,59.386,64.373,84.201,85.95,135.44,138.37,66.86,87.521,120.93,90.886,85.005,81.336,65.161,67.171,65.21,62.11,54.06,53.235,52.976,51.866,53.636,58.188,53.067,48.929,46.026,46.088,44.056,43.844,44.301,46.852,48.133,51.139,51.195,50.901,50.737,50.855,54.536,60.512,79.002,82.087,110.67,148.35,144.05,120.45,119.66,97.148,100.42,105.2,101.87,102.86,86.164
9.5,93.541,108.83,133.77,136.02,123.99,107.51,108.3,101.77,118.5,129.1,123.59,114.23,134.73,118.66,114.19,105.45,98.382,96.764,93.011,93.895,94.211,85.235,73.885,71.169,71.194,68.358,69.065,70.247,68.203,69.968,61.701,69.186,65.137,66.323,97.157,92.323,76.125,65.079,70.248,66.984,68.721,77.579,87.618,85.019,88.618,95.811,97.67,108.11,113.41,105.3,97.548,55.747,51.476,52.936,55.611,54.01,48.35,49.613,48.275,51.542,49.888,51.585,49.663,48.228,47.996,53.792,51.255,50.961,54.578,50.398,50.794,53.428,61.473,74.301,104.47,123.97,91.979,99.764,97.655,67.071,90.29,87.701,81.998,105.85,96.094,69.335,58.233,55.745,56.556,48.532,47.543,55.458,52.771,47.385,46.66,50.044,51.493,54.518,52.691,55.402,52.087,46.134,42.194,45.107,58.028,96.222,64.875,40.431,46.515,46.919,43.4,51.957,55.622,60.642,64.228,50.701,52.636,53.591,63.949,51.904,54.273,40.746,69.589,93.34,100.43,168.84,117.35,57.692,55.839,77.911,88.73,74.214,70.275,63.716,58.309,53.829,50.325,52.483,54.903,49.962,45.098,42.342,43.038,40.561,49.073,66.102,77.012,85.142,124.7,120.69,96.73,79.693,77.532,72.527,70.678,70.223,65.055,56.098,49.648,55.841,65.14,70.634,60.768,67.333,64.276,56.079,61.804,54.512,53.671,53.516,51.774,46.293,45.529,51.037,60.16,64.746,57.984,51.67,53.045,59.229,54.22,53.329,58.586,61.002,57.689,53.423,54.708,59.317,63.902,69.043,76.937,88.973,71.904,79.714,108.17,121.53,128.71,122.94,103.74,101.82,99.26,90.646,82.396,68.721,87.678,79.419,79.878,101.54,117.03,115.59,104.32,90.727,90.886,89.195,96.92,81.272,85.605,88.211,55.269,66.996,57.891,60.386,70.747,67.618,77.229,80.225,103.39,124.56,123.01,123.1,86.374,50.423,49.029,64.418,45.511,44.968,42.705,43.935,45.389,56.425,55.148,58.827,78.437,51.872,44.475,49.322,52.799,51.713,49.131,48.387,51.32,79.307,90.075,116.09,107.01,67.751,54.334,52.062,55.272,53.332,55.976,60.637,57.216,53.268,52.393,53.905,60.314,62.622,46.424,40.786,56.589,57.015,57.38,47.374,66.151,111.38,172.36,181.37,97.619,65.724,87.02,83.339,78.602,80.809,112.3,106.42,98.686,117.73,93.925,91.368,83.518,88.6,88.681,92.418,82.489,83.071,92.316,90.568,81.819,66.709,56.045,43.153,42.685,40.723,42.791,45.883,54.154,56.271,52.036,50.84,51.074,93.204,125,170.11,115.17,57.855,56.6,86.371,89.647,82.103,74.978,70.338,61.17,66.276,54.788,52.269,53.241,53.197,56.391,54.644,55.281,45.076,46.585,49.218,50.023,45.569,45.099,45.743,44.062,48.225,49.372,52.567,48.478,48.804,54.447,58.507,58.978,71.159,77.681,102.38,151.12,172.7,125.75,120.09,110.73,107.66,102.63,112.09,116.57,103.54
10.5,111.18,109.11,118.22,105.62,113.96,114.39,102.46,101.69,115.33,125.8,130.88,116.43,128.29,138.13,118.37,101.29,104.03,99.084,94.893,87.624,92.059,86.078,87.324,85.254,88.773,87.307,82.549,85.089,79.714,76.688,71.273,72.056,65.031,67.488,76.095,73.995,79.654,72.49,65.358,65.499,67.954,71.707,79.316,89.276,67.294,85.16,92.352,98.343,107.77,104.9,101,68.885,52.72,56.145,50.014,46.22,46.063,46.755,47.222,46.488,46.774,48.045,51.336,55.497,54.81,50.179,55.51,53.309,54.348,51.874,51.728,51.858,51.723,59.819,74.421,130.53,118.25,99.368,94.644,77.298,60.845,59.053,61.911,63.392,64.42,62.281,55.674,53.482,51.904,49.216,51.387,52.685,49.642,43.666,43.46,43.859,44.926,48.926,52.171,57.426,51.24,52.191,50.314,78.097,109.71,118.66,120.38,83.111,48.335,42.989,39.751,41.056,47.41,51.872,50.519,48.377,45.826,46.243,52.814,74.919,42.679,39.885,66.55,84.19,104.23,143.45,105.25,87.599,72.734,81.148,97.018,103.7,107.03,73.65,60.485,57.825,53.863,53.045,47.223,44.575,42.057,40.509,39.76,38.805,39.571,43.736,52.883,58.74,61.886,67.514,59.847,59.992,57.673,53.121,53.788,49.396,59.595,60.564,56.078,51.849,56.525,57.5,53.632,53.243,55.811,57.902,58.233,60.583,61.481,58.56,58.361,48.939,50.722,52.581,55.745,76.966,76.116,69.168,69.417,64.437,68.465,66.114,67.238,75.355,69.989,68.164,65.061,63.643,79.843,59.211,56.287,66.213,61.165,58.249,70.937,89.694,101.78,115.46,134.02,129.09,112.24,115.12,130.07,114.16,104.93,77.634,75.262,77.932,102.59,100.82,87.784,87.521,78.183,64.412,63.915,92.159,99.436,87.053,69.193,57.229,53.536,51.913,61.615,61.048,77.691,81.184,76.837,67.048,65.95,65.55,52.367,43.431,48.112,62.608,52.507,47.676,57.314,53.953,52.821,60.017,52.274,50.165,46.805,40.915,43.878,47.01,46.718,49.278,39.443,40.73,41.701,49.68,83.315,110.91,88.014,72.618,63.62,60.113,57.108,53.014,53.575,59.145,60.2,58.725,71.509,60.558,55.598,55.968,57.402,47.757,39.862,41.85,62.539,61.388,86.388,141.34,125.35,65.445,59.018,55.069,62.4,56.132,60.891,84.593,69.781,92.278,105.96,90.879,80.157,89.637,91.392,83.107,70.649,79.144,47.565,50.377,71.101,61.607,68.081,49.877,48.417,50.567,48.052,43.765,44.548,40.998,39.48,41.711,43.087,42.907,46.862,67.157,113.93,147.97,99.027,56.582,49.784,57.535,81.858,93.684,78.191,74.816,76.145,72.217,64.339,55.394,56.971,57.123,58.466,57.866,49.278,48.918,50.277,49.408,43.726,43.843,42.918,46.799,47.773,47.733,50.43,48.997,49.492,48.889,51.762,58.51,70.745,77.123,77.066,83.089,109.26,136.01,140.94,122.83,113.86,112.23,106,108.67,145.39,142.17
11.5,191.56,146.94,107.76,102.63,125.42,143.21,130.41,118.46,115.9,137.1,142.04,126.79,141.31,135.52,123.25,116.85,109.87,108.05,95.439,87.376,92.403,84.546,95.98,94.298,99.023,105.99,105.54,109.43,95.892,78.788,73.535,71.94,68.507,77.196,74.003,69.163,71.064,60.035,59.388,60.016,68.268,68.087,68.841,61.012,45.717,40.956,43.708,50.281,52.196,58.308,86.376,63.434,41.547,49.881,51.436,44.019,44.233,44.447,44.707,45.123,47.376,42.51,45.383,43.52,45.769,48.618,49.894,47.688,52.364,50.525,50.792,51.332,53.549,53.806,71.93,85.385,104.12,81.536,86.609,75.504,57.449,58.697,57.63,49.49,50.954,51.477,52.522,55.232,50.62,47.987,52.512,50.428,51.02,47.758,43.097,44.123,44.05,47.849,57.385,65.577,52.586,53.828,58.832,104.44,106.76,118.36,132.03,119.77,97.664,56.898,40.127,42.032,47.978,48.798,46.534,46.66,46.936,47.103,49.269,49.499,41.875,43.852,74.875,54.16,129.28,158.05,136.42,95.129,88.43,71.712,98.904,87.714,89.641,72.864,59.11,59.27,61.435,51.158,43.334,40.433,42.578,40.147,40.954,38.991,37.366,42.459,44.975,44.081,50.612,54.357,55.967,51.115,47.447,48.513,43.586,46.928,49.164,52.136,51.082,53.103,48.06,49.179,46.68,45.582,50.151,48.886,57.73,57.065,64.115,72.717,65.333,50.53,60.466,67.701,72.161,85.283,103.46,120.86,97.559,100.71,104.63,105.9,103.31,81.797,103.98,93.897,86.046,73.953,55.251,54.896,54.828,62.141,69.085,66.563,61.976,58.546,61.891,73.79,90.135,111.55,142.91,136.35,139.07,191.98,181.82,153.04,109.7,99.431,99.827,67.913,63.236,72.814,71.576,72.808,63.745,78.689,91.006,95.281,106.12,86.988,69.448,83.065,74.288,65.303,63.6,82.364,63.966,50.815,42.9,43.259,46.799,55.244,55.973,44.625,41.375,45.501,60.899,64.351,55.211,58.965,49.211,43.341,42.003,43.408,45.948,45.698,41.003,42.164,39.171,38.689,39.363,43.149,45.038,50.852,55.264,55.818,69.605,66.925,53.905,51.113,48.482,49.17,48.515,49.803,72.215,78.529,61.867,45.456,44.627,46.583,40.595,42.422,58.98,77.892,109.47,141.25,113.3,114.33,92.813,57.025,52.763,52.09,47.423,50.317,50.32,54.58,66.812,80.082,87.462,75.926,76.246,54.579,48.084,47.868,43.895,43.776,50.606,53.777,55.64,49.345,52.062,58.404,59.537,52.153,46.521,49.909,47.532,43.64,41.771,46.682,54.17,58.833,62.424,70.315,53.824,49.009,52.727,49.702,50.559,61.063,85.175,88.552,80.252,93.937,74.439,62.515,61.51,62.861,59.411,58.793,52.617,45.404,41.117,41.417,42.355,41.232,39.773,40.725,42.453,43.881,49.464,47.842,48.372,59.566,68.283,65.964,69.918,75.395,74.836,79.355,89.274,105.03,114.59,118.71,122.04,113.97,121.82,116.85,136.42,191.85
12.5,178.46,175.37,126.09,126.8,164.44,155.88,123.85,115.61,122.28,141.37,147.38,156.4,141.5,124.55,117.01,118.15,112.48,104.32,99.393,98.987,99.498,103.28,100.41,95.236,94.321,105.96,103.91,114.41,104.01,101.07,89.373,83.883,76.696,73.616,70.997,67.663,73.279,59.717,62.602,62.203,65.901,64.188,65.923,68.194,55.827,47.052,41.241,45.533,43.94,40.305,41.241,41.945,45.466,54.611,51.445,40.955,43.602,43.432,41.454,41.885,43.036,42.709,42.278,42.302,42.661,43.551,44.502,44.774,48.797,50.274,50.674,51.209,51.761,53.963,62.786,103.6,97.798,81.491,78.396,76.41,59.722,64.166,58.353,51.906,50.339,51.121,44.477,51.794,53.058,49.452,52.705,49.682,50.246,47.725,50.887,49.829,52.479,48.678,60.725,74.938,58.954,69.878,97.418,96.049,95.882,123.01,137.69,115.8,87.615,68.565,43.783,45.062,44.912,44.926,43.143,44.714,45.065,46.781,59.373,40.497,51.446,69.737,56.146,73.275,100.29,91.968,80.177,83.298,67.148,61.242,74.493,71.057,69.036,64.286,61.692,57.201,51.841,51.867,40.462,41.448,52.173,57.495,46.628,41.062,40.405,40.898,40.8,39.216,39.144,40.082,42.596,43.559,46.76,48.208,43.767,43.306,43.946,53.477,49.048,49.177,49.566,49.611,51.472,49.414,50.024,55.345,62.104,63.177,73.654,107.67,93.783,86.761,81.14,80.097,73.477,72.67,66.76,94.35,97.114,95.221,82.74,72.28,64.124,55.95,57.061,53.693,54.145,53.974,63.314,58.852,60.989,61.426,61.51,60.172,60.391,56.139,54.407,55.314,53.452,60.025,98.661,137.5,161.89,184.17,189.33,197.3,182.27,159.67,152.95,115.85,81.34,81.008,70.907,64.67,71.718,87.432,90.855,91.786,79.57,78.534,78.686,90.289,85.586,91.867,73.751,61.968,53.011,58.14,49.045,45.225,45.372,43.677,45.316,46.135,48.139,56.679,59.971,70.308,74.852,59.594,48.73,47.751,50.79,53.86,55.191,50.189,48.545,44.54,39.496,37.593,37.307,38.519,40.768,44.471,47.82,45.011,51.248,57.919,54.506,53.184,49.249,49.021,47.741,48.58,53.347,79.748,83.223,52.286,42.931,39.737,38.434,42.23,73.923,102.7,100.76,114.26,102.59,152.78,151.46,103.29,70.452,63.009,53.479,54.555,58.529,58.298,48.175,50.53,64.846,53.06,91.589,100.35,50.848,46.743,48.456,48.291,49.047,49.499,56.804,53.132,51.939,54.351,59.251,45.175,46.968,48.773,53.004,68.819,76.213,91.466,94.802,74.321,68.475,63.003,56.095,50.642,44.412,45.723,46.721,45.954,51.317,63.854,72.528,70.575,68.808,58.268,63.058,62.454,58.983,59.536,50.013,46.97,43.539,41.809,41.499,40.082,40.062,40.842,39.241,38.275,44.385,46.821,47.834,63.642,67.216,69.587,70.956,68.78,70.701,75.967,80.885,90.601,103.18,112.87,128.13,110.36,105.5,120.12,136.89,154.29
13.5,118.68,129.4,134.51,154.28,162.74,169.93,141.18,128.02,133.67,135.81,146.14,162.55,163.21,118.09,116.26,136.66,128.35,125.16,118.11,112.8,117.15,111.37,109.99,110.07,91.732,108.65,105.32,111.04,107.52,109.39,112.3,102.56,84.465,71.044,72.623,73.025,73.597,70.83,68.697,70.863,67.4,60.694,54.239,65.729,71.654,70.572,70.682,61.385,48.474,41.404,41.438,43.469,43.682,46.158,42.509,44.793,44.49,41.721,41.444,41.813,40.804,44.266,45.651,42.183,43.044,43.315,44.816,45.152,46.013,53.015,54.524,52.833,53.002,58.81,63.548,97.787,78.308,73.492,76.242,71.337,63.102,76.809,81.974,68.086,50.06,46.445,47.662,48.171,47.469,51.151,48.286,49.762,49.665,49.151,48.165,49.014,50.533,50.259,63.683,77.449,68.377,86.09,88.585,94.843,106.74,132.97,133.25,116.14,93.758,67.259,48.292,51.064,47.823,45.573,44.249,42.094,44.554,46.137,59.499,39.893,63.293,77.226,85.379,85.582,64.58,54.11,55.052,50.925,47.474,47.997,52.883,45.627,45.181,45.294,42.699,45.127,42.522,42.173,42.201,40.445,43.475,48.438,51.834,42.108,47.403,49.185,49.314,39.718,37.667,38.631,42.682,40.587,42.157,43.974,39.534,44.532,44.232,40.794,42.783,44.502,43.144,46.846,49.651,50.549,48.923,64.634,74.374,60.19,66.91,61.94,54.741,57.274,66.928,56.533,51.73,50.799,58.13,60.483,59.994,51.048,47.623,49.042,49.295,48.755,50.044,53.131,56.981,64.253,60.926,60.541,60.524,64.931,67.467,67.702,68.106,72.099,75.955,65.036,57.532,58.563,67.515,91.011,101.86,150.29,215.45,212.62,207.49,198.67,197.75,169.89,142.96,132.35,128.59,89.818,87.675,82.57,93.578,108.03,94.729,90.484,83.258,101.13,105.18,91.75,88.934,67.648,45.433,40.659,48.688,71.429,81.588,67.698,68.11,62.242,67.68,61.399,59.197,65.606,61.067,57.243,53.426,54.136,54.612,53.119,55.35,57.237,56.411,50.91,44.433,41.543,40.386,39.834,39.715,41.518,43.611,41.773,40.874,41.723,42.944,45.135,45.262,59.977,51.433,48.8,47.76,47.936,55.862,48.833,38.574,45.354,52.98,75.906,76.547,109.59,124.06,116.14,78.128,87.07,100.6,99.413,98.949,96.823,85.813,72.156,72.006,64.743,60.883,59.399,51.226,59.342,112.06,142.25,69.431,48.919,47.977,48.378,46.442,50.33,53.615,54.774,52.369,49.167,49.269,48.105,48.745,59.808,85.551,98.241,93.813,83.939,81.487,72.149,67.797,61.234,64.617,64.245,68.74,58.106,48.272,51.711,51.681,51.324,54.065,65.03,66.669,59.185,54.753,58.396,61.125,67.635,66.695,59.112,51.424,40.916,42.012,42.193,40.652,42.138,39.552,41.328,42.436,44.506,48.255,73.931,82.24,82.941,75.692,70.846,75.868,81.919,84.471,87.818,96.103,103.13,116.52,100.27,100.74,106.8,126.84,131.95
14.5,118.43,119.04,120.07,140.01,159.56,155.42,159.62,136.19,132.58,139.92,137.4,150.33,159.54,153.58,140.86,135.64,138.45,131.77,127.85,121.4,122.42,117.55,118.37,114.04,110.29,111.53,105.61,119.71,116.35,113.02,116.18,104.45,80.983,72.357,75.565,78.003,79.719,83.876,79.162,68.869,76.497,52.732,51.46,70.889,71.493,78.359,89.036,95.722,95.048,66.217,47.785,44.818,43.548,46.183,44.818,45.59,45.429,44.901,43.009,43.816,45.793,43.061,45.451,42.088,41.856,41.983,43.491,46.718,51.85,56.061,59.582,53.067,54.096,56.689,66.926,83.654,76.66,77.607,72.503,74.289,62.432,69.721,86.448,71.08,56.578,50.923,48.488,47.334,43.859,44.969,46.927,49.286,46.341,47.281,48.669,47.657,52.184,51.511,62.972,75.881,77.445,79.354,85.111,89.512,94.174,106.14,114.31,103.09,84.093,59.971,52.922,49.519,48.201,45.734,42.078,42.168,45.538,46.196,63.254,53.372,75.353,101.39,87.479,55.321,51.269,46.094,45.504,44.763,43.073,43.528,45.12,44.407,46.095,47.813,48.506,41.441,40.967,40.167,41.525,41.917,38.637,40.345,39.378,41.208,43.18,45.889,46.581,39.68,39.81,38.119,40.117,39.656,41.395,41.442,41.147,46.437,44.713,38.38,40.984,46.46,45.767,41.273,45.208,52.507,48.378,50.919,53.805,46.687,48.217,50.606,45.892,45.393,48.32,45.104,44.174,46.151,49.382,51.079,52.822,52.05,52.366,49.689,50.871,53.563,58.741,54.615,56.393,59.503,57.07,65.501,68.909,71.838,68.34,67.585,78.389,90.87,92.455,90.47,84.612,78.065,76.601,83.711,89.327,98.172,117.57,209.7,242.54,230.07,215.26,206.56,189.12,164.01,176.8,164.91,124.28,102.15,89.396,103.6,107.29,114.16,124.63,133.15,109.74,105.26,98.282,85.794,93.971,104.26,84.424,77.577,87.352,100.19,110.56,133.96,118.14,78.468,64.773,74.431,66.68,59.149,55.28,58.572,64.087,63.174,54.959,56.019,55.878,50.3,44.814,43.126,44.182,42.429,39.596,41.202,41.723,41.522,42.507,41.686,41.319,41.977,41.169,40.922,50.965,51.446,47.144,50.443,50.955,54.085,107.77,109.53,111.66,146.71,153.9,142.81,132.83,134.83,99.914,63.471,52.723,45.169,66.372,63.326,59.611,61.466,68.295,75.973,60.839,54.038,61.156,67.885,84.992,80.96,54.316,46.274,49.514,47.663,46.532,50.77,57.83,59.987,52.543,51.05,47.174,46.656,44.265,45.703,44.182,48,59.763,59.226,60.971,55.025,47.725,47.086,46.368,49.242,55.958,61.884,62.502,55.614,68.636,59.262,53.441,56.584,64.344,65.149,54.799,57.334,58.003,61.349,61.419,59.287,49.745,43.468,41.566,41.43,42.147,45.44,44.578,38.057,42.022,43.059,45.696,89.093,104.22,95.569,85.685,86.836,89.359,86.615,99.95,100.38,106.23,106.19,105.32,96.081,103.61,108.95,114.37,113
15.5,117.08,118.68,125.81,120.1,132.92,144.93,150.01,143.08,140.33,142.05,148.81,151.95,168.93,153.81,153.03,149.56,153.59,150.98,154.7,138.09,130.09,125.89,125.97,123.55,124.62,121.77,114.94,127.65,131.85,121.61,123.01,113.83,92.61,88.912,78.409,81.87,90.146,83.751,79.986,63.493,52.725,46.809,65.147,89.033,81.834,106.97,120.7,121.32,113.14,110.15,100.93,99.455,53.465,47.69,47.627,47.473,45.682,46.736,45.706,44.293,47.141,46.981,42.522,43.002,42.122,42.652,43.179,46.278,49.281,54.484,58.768,56.13,59.81,58.984,70.51,71.72,72.134,81.507,74.384,74.008,62.06,62.67,72.58,60.039,59.099,57.083,54.817,53.026,48.791,46.692,44.336,48.345,48.1,47.332,49.947,55.182,56.13,54.564,67.026,76.633,83.336,85.806,93.427,95.556,91.857,90.774,101.22,94.067,76.823,60.239,59.697,54.626,53.484,44.608,40.146,44.063,48.342,52.584,51.119,67.469,118.54,121.5,69.71,50.444,46.937,47.986,46.508,49.884,49.484,46.298,44.47,47.81,49.793,49.326,44.676,46.984,45.81,41.808,44.98,44.205,41.111,41.067,40.865,40.578,39.792,45.009,44.144,41.447,45.615,42.662,42.897,42.015,48.694,44.348,41.796,47.574,40.831,38.028,40.854,41.84,42.933,43.47,43.068,46.172,48.779,49.905,52.899,52.759,46.05,45.11,47.563,46.679,45.262,44.596,41.494,46.682,49.151,51.787,55.241,62.905,66.15,66.934,78.061,79.173,72.894,64.894,57.898,59.565,61.305,74.219,63.486,56.479,51.431,49.915,56.809,68.035,80.817,75.702,80.814,88.055,94.04,95.247,94.794,102.97,113.94,140.82,215.17,256.88,261.5,243.87,208.52,173,154.61,172.52,188.31,168.26,149.79,116.48,107.24,116.9,120.16,141.32,145.21,122.42,115.55,94.921,77.255,96.606,114.67,121.6,127.49,120.55,123.89,122.65,107.66,108.36,83.195,60.627,62.302,63.764,64.167,81.621,61.885,54.417,56.886,50.1,47.394,41.718,37.623,37.512,38.745,42.666,41.976,43.759,43.121,43.839,41.048,42.554,41.835,41.396,40.259,40.552,41.083,53.255,43.033,40.906,49.185,128.34,181.44,191.47,175.41,195.73,184.97,154.92,121.82,104.36,70.278,80.303,89.548,57.646,41.232,46.007,52.38,52.726,59.076,54.876,56.908,57.137,53.979,56.448,55.309,49.454,45.582,46.015,51.269,54.486,58.094,54.475,85.053,102.56,79.335,78.397,61.981,46.43,49.222,43.746,39.763,39.105,38.556,38.107,42.923,47.622,45.21,42.446,41.302,42.347,44.573,40.465,41.158,44.568,50.451,79.189,71.565,52.205,57.34,62.239,57.21,53.226,54.931,58.101,58.771,56.266,49.634,47.007,45.377,43.514,46.573,41.981,42.94,38.781,41.164,42.632,42.456,89.964,104.75,105.83,99.716,105.27,102.16,102.56,107.49,114.82,114.54,119.75,128.07,112.07,109.18,113.91,115.19,112.13
16.5,110.63,113.41,112.05,114.27,121.5,138.49,151.6,133.82,151.22,156.22,161.45,157.52,168.47,163,159.7,155.17,150.88,147.24,149.22,147.24,136.69,127.74,118.57,138.97,146.31,140.23,140.6,142.83,139.37,132.51,135.1,119.72,112.8,99.655,88.749,90.739,95.328,82.848,72.354,58.997,46.675,48.839,65.883,91.391,89.187,119.93,129.22,124.58,108.66,113.59,120.42,114.9,81.077,67.896,53.317,50.236,49.24,47.307,46.621,45.635,45.393,43.535,43.076,44.287,42.865,43.065,44.525,48.874,44.343,50.596,55.115,53.513,60.052,68.712,74.257,73.293,73.501,86.189,75.676,80.872,75.025,77.491,87.982,84.783,67.979,59.842,58.522,55.544,48.864,47.99,45.699,46.068,48.575,49.695,60.187,65.773,67.713,67.999,67.628,78.089,76.8,103.14,107.36,100.95,96.99,92.824,94.207,86.725,62.793,65.154,61.214,59.102,57.813,43.148,42.529,45.324,42.532,49.509,54.641,67.689,107.95,127.09,99.812,49.083,46.988,53.541,56.372,59.145,53.053,56.812,61.02,55.834,55.552,48.5,46.924,42.503,43.039,44.47,39.435,43.931,39.543,42.096,41.843,39.078,39.651,51.983,44.316,43.866,42.877,42.434,45.709,40.653,41.639,47.394,40.965,44.762,42.216,40.24,41.388,42.711,46.676,45.624,44.015,46.991,44.623,44.241,48.702,45.805,44.737,46.789,46.707,44.393,47.147,43.915,49.775,54.864,65.819,66.923,61.585,63.47,81.075,88.176,97.942,78.159,61.137,65.06,68.679,75.54,65.214,61.319,57.228,58.996,59.029,57.627,53.567,51.086,53.34,57.078,61.1,72.297,98.42,105.75,118.41,110.38,106.76,119.3,138.66,208.28,236.87,260.79,260.78,218.36,176.58,161.47,178.02,206.59,184.88,161.94,116.48,101.27,102.74,109.03,115.2,119.4,99.643,76.469,73.977,67.363,78.76,119.73,152.3,157.39,160.15,155.8,146.55,115.63,98.966,82.39,69.354,70.279,83.687,88.029,63.945,42.43,39.815,39.612,39.108,41.901,37.229,38.668,38.913,40.691,40.974,42.338,41.502,40.552,42.321,44.327,43.097,45.201,49.53,61.089,62.534,63.241,65.769,94.828,90.002,143.17,204.51,217.69,208.77,125.81,194.29,169.8,118.19,119.49,62.894,49.117,77.814,81.799,54.7,47.63,53.031,54.924,55.586,57.447,59.301,59.232,64.635,54.047,53.004,53.047,49.645,48.14,54.414,62.859,87.935,107.38,90.296,80.679,70.951,60.47,61.355,47.354,47.083,46.97,44.967,46.538,45.314,43.783,42.556,40.162,40.755,42.211,42.952,40.182,42.678,42.757,45.084,43.372,44.145,48.901,64.134,68.364,66.539,67.868,63.864,60.094,61.077,58.733,61.967,61.462,55.987,57.99,48.742,48.439,47.957,46.463,42.882,39.938,40.406,43.734,43.5,66.05,113.57,111.25,111.42,108.27,112.28,108.29,116.46,126.32,112.4,112.44,126.96,129.98,125.78,122.83,124.33,118.02
17.5,123.91,122.58,126.15,124.15,125.52,123.51,137.03,139.71,144.69,182.02,187.28,175.77,174.9,166.03,159.95,142.17,141.42,130.47,131.57,136.19,142.49,122.94,112.36,124.28,150.9,149.48,143.47,138.15,134.04,135.38,122.31,121.81,111.76,111.14,103.24,96.427,77.509,73.403,77.068,46.067,49.716,50.291,78.1,78.558,102.15,134.94,142.41,136.74,121.19,120.99,122.76,123.73,124.43,114.88,110.68,78.502,54.152,50.82,48.706,45.739,46.85,44.649,46.114,47.511,45.641,52.067,50.419,48.318,44.406,49.872,51.19,55.845,59.206,70.195,101.8,78.363,76.52,78.965,81.866,80.779,78.763,75.755,92.897,98.108,87.342,79.728,65.733,58.17,51.221,46.032,44.327,44.164,46.892,50.6,49.897,64.173,63.036,64.652,66.223,71.937,72.787,82.711,89.223,98.986,101.9,99.788,126.27,93.065,67.575,66.663,72.964,74.032,55.456,48.568,49.017,48.354,52.793,52.572,49.825,63.297,93.919,103.21,80.314,63.732,58.568,55.935,61.721,67.369,69.007,71.353,67.942,63.111,56.946,58.726,44.651,44.168,41.597,42.061,44.458,41.683,41.477,39.506,53.19,70.935,69.908,54.073,44.791,48.852,50.278,49.476,46.911,48.181,53.078,55.418,47.318,54.198,55.184,41.38,41.397,50.22,69.136,59.635,49.689,54.549,52.025,45.662,45.846,46.946,45.982,46.715,42.925,46.972,50.771,54.678,73.259,85.475,81.728,59.716,69.213,67.134,52.407,50.534,63.812,51.507,44.699,48.201,50.283,52.616,53.656,50.004,49.153,53.633,62.361,57.45,55.07,63.797,80.559,75.756,71.902,77.746,83.054,72.023,70.944,67.399,57.484,77.655,95.922,150.31,189.63,217.48,262.95,268.64,236.03,215.16,194.66,202.87,215.3,183.92,171.13,134.01,118.01,110.16,95.472,111.5,117.81,85.394,78.691,79.75,83.715,114.09,154.36,164.59,164.83,163.09,154.9,152.67,141.55,128.97,107.4,98.207,88.244,74.606,60.671,45.758,38.994,36.803,37.029,38.756,38.113,39.368,39.842,39.851,40.077,41.189,41.431,40.238,41.058,44.869,50.35,75.362,66.764,64.417,63.879,80.237,87.343,126.93,139,143.45,161.16,158.03,153.58,112.69,131.13,137.12,96.504,111.5,87.351,49.805,47.705,69.894,73.324,57.819,53.965,55.953,95.709,128.47,85.582,50.949,61.183,60.9,45.382,43.663,45.131,46.707,55.396,58.216,108.18,95.781,61.808,55.203,51.522,47.642,43.85,38.143,45.46,43.83,53.469,52.555,46.675,46.804,46.079,45.23,46.48,38.747,40.358,42.176,43.237,39.711,39.679,40.3,43.255,46.587,43.393,60.527,62.81,70.08,81.843,76.434,75.918,65.43,62.427,67.447,70.276,59.16,50.647,54.968,58.616,52.344,42.524,39.757,42.027,45.067,46.68,61.506,126.47,130.99,120.32,118.84,121.03,132.59,135.3,140.4,132.05,140.6,155.49,148.28,138.11,135.3,130.32,134.23
18.5,121.22,117.47,126.08,128.1,121.72,129.9,132.24,141.48,151.61,157.59,199.42,179.33,158.42,158.83,162.68,155.87,139.06,125.62,119.33,121.14,129.29,132.6,126.26,128.97,144.92,150.98,140.97,135.98,134.05,131.65,116.24,116.92,105.73,116.66,111.64,90.829,83.504,74.899,51.588,47.647,48.913,65.686,79.754,87.544,114.35,138.25,142.26,144.3,140.06,132.66,130.03,135.45,132.82,134.35,140.69,133.6,112.54,64.022,49.489,46.21,47.979,45.545,48.556,48.731,48.081,50.806,53.042,50.116,48.812,48.403,48.198,53.531,60.435,73.757,91.107,84.451,90.95,79.106,75.993,76.57,79.039,82.302,79.99,92.26,90.791,78.494,73.94,68.554,58.85,53.982,51.925,46.036,47.068,50.061,60.787,69.193,66.232,64.618,65.68,74.075,76.922,75.999,81.394,108.31,103.56,144.51,148.28,107.32,83.747,92.587,100.27,61.697,54.471,52.35,49.19,39.648,50.625,59.579,54.661,56.579,63.139,92.046,89.153,44.809,41.126,53.886,63.668,62.175,60.441,55.01,63.799,50.349,50.821,48.474,45.156,46.999,46.803,47.677,47.433,47.089,50.216,50.51,62.486,96.345,112.84,106.08,84.325,107.88,121.03,112.13,90.198,85.437,79.934,62.741,57.299,82.759,78.728,62.529,46.35,72.75,81.429,63.245,54.157,68.476,56.142,49.764,56.088,51.603,50.428,47.461,45.68,50.127,69.201,81.038,129.5,119.72,73.775,69.333,60.968,51.022,48.125,48.726,51.152,47.464,48.337,51.356,54.311,63.006,66.701,49.958,50.727,51.675,50.443,52.235,56.028,55.177,57.324,58.705,67.879,67.951,77.009,77.875,67.194,48.499,55.242,78.692,101.92,118.98,153.65,182.19,205.27,233.71,236.91,228.16,225.35,220.72,208.5,199.49,186.06,155,122.86,134.46,120.85,113.64,117.79,109.77,111.24,112.62,133.84,136,164.5,173.22,168.62,174.37,171.27,159.91,147.44,130.55,113.89,97.1,65.522,46.258,42.955,38.824,37.409,35.728,36.51,39.659,39.091,36.904,39.199,38.895,39.488,40.421,43.358,44.715,58.965,66.645,66.139,69.015,90.448,70.133,67.54,114.88,75.728,63.294,65.42,87.482,105.35,110.9,109.14,94.542,74.848,70.053,57.42,50.389,51.911,48.827,41.159,41.567,49.24,63.43,71.071,56.632,80.95,94.935,83.288,84.899,91.94,75.915,62.902,59.843,56.583,70.636,63.472,70.01,73.405,52.062,48.961,48.436,44.869,44.465,44.231,45.756,45.601,47.971,51.308,57.215,49.052,57.942,53.131,46.944,53.928,46.589,47.155,45.014,41.92,42.437,41.219,39.848,40.519,40.835,41.943,65.655,124.87,103.81,86.057,88.578,89.306,85.437,79.046,78.94,77.901,73.563,64.002,56.266,54.987,47.698,40.524,39.091,39.64,42.633,46.508,60.589,137.41,143.84,141.48,141.12,126.03,140.34,147.26,152.57,159.27,158.5,155.67,153.51,147.64,143.1,131.68,123.96
19.5,114.67,109.8,115.93,133.01,132.84,129.27,133.43,127.22,138.76,185.01,179.32,181.25,159.5,142.48,141.65,145.34,131.19,107.94,93.166,109.18,131.46,133.09,128.33,131.48,138.86,139.89,139.23,139.27,136.22,128.87,112.21,123.88,123.96,111.46,102.4,90.931,71.615,51.72,43.549,49.078,56.523,74.237,84.838,96.459,119.04,135.19,140.97,141.15,143.65,140,143.4,142.78,137.29,138.46,145.91,149.38,138.42,102.07,53.752,48.35,46.835,47.502,48.298,47.53,49.661,50.036,51.261,52.387,49.906,51.797,48.672,53.011,59.297,77.287,98.846,97.183,84.922,85.445,102.33,116.35,118.93,112.89,86.397,84.366,92.739,89.905,85.749,71.195,72.726,64.487,55.16,51.96,51.34,59.429,64.68,73.063,64.349,65.215,66.429,71.235,83.035,82.444,90.98,113.82,129.05,161.53,140.78,127.43,112.4,100.88,107.35,82.287,59.998,54.598,53.998,50.164,53.25,46.313,62.61,98.809,67.971,76.155,67.983,50.952,64.586,78.476,64.344,47.032,50.11,47.846,48.205,47.302,41.666,43.383,46.256,49.099,41.428,42.563,50.805,54.326,57.239,62.95,69.888,114.62,150.73,187.85,217.08,201.2,208.75,217.44,181.04,139.06,111.42,98.44,100.37,161.42,177.16,153.87,142.65,146.98,147.01,141.81,149.23,90.037,72.059,62.216,67.739,64.685,55.99,48.922,49.941,61.046,67.942,131.65,151.19,95.385,58.875,44.479,45.437,45.152,49.828,61.308,57.765,53.583,53.805,57.514,59.951,72.437,66.791,65.63,64.867,61.641,62.614,60.033,63.181,60.551,57.425,54.79,61.783,51.694,56.29,53.491,45.572,42.912,109.96,96.087,79.453,77.613,104.83,150.31,166.79,175.75,195.01,208.31,208.44,205.24,193.74,208.34,193.61,166.03,163.18,142.49,133.22,115.66,131.48,124.35,113.17,131.33,155.77,175.21,194.98,194.17,186.9,184.41,171.37,167.49,152.88,128.22,101.79,80.481,60.765,44.516,37.022,35.925,35.961,35.931,36.68,38.589,38.053,37.442,36.778,37.331,37.575,38.594,43.084,58.558,72.392,81.507,97.808,92.003,112.35,97.535,128.38,138.62,52.77,59.229,56.793,59.506,66.875,78.361,69.374,94.127,90.853,85.624,85.941,70.078,66.729,55.614,48.642,42.848,42.264,44.572,56.175,61.187,50.878,42.635,46.354,67.871,72.617,72.203,53.051,48.322,43.684,45.512,56.359,82.681,53.897,49.044,43.813,40.69,41.885,43.114,46.621,49.664,47.905,61.576,53.759,70.516,83.589,92.358,80.405,65.609,43.535,47.894,54.01,55.683,45.9,45.003,40.226,43.185,49.894,44.154,47.756,72.367,141.11,152.13,90.9,104.4,81.447,78.435,84.086,86.605,87.205,85.669,78.554,69.564,69.643,61.283,53.325,47.531,45.465,48.224,50.639,92.203,137.37,120.08,130.31,126.3,150.39,157.47,151.31,150.93,151.96,153.46,150.61,152.98,151.16,143.92,132.07,115.39
20.5,113.5,108.37,108.07,118.39,137.31,139.11,130.74,135.67,138.31,164.26,163.41,181.11,178.44,143.41,129.53,124.95,93.838,83.448,82.623,105.43,134.41,128.66,133,132.89,136.05,134.22,140.24,141.73,141.8,131.46,112.55,118.73,119.16,104.54,98.729,96.431,76.707,59.496,41.506,64.958,75.475,72.607,92.283,109.69,114.08,119.42,132.56,128.41,135.08,138.4,144.6,145.22,141.9,136.61,138.04,143.4,140.44,121.44,77.778,50.724,48.744,50.5,51.048,47.4,49.855,47.904,51.361,52.142,51.125,51.178,54.954,52.973,59.227,76.373,113.47,94.59,92.472,77.903,78.063,94.126,100.45,124.17,126.14,111.83,88.986,84.549,100.41,98.169,77.548,82.514,81.052,65.139,59.13,63.916,75.201,75.828,68.371,63.179,70.323,75.007,72.743,80.485,84.768,86.885,118.6,178.66,177.12,141.48,104.27,107.92,101.81,88.144,65.188,57.506,56.987,55.826,56.211,46.991,45.164,43.874,47.747,56.14,58.032,68.25,65.168,54.775,48.572,49.578,51.677,50.16,50.684,55.595,50.609,46.441,49.393,49.172,52.11,46.96,47.051,54.461,77.244,114.49,127.89,171.27,183.57,193.35,183.65,187.11,186,226.29,227.25,192.53,183.81,184.46,207.47,187.36,156.82,162.36,168.24,196.99,210.14,216.71,202.21,167.69,115.13,91.237,97.188,87.988,71.141,51.598,49.672,55.996,98.157,144.74,135.76,74.42,46.824,41.702,43.119,45.677,50.884,55.879,60.668,59.501,55.298,60.497,58.467,68.272,79.103,60.393,68.579,69.344,66.5,66.708,61.998,60.31,58.506,62.535,63.487,56.793,52.137,48.871,48.79,66.642,100.04,74.771,62.593,64.447,72.703,87.014,106.47,123.18,155.52,179.49,172.26,164.85,147.74,142.21,160.36,163.24,150.69,147.47,130.08,126.23,126.09,124.04,97.569,99.515,110.25,156.18,191.69,203.04,194.1,190.64,179.7,163.5,145.79,114.54,88.374,69.427,51.643,40.515,37.13,36.202,34.943,35.222,36.335,38.613,36.695,36.718,35.108,34.672,35.512,36.488,45.629,64.348,76.652,79.636,81.468,78.396,87.788,149.75,200.32,97.734,51.431,61.031,64.419,62.429,63.898,72.503,70.341,81.102,126.39,150.57,126.04,78.932,81.459,64.101,66.139,53.326,42.592,44.501,56.678,78.16,68.977,63.292,45.217,41.827,41.192,46.705,51.036,46.519,43.409,46.017,65.394,53.156,42.365,40.002,41.137,44.477,43.934,61.572,69.338,62.366,72.968,57.451,48.184,70.674,83.46,82.294,73.093,65.103,49.747,47.53,44.751,51.613,46.894,44.639,43.063,40.443,42.068,51.696,49.466,73.084,98.377,93.228,73.58,71.132,79.551,83.419,83.922,83.46,88.814,87.843,90.318,81.433,74.013,62.465,56.133,50.989,47.304,47.824,49.902,108.07,127.67,141.1,127.26,123.71,146.37,154.38,148,140.52,138.47,141.09,143,146.37,140.73,138.75,131.33,117.79
21.5,130.34,123.01,118.25,125.29,131.13,136.13,130.89,143.12,144.8,163.26,147.26,148.23,154.91,173.67,141.37,128.57,92.066,108.45,108.57,106.65,128.4,125.15,130.94,136.55,123.01,124.77,139.59,143.05,143.23,137.44,122.01,110.33,124.79,96.57,81.83,77.469,74.666,47.785,42.141,78.886,80.092,91.071,89.619,100.41,110.54,115.69,127.86,132.7,124.64,132.19,141.27,138.79,139.36,133.99,131.94,132.17,126.33,109.84,109.55,75.559,51.926,55.704,58.163,53.694,50.362,50.354,49.84,50.857,52.314,58.123,70.309,68.127,64.285,69.97,93.949,89.43,91.156,102.11,96.252,84.664,67.559,72.775,87.046,110.27,104.57,89.695,81.502,82.286,89.443,93.667,98.213,95.908,81.048,70.142,84.472,78.008,69.824,69.807,71.685,71.071,72.625,72.872,78.87,91.157,133.98,189.21,197.27,196.56,155.91,157.24,117.78,86.346,70.484,64.245,58.586,59.038,60.113,71.52,72.344,55.397,48.281,41.336,43.911,50.453,44.017,39.834,40.252,48.077,56.984,66.699,64.639,87.315,65.027,61.43,45.843,46.478,49.143,46.099,57.806,63.112,89.112,103.7,140.54,188.63,149.06,152.19,175.86,193.25,181.02,190.54,212.14,204.32,206.14,199.3,202.05,186.41,134.99,125.26,161.79,177.49,178.33,184.44,184.62,160.69,129.34,108.65,101.42,87.202,77.309,54.684,54.184,102.79,128.78,137.16,110.89,67.685,58.878,50.514,48.157,63.246,64.453,73.738,89.512,57.927,49.827,58.893,61.573,64.689,55.515,55.874,57.691,55.796,58.712,77.494,64.42,61.119,63.208,54.572,59.96,65.385,57.628,53.776,63.936,80.572,73.993,79.129,94.433,74.165,72.004,93.5,114.43,111.3,125.21,152.06,158.9,177.6,177.38,145.43,133.63,143.4,121.51,122.47,135.76,143.67,152.92,152.83,141.42,119.81,108.29,128.72,157.62,191.08,192.27,181.19,178.77,164.89,147.32,120.85,95.538,71.39,55.478,43.178,39.365,37.083,36.643,35.052,37.522,39.017,35.46,35.044,34.921,33.555,33.432,36.095,44.998,60.367,70.726,84.12,102.92,104.53,186.5,207.25,134.83,57.554,52.655,61.923,60.82,63.829,64.518,70.955,74.279,72.519,94.949,118.33,120.59,96.888,113.21,92.713,64.574,58.179,76.265,72.518,62.645,46.242,42.924,48.624,56.67,48.491,57.765,46.076,44.709,45.801,44.955,45.36,69.504,56.291,40.814,40.5,42.426,52.714,62.006,70.774,87.167,84.231,76.402,56.84,43.773,46.815,42.831,45.739,44.509,45.856,42.471,45.641,47.029,51.417,54.929,74.772,55.247,43.333,42.814,67.676,98.388,66.326,64.509,54.939,48.263,91.085,90.616,95.68,93.234,94.767,85.35,72.212,64.522,79.969,68.72,62.229,58.289,54.603,62.077,53.116,43.696,123.45,122.82,129.62,130.1,132.4,128.14,139.96,142.38,138.83,134.29,129.1,116.84,117.76,118.61,129.21,130.46,130.99
22.5,134.01,130.87,126.3,125.53,115.43,102.56,105.6,126.16,137.42,164.37,162.53,142.88,136.92,149.3,150.35,139.79,138.17,130.84,100.33,100.98,132.2,124.77,133.41,132.33,129.54,131.66,137.77,141.3,137.02,133.27,123.35,105.22,97.488,96.712,93.771,86.84,64.215,47.025,46.337,69.789,76.302,96.522,104.63,114.01,105.59,106.63,121.93,131.56,137.84,136.21,139.43,136.39,134.77,130.7,128.92,121.93,110.75,98.773,91.52,79.775,53.162,52.391,55.08,57.529,52.839,50.31,52.62,50.734,56.658,66.959,76.013,76.803,78.312,74.851,85.097,89.362,97.604,79.958,73.349,69.713,64.077,73.957,70.576,91.043,112.01,112.45,80.441,75.038,78.063,88.59,92.877,96.471,100.47,93.77,103.72,97.817,77.712,74.343,74.662,74.176,69.941,70.947,74.44,98.846,141.2,174.6,194.7,196.23,198.85,199.51,151.13,99.799,93.144,83.894,78.323,70.629,63.213,66.414,79.9,67.336,58.48,61.644,50.999,49.057,43.117,42.683,39.794,44.574,51.264,66.102,58.798,55.429,48.184,54.262,48.266,46.636,55.197,65.093,75.146,83.96,75.485,70.897,112.33,156.82,150.49,168.46,172.58,182.59,192.87,199.75,208.35,218.14,211.4,215.34,212.81,210.52,178.6,152.02,175.59,218.51,209.02,182.08,177.25,171.24,146.36,136.86,127.48,99.283,94.947,76.881,97.744,124.8,123.84,121.44,84.748,88.7,81.382,58.573,55.043,67.82,76.724,65.032,61.145,50.271,49.962,52.632,56.629,60.022,54.783,63.421,61.297,59.288,70.682,75.824,77.64,87.274,79.007,58.499,60.537,65.025,71.43,62.13,80.193,82.777,90.316,111.47,95.473,81.021,64.327,76.003,108.87,114,102.42,106.18,121.57,155.99,169.02,169.88,147.69,142.7,121.12,97.445,96.119,118.97,150.59,151.6,163.27,168.3,159.65,136.87,160.08,165.85,159.19,141.91,139.63,141.98,143.06,114.85,106.44,91.451,74.455,58.767,51.269,47.455,39.505,44.135,36.78,37.165,34.798,34.888,39.717,39.347,38.452,42.99,61.884,66.356,75.133,82.752,95.326,124.97,190.84,156.21,91.351,58.754,50.322,50.948,54.435,59.807,59.956,71.546,74.373,73.806,60.809,60.342,57.557,89.148,150.15,143.45,132.01,170.73,127.58,80.431,52.507,41.751,47.976,51.612,50.62,48.777,47.539,46.542,42.75,43.262,43.688,43.286,50.285,43.096,40.106,42.193,46.623,49.446,85.607,104.05,93.158,61.726,46.844,40.985,40.731,41.064,41.783,46.274,44.428,40.17,39.698,40.743,45.306,45.509,59.807,55.603,54.614,49.879,67.177,90.146,84.387,52.798,62.941,57.125,79.409,136.14,78.977,84.539,69.913,64.324,79.356,70.618,72.448,89.511,72.092,69.18,60.003,60.184,68.43,61.49,51.82,69.629,120.55,117.43,110.28,114.27,132,130.43,129.64,121.41,123.29,119.49,110.41,111.52,109.25,120.23,133.22,131.99
23.5,134.47,128.61,122.78,127.02,120.36,97.51,93.606,97.712,119.98,158.74,150.49,148.72,145.96,141.96,135.2,136.17,141.35,133.35,114.58,106.48,127.83,127.62,130.87,134.29,125.63,123.85,123.84,136.4,141.02,132.1,120.04,123.38,108.53,100.42,91.396,66.881,51.153,50.172,63.332,67.489,71.134,85.617,106.52,103.25,103.05,102.83,117.28,126.86,132.63,130.28,136.5,130.84,130.87,128,127.51,118.42,91.515,80.513,70.237,56.434,51.392,59.363,57.943,62.813,60.196,57.154,53.669,56.762,63.317,80.107,81.03,82.261,79.359,78.088,72.487,83.729,97.82,81.949,66.336,64.967,61.188,69.83,83.819,105.22,111.5,114.89,97.044,78.015,73.896,74.038,90.039,87.196,84.171,85.206,93.839,102.8,103.21,92.726,83.559,78.967,71.791,74.943,77.591,80.798,85.134,101.08,136.59,142.83,187.84,221,187.81,120.2,117.57,125.31,121.67,106.32,92.756,86.671,113.44,100.34,78.594,76.557,66.531,65.175,59.241,50.334,45.274,45.45,47.709,54.348,50.122,57.838,57.395,58.406,43.655,53.355,73.906,79.815,83.767,105,97.672,124.02,136.13,138.4,150.26,167.63,192.5,202.07,213.73,228.12,214.69,220.79,226.6,221.32,212.28,201.53,185.06,164.91,171.47,186.3,205.1,222.74,206.41,169.08,150.02,119.7,118.52,120.62,124.56,123.46,134.17,134.07,112.4,102.85,71.603,79.426,81.409,65.639,53.548,55.513,60.884,56.406,47.355,44.799,50.921,63.524,63.598,53.091,53.029,58.304,57.847,63.899,62.556,65.39,63.529,59.022,60.37,55.152,60.318,71.661,70.437,81.166,96.016,109.46,99.878,90.188,63.882,67.17,71.936,67.762,70.74,68.912,71.458,78.391,90.203,110.99,136.85,132.09,133.72,129.63,114.68,111.61,117.36,108.75,116.49,135.96,151.59,187.93,194.7,200.97,172.66,149.24,141.4,121.77,118.29,106.47,108.9,98.503,87.724,80.472,74.168,69.627,55.827,42.976,38.132,37.306,41.879,44.7,42.98,54.455,52.693,38.694,39.244,56.559,58.723,62.044,75.829,78.41,79.908,89.359,101.36,78.168,56.311,45.061,48.285,51.624,55.871,59.138,61.164,67.637,72.169,69.659,86.621,87.59,64.15,56.494,75.772,100.67,124.01,129.1,110.55,89.146,69.173,44.125,57.098,57.858,51.058,48.165,52.395,50.256,50.346,43.661,45.579,45.131,46.339,42.19,37.715,38.854,43.1,42.056,59.367,92.922,80.522,54.92,43.339,42.94,38.772,42.334,47.663,51.449,64.381,64.923,50.197,42.286,41.892,45.65,43.513,47.928,45.586,41.656,70.92,70.779,64.893,52.77,62.545,85.371,138.7,143.9,133.92,167,111.01,66.351,65.163,84.289,86.9,72.608,67.228,68.362,60.85,57.523,62.312,69.514,62.778,47.071,118.01,121.41,117.3,120.5,127.69,125.86,124.2,114.26,106.67,112.91,121.23,119.06,128.42,132.97,140.52,135.74
24.5,128.83,114.18,111.62,108.56,122.18,124.58,111.5,106.98,115.72,123.01,106.24,146.15,156.49,156.63,133.9,120.23,128.73,128.57,137.37,144.39,146.92,143.45,141.13,127.14,122.79,120.79,137.91,143.01,128.66,128.9,128.52,133.24,112.77,90.94,82.953,61.797,50.916,68.059,74.088,69.888,79.144,92.526,101.16,107.25,107.99,115.03,120.53,124.73,131.57,134.36,132.84,99.336,72.009,76.283,82.487,108.73,73.709,62.921,59.067,52.755,57.353,61.929,62.508,65.129,62.28,61.681,59.56,67.478,75.939,80.151,90.206,88.607,84.852,98.228,80.202,87.813,97.359,83.448,88.575,70.463,71.055,70.488,73.574,85.004,98.599,112.56,111.13,94.79,86.1,73.22,77.496,82.982,83.414,78.548,90.286,95.805,104.02,98.784,93.135,85.84,86.817,82.949,80.438,84.796,89.439,117.93,152.99,203.72,215.44,222.3,224.88,211.26,192.1,193.6,181.42,142.05,120.36,100.63,116.92,125.87,119.17,93.804,83.573,71.896,70.94,65.197,62.546,58.133,59.004,55.362,58.835,65.181,60.198,61.609,53.671,62.849,63.48,59.301,75.168,104.91,120.35,143.68,138.64,140.18,140.09,141.46,137,155.61,187.96,190.03,186.57,189.98,186.19,197.74,202.29,204.9,187.01,167.72,155.19,162.06,174.14,206.4,209.66,168.02,155.2,151.13,140.83,134.19,143.36,149.24,165.49,128.32,101.7,84.685,63.892,70.959,87.064,77.775,64.27,56.054,53.684,46.675,48.419,47.663,52.602,60.763,50.791,47.875,48.133,49.636,75.395,76.676,70.191,70.522,66.824,66.868,67.405,61.63,57.003,71.685,82.247,90.4,92.28,93.915,102.18,72.229,55.633,74.394,84.831,83.349,89.564,72.452,69.461,69.668,64.557,67.913,79.304,100.59,115.26,92.394,76.715,91.847,112.98,136.49,135.73,149.54,141.65,147.42,155.78,182.21,199.09,204.19,194.34,167.5,126.65,120.88,117.38,118.74,102.54,96.941,101.58,96.027,68.853,41.894,36.862,35.798,35.362,36.139,60.185,53.383,35.818,38.28,52.907,57.226,56.642,71.911,73.526,73.09,73.241,72.762,74.359,72.85,52.68,50.182,53.496,58.389,71.032,75.805,86.676,88.755,87.965,89.667,87.974,69.206,54.985,75.011,73.595,53.075,48.629,63.164,114.3,116.41,106.01,49.642,42.706,43.685,48.216,50.743,63.742,58.994,55.411,55.978,49.719,55.106,47.887,38.319,37.969,45.537,45.218,42.345,41.813,43.936,47.686,44.43,46.435,52.964,55.89,74.666,63.968,51.144,63.939,88.747,56.598,45.966,46.936,43.126,43.871,55.729,66.406,56.958,121.65,130.83,111.69,63.185,64.188,160.67,143.03,96.365,157.67,172.4,99.5,64.982,91.29,97.053,77.195,60.523,67.244,72.238,66.13,65.517,72.732,75.731,93.05,66.357,62.584,119.36,123.15,114.51,115.48,120.1,127.6,118.29,120.83,102.42,99.608,112.44,121.24,133.8,143.62,140.64
25.5,128.14,116.16,106.98,109.66,98.094,123.61,112.92,98.955,78.345,92.724,106.5,110.66,135.92,152.72,156.76,133.59,117.77,121.78,135.22,144.54,160.19,155.08,147.24,129.77,122.71,137.5,145.51,137.19,130.72,123.59,125.81,130.46,109.53,88.286,66.685,51.621,58.425,77.928,69.999,63.59,72.214,90.649,97.425,111.92,113.16,115.48,119.42,127.56,137.86,131.79,102.67,94.522,64.397,67.339,66.897,72.852,84.208,70.876,77.485,78.836,83.368,96.658,92.976,83.785,81.14,77.858,78.67,86.236,84.018,83.905,88.487,88.049,84.566,88.722,92.404,82.686,79.94,78.857,76.819,73.965,71.284,84.01,80.961,84.01,99.971,112.62,112.71,98.157,84.965,80.674,73.053,71.467,77.046,93.567,87.569,94.11,98.174,95.747,88.414,79.977,100.25,121.04,115.15,98.542,98.191,177.89,217.76,223.7,225.64,227.5,224.96,226.23,221.3,219.34,219.94,206.91,174.96,126.98,122.01,123.74,144.7,132.16,114.95,97.772,76.962,73.962,78.503,70.594,70.4,69.048,90.269,70.439,59.483,58.646,70.09,84.58,71.912,54.909,67.684,95.343,113.23,115.45,111.31,93.907,87.427,85.006,80.166,97.093,120.8,142.74,155.08,167.29,168.49,169.14,178.1,176.84,154.03,146.46,143.47,127.41,127.51,148.71,185.69,201.42,197.63,200.52,189.91,161.98,130.29,126.51,135.85,123.27,108.14,88.233,80.863,93.779,117.15,130.55,100.96,74.266,60.014,55.503,59.34,57.955,48.593,57.384,60.632,62.767,55.136,60.188,69.226,70.391,51.998,50.852,56.589,64.927,90.799,81.813,63.079,50.736,53.836,81.27,86.682,72.463,69.086,61.763,71.373,88.85,88.029,86.834,99.969,74.344,65.818,69.765,65.043,63.521,71.316,69.05,61.398,75.685,95.475,98.189,100.01,103.77,132.14,161.89,173.09,170.82,168.64,166.56,172.88,183.65,198.92,214.24,209.29,178.99,172.4,171.22,170.2,159.47,145.33,110.4,79.945,52.369,37.451,35.545,35.473,45.853,58.857,38.886,42.349,57.933,58.881,58.768,65.059,71.338,81.579,90.23,76.104,62.779,63.702,64.648,60.225,44.321,64.32,67.385,84.668,103.98,117.42,114.24,97.365,101.15,114.66,74.818,64.174,118.66,84.99,53.211,73.04,73.206,84.903,108.18,75.819,68.729,63.591,49.015,41.48,41.453,59.631,57.693,59.818,66.457,52.023,60.679,51.044,39.133,55.875,50.74,41.514,45.678,40.581,45.666,49.006,52.067,55.816,60.247,71.411,75.553,54.611,42.839,49.674,63.889,55.27,57.773,56.452,51.402,46.083,38.062,45.882,64.531,124.47,90.713,94.495,73.275,82.185,105.25,112.01,140.06,130.03,101.99,50.065,102.63,91.681,78.583,62.665,63.549,77.225,92.2,89.422,87.684,82.973,79.353,75.882,75.925,58.107,99.844,124.31,115.13,105.09,112.14,116.53,122.44,131.7,122.86,100.99,95.823,99.347,124.06,140.12,141.22
26.5,124.51,123.84,122.67,116.53,112.44,108.55,114.78,103.3,100.85,101.84,113.02,119.41,114.78,135.23,129.29,142.02,131.8,110.01,124.81,136.86,140.24,145.67,155.26,149.23,132.84,152.57,147.87,133.49,135.18,135.57,135.19,118.28,104.42,84.629,56.444,49.901,70.272,73.382,90.751,96.076,84.067,96.703,98.774,107.5,116.25,117.87,124.6,132.09,137.79,118.46,72.843,59.439,57.139,68.504,88.485,93.318,75.629,88.631,95.313,105.96,98.858,92.505,93.152,99.162,93.514,92.187,84.808,88.42,83.863,93.279,99.86,90.189,86.978,87.512,82.462,79.295,75.072,74.255,71.216,71.655,75.062,76.295,73.317,77.215,93.676,111.29,119.82,103.69,101.21,85.431,77.452,75.328,77.956,92.469,99.06,102.09,114.52,105.51,98.608,71.909,73.02,97.349,113.66,128.92,176.04,236.47,235.87,235.55,233.1,235.59,228.01,218.56,221.67,225.04,217.61,214.6,192.42,153.96,154.68,133.33,142.33,161.24,189.57,188.56,155.94,108.91,114.31,99.798,86.286,75.083,112.24,76.785,57.738,55.76,66.113,70.621,61.567,62.484,76.181,84.955,86.145,90.115,110.37,93.338,86.052,94.605,103.01,107.37,114.54,122.42,110.7,117.11,118.99,94.885,98.406,96.368,101.76,94.165,93.288,99.543,95.368,109.87,129.7,175.55,203.67,210.49,219.42,208.86,187.34,166.56,142.08,129.14,118.13,107.48,108.06,95.013,129.69,175.45,152.59,93.247,69.833,57.344,60.063,53.89,47.155,49.165,49.146,48.715,51.706,59.985,57.275,48.163,55.851,54.745,60.964,61.024,62.79,66.898,63.984,51.119,53.658,54.562,61.184,50.26,51.303,60.159,60.907,63.368,61.058,56.89,61.144,59.471,54.962,49.883,52.141,45.382,55.988,54.176,68.501,69.82,87.483,71.542,74.484,77.53,90.049,135.01,157.04,163.29,170.36,166.55,151.52,155.9,168.54,178.62,179.4,183.62,188.06,190.05,190.86,191.49,175.58,150.8,126.93,85.13,47.821,34.791,45.845,52.054,47.153,36.844,52.459,57.065,54.291,58.256,70.746,80.263,91.399,83.338,73.866,66.605,65.59,64.26,62.991,59.591,58.515,63.758,97.907,137.36,132.35,112.97,113.15,118.18,128.45,106.06,93.545,105.77,80.64,69.351,137.76,119.76,90.003,111.77,98.22,101.24,136.4,170.57,106.96,55.139,51.533,47.325,46.631,56.154,51.33,46.785,56.272,48.415,42.065,47.665,39.641,47.335,41.619,40.262,43.599,46.776,56.097,61.933,55.462,50.855,51.862,47.785,48.36,50.098,53.069,58.638,57.586,51.304,46.577,45.717,70.646,108.07,163.79,106.46,84.835,95.537,89.208,97.31,102.95,108.22,101.74,64.427,55.536,82.907,67.278,75.699,64.113,72.811,89.839,109.29,125.87,128.49,108.95,68.103,61.872,57.569,75.642,83.523,111.13,118.23,96.549,94.235,101.2,118.54,122.43,109.89,93.668,91.255,101.98,124.73,134.87,132.69
27.5,113.02,109.81,123.28,121.26,128.51,127.23,133.67,133.09,118,114.6,119.57,125.83,129.83,124.06,120.76,136.29,116.61,100.07,110.55,147.13,147.9,131.87,149.42,154.99,142.44,153.88,152.74,140.6,139.38,137.7,120.63,118.17,107.42,78.671,62.23,63.403,75.624,80.524,117.74,132.38,122.73,104.78,101.75,113.57,119.28,119.57,120.03,119.85,109.82,65.813,53.594,59.383,77.183,97.388,99.27,101.15,110.73,86.739,97.999,97.196,95.471,90.316,108.45,117.85,107.81,127.01,111.81,97.35,85.607,90.099,93.926,94.312,91.603,85.772,87.058,76.056,70.93,75.199,71.851,73.42,70.321,72.349,72.249,64.978,70.6,103.08,142.84,162.36,157.77,121.01,119.71,110.7,160.18,143.08,111.35,96.413,77.906,111.23,124.23,75.94,68.98,64.984,66.049,144.08,236.48,244.02,234.18,234.35,232.17,234.85,228.71,218.25,212.81,220.38,219.1,211.2,204.52,170.09,162.9,154.34,167.15,198.37,230.11,237.94,240.3,211.8,192.9,159.21,136.95,146.46,129.95,103,86.433,74.184,56.698,62.879,66.072,63.004,66.704,84.899,104.54,94.461,96.527,82.706,86.316,107.62,86.755,98.485,104.07,101.97,92.551,120.27,129.34,120.76,122.84,116.56,105.16,84.529,74.604,76.856,85.051,95.786,98.078,128.43,166.35,182.35,199.21,218.72,218.36,211.73,190.09,176.18,154.82,112.81,109.07,118.5,140.26,147.17,131.04,114.27,93.748,78.215,71.733,76.359,66.938,53.574,41.334,41.083,49.156,52.295,47.742,52.1,45.217,47.671,55.955,63.903,59.288,57.857,55.967,65.397,82.191,67.542,59.505,57.723,63.228,53.887,57.348,50.62,55.531,73.394,83.166,89.739,85.123,89.958,77.274,67.269,55.934,44.028,45.942,54.396,61.275,65.745,59.625,63.845,79.174,78.588,92.425,117.03,122.2,154.11,139.81,134.34,153.29,153.74,148.31,137.56,138.56,164.91,165,170.3,162.46,134.21,112.48,88.072,73.053,74.326,80.475,52.38,35.573,49.198,60.173,55.193,59.315,68.563,73.885,76.233,84.125,79.485,70.932,71.43,64.425,60.027,61.977,43.684,55.624,86.069,126.21,154.16,174.7,198.23,177.76,181.4,137.85,116.32,158.54,138.83,82.577,122.03,144.25,95.535,57.99,59.969,79.298,94.04,129.78,160.39,167.69,146.51,95.805,63.333,45.742,60.679,46.112,45.729,61.126,70.907,51.156,38.946,44.826,42.841,46.837,37.639,38.934,43.782,61.093,51.444,42.201,46.292,53.913,54.491,51.144,49.099,54.214,60.1,60.94,56.555,53.633,48.93,68.733,158.23,183.09,133.33,75.646,70.012,78.655,90.188,69.661,74.743,68.807,62.806,48.193,64.225,76.559,66.079,68.947,82.216,101.3,132.16,136.61,133.78,110.67,74.129,56.43,55.723,58.482,63.122,77.713,122.94,120.68,94.814,100.84,113.49,126.56,119.54,120.15,110.04,105.19,120.92,128.91,122.33
28.5,115.07,96.621,95.024,105.26,116.47,137.14,132.46,134.76,127.93,117.07,117.45,126.25,117.74,110.99,110.42,98.829,124.15,126.59,129.54,138.14,134.29,125.08,145.83,149.29,146.51,150.05,145.11,143.35,136.15,125.79,120.58,122.11,107.1,83.439,79.048,85.301,90.347,90.976,102.23,123.26,131.38,128.71,125.38,116.59,116.3,115.48,113.25,108.82,80.877,46.955,40.952,86.197,88.436,88.964,90.589,86.645,93.708,95.02,98.225,112.9,99.033,104.7,119.15,108.23,111.17,120.27,126.45,125.66,92.095,90.852,83.373,88.629,89.959,91.191,86.888,79.645,71.633,71.1,70.975,70.708,70.651,68.449,91.276,127.08,153.35,144.84,151.62,155.31,142.13,142.73,138.44,128.01,131.2,209.52,184.65,126.26,120.71,132.37,77.163,50.549,54.585,58.521,92.774,198.14,222.79,225.18,234.31,226.16,213.95,212.42,222.06,227.14,233.23,239.29,234.33,207.07,195.81,213.16,212.78,215.11,191.56,202.85,209.62,224.36,229.48,234.18,242.53,214.33,190.86,195.39,158.31,132.39,102.13,93.167,82.612,55.431,65.456,67.221,77.275,109.48,102.71,77.587,77.395,81.784,72.75,80.716,81.229,90.814,91.646,86.373,72.078,102.52,123,144.93,157.76,134.3,107.59,102.5,101.52,102.94,93.531,106.73,120.3,103.99,116.86,155.76,169.28,172.8,189.76,211.62,224.26,214.96,205.19,185.7,158.87,135.19,127.04,126.77,142.42,112.11,107.39,99.35,91.258,96.178,78.731,57.521,47.89,50.169,49.101,53.873,44.144,43.71,60.376,53.428,58.731,60.016,46.031,45.736,52.135,60.664,71.298,58.986,69.791,66.743,72.057,88.571,82.515,77.961,75.719,82.375,82.596,71.837,74.807,92.959,100.76,95.361,114.25,98.64,64.491,47.351,56.447,54.596,63.947,57.074,73.044,89.955,79.532,103.94,92.534,77.989,94.159,109.37,110.97,124.65,134.09,134.74,124.34,116.7,139.09,135.96,131.42,107.85,98.695,65.255,51.526,53.593,60.095,43.726,60.451,67.035,57.17,58.599,63.033,68.639,76.788,74.165,75.214,74.302,65.585,71.804,64.33,61.692,62.684,55.147,53.537,121.6,171.55,190.69,187.84,180.24,151.36,168.99,175.95,149.67,199.71,160.81,80.48,139.36,157.54,112,82.603,42.705,39.194,50.059,74.906,92.524,115.45,142.64,171.87,154.91,117.38,102.73,64.355,44.697,70.003,59.725,56.949,41.36,55.066,43.091,55.706,39.629,36.271,38.333,42.132,42.983,41.368,47.179,59.89,51.683,51.27,65.968,61.923,61.376,58.262,70.223,74.038,58.965,76.332,102.87,132.35,133.15,74.947,63.785,83.822,85.884,106.63,94.919,95.222,87.957,55.68,75.771,67.382,56.117,62.815,85.848,118.81,144.97,143.41,139.36,123.67,95.77,104.43,109.57,123.29,109.9,81.429,66.765,88.188,138.27,96.436,96.844,111.6,111.61,111.76,115.86,119.46,121.1,126.19,120.22
29.5,139.5,116.84,106.85,115.82,129.59,138.6,136.34,142.96,139.46,121.78,117.26,114.37,112.7,117.24,119.69,115.02,118.84,127.49,133.49,134.27,128.44,135.23,136.54,134.15,145.19,136.12,129.6,124.23,129.29,125.25,117.31,109.92,104.68,116.27,105.96,94.664,106.87,93.506,104.53,112.32,120.24,120.01,116.38,115.89,114.06,115.02,111.42,103.8,68.282,40.752,69.656,80.067,82.629,86.823,84.897,85.561,87.267,123.81,128.83,114.82,106.23,108.72,102.29,99.015,126,142.05,137.11,166.97,122.26,93.6,94.744,82.938,84.83,79.573,73.997,67.782,66.772,67.305,68.447,70.367,82.386,114.67,134.83,137.58,122.03,119.06,117.25,126.25,115.88,122.64,133.42,135.07,152.9,159.55,203.08,229.04,209.13,153.96,96.96,85.934,77.421,79.491,205.1,230.39,208.58,211.56,233.45,229.4,215.44,217.31,204.52,201.78,201.94,200.79,171.02,179.89,199.72,206.72,211.46,217.04,217.91,205.33,204.45,212.99,216.14,224.29,223.73,234.25,225.73,215.04,198.84,176.39,139.47,98.004,87.728,90.255,90.497,92.95,107.38,107.03,93.426,84.76,72.13,65.939,59.356,55.637,54.894,60.476,68.817,59.544,52.508,62.073,71.263,83.816,111.95,115.35,100.28,94.724,91.769,120.28,111.09,81.599,98.358,128.65,111.01,102.2,144.97,168.01,183.09,180.84,180.89,186.04,196.15,195.28,190.01,168.98,144.69,141.43,168.73,142.7,129.37,120.38,115.65,97.316,97.441,68.623,64.24,65.061,48.319,57.522,48.614,43.87,38.491,43.129,49.687,48.715,46.454,41.302,49.317,44.459,55.755,72.854,61.268,80.824,69.917,46.785,38.647,38.898,45.388,52.429,67.128,69.29,64.083,69.772,62.03,61.318,79.271,99.846,124.62,108.4,94.423,56.07,71.907,74.973,77.986,83.481,92.983,106.26,100.14,86.922,82.923,82.483,101.82,83.29,71.553,81.15,109.88,114.71,126.58,117.08,105.96,101.85,81.429,53.245,59.995,56.178,44.448,57.352,76.353,64.247,61.472,55.264,68.404,73.027,81.438,74.837,74.556,73.203,71.087,62.281,59.652,62.082,65.045,63.559,61.076,72.967,177.9,194.83,169.5,152.68,142.33,155.56,197.56,205.46,181.36,113.1,109.5,158.48,191.64,206.16,164.4,87.775,51.634,49.223,51.039,53.138,55.489,63.046,96.541,141.4,172.76,163.85,139.44,104.91,96.72,121.3,85.563,59.224,51.527,55.64,49.971,62.992,37.642,35.858,37.983,37.288,39.051,59.675,56.751,37.865,41.293,59.572,76.409,70.845,65.777,65.84,83.892,97.626,95.687,115.54,130.42,154.89,129.51,80.341,111.7,107.02,94.795,86.656,100.4,75.86,52.689,71.857,74.421,54.884,69.418,98.655,127.23,156.02,154.85,145.72,154.87,152.69,160.01,146.27,139.24,108.18,71.926,64.988,63.214,83.057,102.82,83.647,80.966,87.376,98.386,115.45,140.78,136.87,136.1,137.78
30.5,154.27,144.3,130.54,126.51,128.85,136.14,135.71,147.84,152.46,140.63,122.93,114.4,115.89,118.03,119.6,121.35,119.66,120.19,93.257,76.84,128.11,133.33,126.72,121.52,124.86,120.12,130.45,126.75,122.75,111.4,92.042,87.167,108.42,119.16,114.1,110.86,106.08,104.62,103.43,102.16,116.87,119.51,113.51,113.83,115.79,114.97,100.99,89.58,82.492,87.347,76.656,77.328,78.394,85.292,80.609,83.892,100.23,134.06,103.69,100.21,101.24,112.66,99.781,114.29,130.82,146.18,153.31,141.73,127.35,112.04,101.51,100.64,88.646,79.597,68.35,62.243,65.145,60.733,77.86,122.23,133.03,152.73,163.75,163,149.32,150.22,149.22,145.67,154.96,151.72,174.4,171.61,197.14,215.24,227.04,215.37,157.67,150.04,145.81,154.52,115.6,112.79,161.89,228.36,218.9,216.56,228.6,237.41,242.03,231.84,214.98,203.52,189.43,167.97,146.05,172.4,193.65,208.43,222.78,222.97,219.98,214.84,210.57,206.6,176.54,181.54,209.95,229.78,231.84,229.44,246.09,232.95,184.85,120.2,113.1,120.93,106.42,113.77,124.1,111.94,128.6,96.858,69.748,66.737,64.664,58.262,48.083,46.39,47.4,49,59.878,68.493,57.606,62.448,57.842,60.26,70.462,80.522,78.65,92.216,105.22,88.045,81.213,93.6,95.657,69.518,90.379,131.27,163.67,181.47,176.9,174.7,181.35,179.47,177.28,190.83,181.05,161.43,168.84,150.68,145.76,143.47,145.38,136.27,126.71,87.041,73.758,89.012,61.745,52.916,51.586,44.078,41.622,41.039,57.662,51.093,59.761,46.507,45.969,38.374,50.872,63.571,88.013,76.285,50.845,46.363,52.381,78.015,102.04,102.59,82.048,71.915,59.758,53.436,48.417,46.9,59.358,60.037,80.281,151.55,151.34,105.39,87.898,70.487,73.495,77.183,74.662,73.209,74.534,89.207,71.959,64.845,78.151,104.76,66.685,56.311,50.174,49.229,49.113,64.695,66.917,70.796,66.301,48.439,60.083,45.966,37.327,71.134,71.339,63.538,67.201,65.364,79.931,85.975,82.055,75.548,73.202,78.605,72.877,65.213,59.159,58.544,62.594,64.216,61.484,67.67,179.78,196.92,167.74,150.42,149.26,158.09,178.61,176.32,175.38,145.5,128.81,154.2,161.38,206.86,180.87,122.84,121.33,133.76,98.436,63.142,53.552,45.203,46.367,75.545,130.75,155.79,178.93,174.35,120.29,89.663,94.058,79.618,65.573,66.281,70.359,55.913,46.015,39.098,40.493,34.47,35.44,64.411,62.31,38.965,39.418,44.842,65.636,75.901,72.974,78.711,68.354,72.407,93.56,97.505,115.77,141.88,152.1,134.14,146.7,153.83,127.28,96.153,90.384,64.274,49.058,53.904,66.15,55.992,85.34,99.508,133.09,159.94,161.39,164.82,163.55,156.06,150.59,141.75,130.05,115.38,105.67,95.661,100.17,81.964,79.006,85.733,84.772,72.265,85.94,115.47,153.75,163.49,152.6,136.32
31.5,151.01,156.61,152.66,131.14,120.68,130.29,132.55,142.17,153.03,145.48,123.66,118.92,118.35,109.48,114.74,90.614,55.782,50.86,55.263,58.916,109.28,124.93,122.72,117.86,116.59,97.357,78.438,71.898,69.75,66.293,70.339,71.006,67.214,65.353,80.605,101.68,111.25,108.4,104.05,105.97,105.55,109.51,115.25,114.29,103.17,87.59,76.342,69.821,74.447,78.589,77.445,80.929,83.024,84.307,80.013,83.928,94.872,99.873,90.43,109.83,107.81,115.85,101.05,127.66,149.24,154.73,166.54,152.47,151.44,119.04,114.37,119.97,110.1,82.764,70.646,62.764,59.401,79.908,129.51,107.75,135.24,140.52,141.48,133.01,130.74,134.58,149.01,140.18,132.68,134.31,152.97,158.17,146.44,172.4,186.09,213.2,205.53,211.1,188.02,182.78,171.78,174.07,188.29,219.75,226.54,232.61,235.3,235.5,227.99,221.99,215.03,218.96,202.81,179.2,153.4,154.59,187.81,198.79,192.65,209.34,211.92,215.46,216.5,201.35,179.56,171.6,206.16,225.75,235.23,242.04,243.63,241.18,224.05,184.68,142.16,112.76,94.298,97.711,116.44,115.95,100.32,67.92,66.826,67.342,61.744,49.228,42.052,45.709,54.502,46.939,45.258,49.727,60.09,56.145,56.35,58.678,61.852,72.138,70.572,67.981,76.525,67.959,71.631,72.443,80.151,80.238,58.941,67.696,96.084,149.78,177.38,162.06,164.23,155.92,158.76,170.7,189.16,187.48,179.06,179.38,163.99,158.19,148.01,173.1,154.45,104.98,78.478,96.844,71.525,56.664,51.958,50.13,46.96,41.474,45.992,54.123,57.846,56.977,47.894,43.275,51.524,66.471,72.148,69.558,62.653,53.935,78.322,96.326,106.4,94.043,82.203,79.868,85.374,79.375,71.483,58.766,51.603,54.666,78.88,159.88,151.47,112.81,82.998,67.606,68.444,76.383,95.361,81.189,88.43,79.92,67.362,62.036,58.886,68.331,68.454,76.308,60.825,53.156,45.277,42.482,42.429,39.838,44.018,50.44,69.598,76.612,71.441,73.767,70.739,68.579,72.283,79.181,86.634,95.108,88.122,86.39,86.762,80.058,76.134,66.285,63.296,61.741,63.026,62.402,61.385,70.108,187.03,196.08,144.18,130.02,154.4,170.25,144.89,137.89,124.43,102.46,98.66,99.641,124.16,167.55,201.02,184.62,181.08,132.58,95.248,72.249,68.369,72.318,60.552,51.721,77.282,125.91,176.02,198.66,206.37,180.64,124.35,114.04,75.912,73.327,82.959,78.558,61.445,52.212,60.628,40.435,37.454,52.358,82.228,45.373,37.941,44.496,52.051,56.722,59.496,63.65,65.08,55.747,49.913,55.842,61.713,64.587,83.337,115.99,156.25,181.18,187.93,139.38,121.09,100.23,54.366,50.304,72.556,67.088,74.772,97.253,131.38,163.9,162.79,165.11,166.6,158.38,103.23,103.98,140.5,134.22,138.73,141.05,136.29,128.24,150.73,145.67,151.57,165.49,125.22,134.73,168.73,171.4,169.38,165
32.5,155.3,138.09,145.01,149.88,134.48,130.62,139.12,143.73,159.82,153.02,136.79,142.99,123.36,93.717,68.848,51.176,40.5,41.344,48.9,53.818,62.311,87.49,91.064,68.773,60.256,60.967,58.828,58.138,58.202,66.363,96.53,95.503,87.721,88.666,86.141,99.529,91.729,95.136,104.57,110.96,111.03,109.69,112.87,109.28,76.224,76.923,83.58,83.8,79.207,81.552,91.244,81.998,79.833,71.665,77.12,71.513,87.001,77.514,77.29,82.245,102.43,94.066,101.81,124.77,144.2,177.09,165.01,136.88,129.43,97.081,105.08,101.05,108.32,91.181,76.717,66.552,91.695,156.39,125.79,111.55,107.55,114.15,107.4,102.38,117.12,113.91,115.87,117.46,135.49,132.03,116.08,132.1,150.32,167.91,156.66,135.47,130.82,157.57,186.62,228.15,230.21,205.76,204.03,209.71,211.5,217.76,227.56,231.04,225.57,226.1,215.97,200.88,182.49,160.25,140.5,140.77,155.79,175.73,181.3,179.82,186.65,206.69,220.04,208.75,199.28,200.63,203.9,217.96,222.09,219.53,221.46,228.16,229.84,227,172.39,116.68,88.975,100.44,89.932,94.72,100.49,74.998,67.46,61.505,53.174,48.312,45.236,55.282,77.018,86.756,66.242,76.235,71.489,63.541,54.192,63.301,82.356,94.055,93.155,85.369,68.136,59.64,59.042,58.599,87.524,86.466,81.967,67.534,70.242,96.989,145.64,159.29,158.04,149.6,149.28,152.4,173.34,173.31,162.8,185.93,197.11,173.52,163.9,150.27,137.1,108.31,77.778,87.302,80.284,56.566,53.885,57.132,56.37,38.892,42.154,67.168,61.291,58.62,47.232,40.428,47.344,44.226,66.208,72.647,66.94,51.098,51.686,76.113,90.365,69.99,70.117,70.649,67.726,67.718,74.924,83.494,77.867,73.992,95.342,98.876,98.395,84.804,81.979,69.226,62.826,73.68,75.363,67.857,65.893,64.216,65.064,68.207,60.637,55.615,59.506,68.207,58.995,53.582,48.687,39.663,40.076,38.303,52.043,72.501,79.633,87.617,80.026,72.067,73.425,67.475,72.507,71.928,76.927,93.316,78.505,87.501,84.973,77.291,73.194,68.385,63.053,60.446,62.541,61.946,60.812,77.605,154.8,165.29,119.73,105.74,156.75,141.76,96.353,70.228,61.921,55.689,58.958,60.477,77.764,101.96,149.72,194.87,180,154.41,115.75,99.71,96.994,103.92,157.46,169.97,105.95,101.15,150.82,194.38,198.7,216.7,226.82,195.97,147.67,99.124,71.724,86.982,92.254,87.614,86.548,83.504,48.266,45.41,88.872,49.506,38.975,42.384,52.453,48.921,52.997,64.727,66.119,54.601,50.59,52.04,49.017,49.436,48.975,43.117,66.399,149.1,214.72,187.4,160.91,148.41,73.88,55.114,78.907,75.518,90.382,101.9,122.51,164.55,160.44,158.1,170.88,160.1,92.593,122.06,143.81,153.65,146.8,136.63,125.4,123.59,125.5,172.3,160.19,199.81,192.44,168.9,168.74,169.52,174.39,174.33
33.5,146.02,138.31,118.05,122.69,135.71,149.03,126.26,142.04,159.45,170.45,152.92,129.03,102.46,77.758,63.891,50.101,43.785,42.096,42.86,56.948,51.592,47.998,48.893,55.425,61.782,56.93,57.755,54.247,55.564,76.206,89.12,90.644,95.275,88.747,99.18,90.973,99.432,107.55,115.5,136.61,130.94,122.35,111.9,87.627,82.723,99.96,102.25,93.609,86.663,80.247,76.112,73.942,66.81,74.568,82.155,79.126,79.681,82.39,84.104,89.836,93.357,102.74,144.36,162,153.77,189.63,170.73,171.75,131.54,111.5,98.079,79.205,76.959,86.508,87.614,94.243,160.87,115.13,95.448,86.728,89.106,91.687,109.29,126.59,119.42,109.17,112,114.89,116.64,130.98,129.48,129.49,140.38,148.31,133.64,131.73,119.72,127.15,155.38,164.26,151.84,171.06,184.9,218.03,197.67,183.74,189.52,205.82,203.78,192.07,188.17,185.3,177.29,166.89,153.65,150.81,157.93,164.61,170.03,169.64,169.19,189.77,193.56,207.9,207.53,218.81,208.85,202.16,218.61,230.73,213.93,216.06,223.25,215.7,204.9,152.01,102.72,98.378,104.58,107.61,109.91,101.85,70.789,55.25,53.641,68.903,78.363,76.455,103.33,93.04,72.44,74.759,76.11,72.182,68.812,67.419,85.194,107.53,127.02,111.53,107.2,96.344,77.303,84.73,71.498,80.472,82.911,69.391,75.63,110.4,114.12,117.72,148.54,149.36,144.66,163.88,185,185.8,177.67,190.17,209.63,200.2,181.26,173.24,161.58,117.61,107.09,94.872,112.12,73.951,65.099,60.096,56.177,41.706,41.903,65.445,70.989,43.163,42.005,43.218,48.52,45.115,47.429,76.092,88.569,53.852,44.134,76.223,95.707,86.539,84.625,78.455,71.29,66.721,74.491,78.664,76.072,112.36,120.13,103.74,75.39,85.128,94.9,70.721,51.431,68.982,68.018,56.333,65.331,65.394,67.183,67.898,62.591,55.649,48.384,59.806,54.329,53.262,49.221,46.505,42.433,45.922,78.952,84.015,78.452,76.325,74.211,73.93,66.085,60.571,53.383,55.22,67.6,79.122,68.891,85.251,77.3,77.133,75.02,69.158,66.396,64.218,65.089,61.671,64.555,62.942,90.65,120.46,97.27,128.63,107.59,75.859,59.263,56.187,57.38,56.736,56.583,54.064,88.049,135.25,114.58,150.25,169.49,180.65,107.07,129.84,135.23,164.15,186.66,185.67,166.44,191.6,178.89,163.38,137.26,179.43,211.87,203.56,212.39,197.52,147.78,98.6,88.594,112.47,110.18,90.564,88.208,60.192,83.012,61.143,38.775,39.848,56.549,56.459,58.567,57.56,51.245,51.037,54.81,51.575,58.143,71.263,65.98,59.92,56.482,60.788,143.93,204.74,162.87,146.03,89.353,61.981,81.811,72.02,95.721,134.02,145.3,151.96,161.58,166.47,168.93,167.93,139,132.7,138.83,143.82,136.19,121.42,103.31,97.199,99.367,104.84,140.95,208.63,222.37,203.91,194.09,175.48,167.01,174.82
34.5,162.47,155.58,151.87,132.03,113.81,140.91,151.67,141.02,135.6,176.99,148.63,123.51,113.43,82.786,82.163,63.201,56.551,54.068,54.946,57.367,60.969,54.649,56.43,54.924,58.125,53.877,45.658,44.674,51.744,50.899,55.93,64.714,85.195,97.763,103.24,95.492,104.09,109.75,129.09,137.3,134.8,128.21,120.64,112.74,114.72,116.15,102.91,89.086,84.726,78.319,69.555,78.657,80.621,82.466,84.9,78.846,77.528,74.131,78.109,97.832,91.29,123.47,188.92,215.99,208.46,209.33,204.74,196.99,162.58,127.86,84.744,70.194,78.05,116.09,122.93,169.21,153.78,136.65,123,103.97,94.199,109.95,113.4,137.18,123.24,113.5,115.75,133.19,127.73,124.87,125.43,129.64,123.81,117.64,116.43,120.05,118.5,121.65,122.8,130.07,120.37,124.27,125.71,153.39,169.79,138.85,148.28,165.89,165.52,158.5,158.72,169.06,171.21,157.34,140.83,129.34,131.26,141.77,151.42,144.47,137.25,144.85,174.44,195.48,200.33,206.03,213.96,214.42,216.7,224.37,228.92,222.7,217.62,196.71,176.67,143.94,140.1,107.88,107.12,135.12,106.64,105.26,115.96,127.85,137.27,109.37,88.627,61.355,64.129,64.752,60.164,54.726,61.746,67.506,66.907,75.765,97.794,120.78,138.72,132.5,114.24,116.81,97.164,86.571,97.959,105.13,97.107,94.918,90.742,109.99,130.97,135.6,130.01,157.61,141.62,156.1,189.01,197.51,181.91,182.22,202.13,220.4,210.85,186.78,173.3,150.31,129.52,107.44,107.81,95.53,75.256,59.071,63.122,59.251,47.698,49.281,58.033,47.784,44.285,44.695,41.523,55.629,61.258,84.324,117.31,85.63,50.623,85.255,99.364,89.108,70.646,70.75,71.892,72.954,87.137,97.972,86.927,99.853,94.004,80.95,57.749,68.472,62.484,62.678,54.327,61.815,57.927,55.56,63.136,68.09,57.599,54.684,62.943,56.19,46.3,45.83,47.508,53.891,51.357,53.341,65.198,84.616,99.201,87.24,88.295,82.756,72.15,68.571,65.08,64.521,74.016,69.057,71.312,74.488,76.228,77.443,75.062,73.594,72.465,68.102,69.135,68.91,66.216,64.086,58.695,56.41,60.254,95.102,95.33,96.679,63.59,70.972,61.792,58.484,58.707,56.575,59.851,57.519,59.969,103.11,147.23,164.04,180.8,193.04,163.6,124.47,147.83,206,192.21,186.09,196.53,207.36,215.42,205.02,190.99,167.94,157.41,169.91,191.8,210.23,219.14,201.35,158.85,118,124.69,142.43,140.29,107.1,90.744,97.317,55.994,48.558,67.802,84.914,79.154,64.036,62.924,66.353,67.574,53.459,48.347,64.223,69.48,58.277,54.989,49.921,66.947,171.53,175.38,162.63,109.8,67.517,71.237,65.492,99.967,155.22,163.16,156.96,155.2,163.18,155.43,134.56,120.17,122.25,125.84,151.39,124.1,99.076,78.238,63.927,62.244,70.59,88.298,116.87,191.34,209.03,201.11,191.71,179.36,200.25
35.5,145.12,144.18,146.46,129.28,104.65,129.53,185.42,212.73,194.87,173.19,185.99,160.46,116.63,108.51,93.738,79.304,61.904,53.079,52.864,54.804,70.358,66.667,55.392,51.229,50.473,54.025,59.45,85.18,97.978,101.76,96.722,92.981,119.99,116.43,116.38,130.26,125.96,132.22,127.13,129.55,126.81,118.86,108.4,100.88,85.993,74.08,70.283,78.271,78.209,72.749,64.742,79.061,91.49,80.223,74.49,74.072,79.392,70.943,75.407,101.62,142.24,176.38,211.56,233.62,238.19,231.52,218.29,200.77,166.9,164.97,159.8,155.89,172.4,163.18,175.93,183.92,155.61,163.55,123.77,94.893,106.85,103.71,103.44,132.85,159.66,137.5,133.23,138.07,127.39,119.26,113.28,110.45,108.24,102.37,99.598,98.48,100.13,116.01,113.15,102.63,109.09,104.59,118.4,143.19,124.89,112.88,102.7,115.35,127.79,141.9,152.81,145.64,148.8,135.18,138.74,129.57,133.88,134.86,140.75,139.81,131.26,113.53,147.36,182.19,185.4,185.7,212.4,213.66,206.84,208.11,202.08,208.31,207.17,203.5,190.97,159.36,153.23,110.6,128.22,153.61,146.44,108.21,163.79,198.23,173.3,124.29,83.504,53.843,53.899,53.577,57.298,64.05,69.931,79.399,78.236,85.141,92.04,92.378,96.98,107.2,108.79,105.13,99.725,107.57,103.23,102.61,104.57,90.326,101.77,124.32,119.03,128.59,139.6,165.55,173.68,149.09,181.68,186.36,187.76,175.91,194.07,210.5,215.89,207.32,192.16,169.35,153.35,130.75,109.53,118.22,109.05,63.966,57.017,56.898,58.711,57,57.943,49.597,54.442,55.301,43.929,57.879,87.948,102.73,123.87,114.46,69.942,90.311,92.601,86.252,65.34,65.625,62.234,47.391,55.483,56.008,57.926,83.489,76.036,75.933,65.505,58.45,69.989,59.101,53.157,61.237,57.733,61.833,55.45,53.801,46.668,49.945,58.071,49.315,47.169,42.437,42.021,52.961,52.265,65.317,82.803,99.214,80.917,79.911,84.682,84.023,99.939,83.214,73.055,85.885,92.976,79.639,80.63,72.245,63.582,68.742,77.379,77.347,68.976,73.116,68.426,64.135,66.527,64.7,62.197,59.942,60.893,75.002,94.594,79.63,62.204,62.232,63.201,61.617,58.453,57.548,54.629,55.065,61.378,77.848,97.919,117.13,126,120.39,105.09,121.23,161.58,161.89,143.41,126.79,151.51,147.4,146.31,143.58,131.9,119.67,123.38,126.03,137.32,174.14,199.36,208.88,203.41,182.03,158.01,146.44,150.07,153.37,141.13,133.2,93.686,66.626,75.629,112.34,106.42,75.194,61.652,50.132,53.904,55.419,56.732,57.762,56.079,55.166,62.332,46.816,42.126,67.511,184.44,178.24,159.45,75.83,63.383,68.083,119.46,166.18,171.31,163.55,155.88,152.66,143.1,122.08,121.33,120.59,149.65,144.18,108.03,70.15,45.181,50.645,58.989,54.199,63.327,66.692,132.73,190.76,204.3,179.96,176.1,169.82
36.5,133.36,113.67,122.38,152.58,134.89,136.6,158.79,175.03,215.63,217.6,205.33,189.29,188.5,177.11,141.24,103.4,89.478,69.251,55.847,56.714,66.639,82.724,97.682,75.314,52.744,65.778,88.744,137.14,143.98,142.16,137.62,117.54,138.2,115.23,105.19,99.144,108.27,108.77,112.47,107.89,106.84,107.47,101.76,79.516,81.607,74.567,72.116,77.437,72.298,60.644,74.068,76.076,64.643,62.71,77.621,95.14,72.795,71.863,93.653,144.35,142.16,162.96,191.57,224.3,231.81,222.71,224.65,215.33,182.16,142.8,150.87,170.4,173.34,180.06,169.18,157.22,120.44,123.98,113.34,115.01,105.16,108.84,101.97,106.57,102,90.253,87.112,87.844,84.387,89.189,92.668,96.137,99.979,94.259,102.77,94.948,93.463,106.11,123.25,103.42,99.188,108.85,139.46,135.56,115.11,114.59,101.49,89.319,79.99,81.892,101.73,113.04,122.05,123.29,122.18,129.86,138.28,148.02,159.25,181.38,175.07,141.77,129.23,152.34,176.19,183.33,207.43,222.77,217.54,212.21,207.36,190.35,184.48,187.85,180.02,156.3,129.96,131.92,132.17,189.37,161.72,158.24,147.98,144.92,105.28,91.937,75.953,64.649,63.192,66.931,79.101,81.51,84.59,80.326,99.994,112.94,126.45,143.77,142.75,125.61,126.41,125.43,118.95,109.58,109.77,125.23,118.12,92.801,111.95,120.41,113.11,123.03,137.21,136.46,139.82,144.88,166.94,152.93,169.17,182.12,166.22,198.22,208.18,216.87,201.88,199.12,181.42,161.4,139.23,136.64,122.51,89.71,91.25,74.6,70.01,84.078,86.375,55.446,70.66,79.005,72.55,78.994,105.58,91.707,96.781,126.91,96.814,85.298,94.859,84.272,70.883,70.53,54.926,61.277,57.093,63.038,75.329,89.03,80.665,71.696,80.381,104.08,72.076,67.03,73.567,73.498,63.094,67.877,50.91,47.257,55.777,54.154,48.851,48.571,45.436,47.107,42.504,50.801,76.08,79.148,71.34,115.18,75.013,80.823,79.333,80.997,93.935,115.74,94.824,103.6,97.664,116.7,102.23,86.821,65.082,78.682,90.214,85.865,76.824,75.994,71.378,65.41,66.048,63.971,63.46,65.263,61.339,61,64.513,62.7,60.575,61.652,62.533,62.709,60.885,58.045,59.365,59.769,56.55,62.347,67.906,75.058,81.363,79.969,63.379,55.543,68.704,110.72,146.21,130.72,107.26,125.42,150.94,140.48,123.37,111.16,107.74,110.39,120.54,128.39,139.97,170.96,193.03,207.12,201.48,185.43,177.16,168.19,161.1,143.29,123.93,80.254,81.459,113.57,126.12,108.82,78.163,52.824,62.142,67.755,62.293,52.328,57.6,68.332,79.473,77.753,84.45,54.648,140.93,189.65,184.13,89.573,46.993,63.857,133.43,165.79,169.31,165.85,155.74,147.87,122.71,122.05,133.52,142.36,149.07,139.61,104.76,60.49,36.062,35.553,35.922,36.293,37.84,52.987,97.521,132.68,129.71,146.66,181.58,177.8
37.5,137.66,113.75,113.39,125.74,165.14,145.79,147.81,173.22,194.66,189.42,203.22,192.48,197.73,217.88,218.97,200.54,162.77,137.2,144.38,141.38,160.31,156.58,158.34,134.64,118,115.13,153.66,166.88,146.13,151.92,176.09,172.96,144.91,140.07,162.96,144.34,147.82,135.76,133.11,131.46,127.57,133.41,132.72,149.01,122.52,90.498,84.226,80.667,69.22,37.523,37.995,33.407,34.027,49.111,91.64,98.524,111.54,124.55,123.33,121.22,112.2,133.09,172.21,206.37,214.79,222.37,228.23,216.16,201.69,154.89,170,204.21,204.27,196.11,186.7,148.42,122.19,138.98,140.24,130.66,129.31,121.75,109.15,108.84,103.96,98.461,92.251,96.392,97.258,95.766,103.19,111.8,124.19,109.83,108.68,94.349,110.65,109.56,109.31,101.81,85.6,122.99,136.43,120.39,108.88,97.058,94.743,106.9,89.957,76.491,77.867,91.102,98.215,106.2,104.88,107.52,111.54,125.43,145.78,166.99,183.45,177.03,169.15,182.42,167.84,174.65,200.17,212.39,215.71,224.24,213.14,192.98,167.59,164.24,160.17,149.24,133.3,122.99,99.215,97.014,164,199.94,190.42,141.45,116.13,125.7,105.92,90.497,99.559,102.1,129.35,138.1,145.16,147.25,127.81,106.54,110.64,103.3,109.76,113.88,116.28,114.55,114.25,97.314,97.397,137.13,142.73,119.86,93.98,99.354,106.93,117.01,126.23,119.74,102.68,109.37,143.1,161.12,154.45,169.68,159.82,166.29,204.58,207.99,206.25,206.6,203.29,184.4,165.33,155.06,153.83,138.14,126.68,116.9,103.81,96.766,119.86,108.84,96.459,106.9,94.131,90.173,92.405,72.572,80.188,138.04,106.45,73.115,79.194,74.86,57.281,64.273,56.587,52.679,53.022,64.143,90.618,78.65,75.254,82.053,96.132,122.79,108.38,101.09,79.262,68.475,63.401,62.426,61.031,57.195,50.91,46.053,48.927,49.662,42.087,41.214,41.209,52.68,85.763,77.679,118.9,101.07,89.392,110.99,123.14,120.37,130.53,115.68,97.695,97.601,87.763,109.86,110.76,91.571,85.936,88.021,91.97,93.052,86.906,85.179,77.598,67.516,63.047,64.207,63.374,62.858,64.816,63.172,59.068,57.13,58.309,58.786,61.752,61.905,64.218,62.791,57.452,55.381,55.352,59.071,57.29,61.139,62.895,60.261,66.078,65.951,65.57,61.771,71.81,134.5,124.47,90.511,68.521,118.92,113.54,106.81,113.28,113.76,114.73,122.32,108.79,128.49,153.85,186.85,199.23,210.49,209.43,202.35,190.29,164.41,144.02,96.491,82,112.16,137.62,129.04,99.449,62.34,65.279,62.123,62.547,55.644,61.664,59.378,70.471,113.88,107.82,62.027,116.35,189.25,179.11,105.46,49.082,55.064,120.5,172.44,176.7,168.19,157.94,158.14,128.27,117.01,135.93,144.74,140.15,120.75,106.87,59.613,35.272,34.854,34.192,54.424,60.993,63.111,67.473,83.59,110.8,149.49,138.25,153.46
38.5,179.89,171.31,201.44,181.45,203.47,205.63,194.16,145.01,117.86,115.25,130.84,135.05,149.49,173.25,179.14,173.66,184.03,184.74,186.26,194.05,220.28,212.52,215.62,221.36,206.35,204.13,219.19,213.2,187.21,176.01,177.95,176.11,138.36,122.7,137.44,159.1,192.9,189.35,179.75,159.2,151.62,155.33,165.27,164.67,143.67,98.572,83.088,84.325,63.28,35.756,35.828,39.839,40.839,48.895,88.325,102.81,108.94,99.776,81.92,82.67,75.128,88.605,127.65,174.24,210.22,223.51,233.58,222.86,209.2,186.84,196.54,203.91,186.88,142.26,120.25,152.91,145.96,152.87,140.76,138.25,131.84,120.95,102.22,103.75,102.75,95.967,96.075,90.867,102.84,99.501,96.784,108.61,109.73,110.81,92.273,104.52,105.02,83.233,80.634,94.506,92.445,102.26,92.888,98.564,98.462,93.355,80.012,79.993,80.731,74.096,73.152,101.9,109.5,103.39,86.271,86.617,92.872,90.28,120.71,154.83,156.77,140.32,133.04,147.35,173.59,185.56,199.21,202.08,205.47,214.45,206.65,192.46,178.48,154.86,146.27,140.35,118.01,116.83,100.34,86.898,127.58,177.65,147.21,113.59,109.04,94.624,89.252,98.915,113.48,136.38,147.35,143.19,143.2,164.87,151.48,124.85,122.13,130.74,131,119.09,112.26,117.48,113.64,103.61,97.855,118.25,152.31,141.38,106.68,94.892,109.2,118.73,122.37,114.9,100.94,119.27,146.9,158.89,151.13,160.64,160.44,137.01,182.93,195.9,201.17,197.66,195.09,197.19,191.44,186.39,191.26,184.99,171.23,162.76,147.6,116.48,118.19,154.27,135.43,142.31,146.71,117.61,97.222,75.72,89.785,129.96,132.85,67.915,60.309,63.536,53.514,68.233,66.616,49.222,53.205,43.637,60.029,83.008,91.236,100.11,116.34,115.37,103.75,85.132,72.897,69.1,67.982,64.564,51.641,52.644,51.597,45.357,45.625,44.053,43.759,46.227,44.796,66.03,75.863,105.98,116.4,85.881,103.38,115.64,170.86,192.41,161.95,148.69,113.71,98.859,98.429,123.95,156.38,126.79,94.625,95.447,104.01,98.925,94.46,92.636,76.652,71.716,65.011,66.878,64.677,62.417,61.586,61.885,60.208,57.902,60.249,61.885,63.481,61.906,61.54,62.641,61.199,58.712,56.37,56.92,57.503,60.057,58.107,50.206,56.552,44.744,42.717,42.998,46.019,64.864,81.685,62.855,56.005,59.428,73.518,63.917,79.564,109.27,118.94,105.68,104.01,110.64,144.67,158.74,185,195.91,205.59,205.1,204.34,179.43,158.43,114.03,87.12,104.26,139.12,124.34,108.97,89.517,64.335,59.789,64.432,45.084,51.625,69.558,95.606,138.67,99.421,56.434,108.07,183.83,173.31,127.55,68.622,61.041,133.32,173.67,176.92,167.24,154.33,154.22,133.8,138.54,148,139.77,131.23,121.07,91.156,51.294,35.928,33.706,39.95,59.213,63.033,65.562,67.541,78.208,110.39,128.96,114.45,128.19
39.5,76.555,115.21,141.57,167.95,160.25,139.14,91.431,53.659,69.59,142.04,146.61,138.15,136.2,134.09,150.07,152.14,178.86,191.86,181.98,186.02,192.59,218.32,232.61,226,226.31,219.19,219.72,209.91,200.98,203.15,199.02,194.69,183.24,168.5,156.09,162.12,174.71,177.1,177.17,176.56,189.7,191.47,186.18,188.52,153.5,171.82,115.01,76.616,58.97,53.874,43.987,54.171,52.43,68.189,72.259,82.525,96.087,94.819,105.25,114.76,101.49,83.018,96.729,135.17,180.53,217.45,230.73,229.49,206.57,201.56,179.99,176.34,168.71,164.66,158.13,157.19,149.77,154.6,140.66,137.81,127.02,116.55,97.851,93.032,94.528,97.081,98.264,97.678,99.406,101.95,93.28,94.387,96.049,90.389,88.077,92.986,99.017,79.561,81.135,83.993,85.948,90.186,88.741,93.958,105,102.01,101.38,98.655,82.701,74.565,68.705,86.195,132.88,138.38,126.42,89.184,77.108,75.7,108.28,120.79,93.747,115.97,153.02,135.18,176.01,196.25,202.16,202.63,196.39,205.03,208.48,200.86,181,162.59,152.24,134.62,108.96,110.92,99.205,83.826,89.294,107.39,109.13,93.427,88.61,86.248,82.921,88.936,113.93,132.03,101.66,84.145,145.09,177.23,155.15,133.92,121.44,111.5,115.49,105.48,90.996,98.572,96.02,107.63,86.265,71.118,105.97,146.31,136,113.17,115.09,112.29,124.64,124.61,123.63,127.06,143.92,153.43,138.95,139.99,142.77,148.05,131.26,157.8,167.58,171.59,177.68,183.08,182.19,185.59,190.6,194.1,186.46,174.68,158.79,146.09,147.79,163.65,163.6,150.61,145.36,138.22,119.65,99.259,99.079,132.56,128.87,85.132,54.048,49.742,51.252,59.658,73.622,50.005,44.453,38.868,44.819,82.599,106.29,122.48,127.03,103.28,87.581,70.886,83.021,77.77,69.077,66.575,61.958,64.819,53.278,45.642,44.961,43.293,48.733,46.812,71.502,73.417,88.093,127.19,100.69,110.22,154.38,202.37,200.9,220.7,206.27,178.18,165.75,117.52,83.758,91.478,130.11,122.92,99.036,107.8,122.16,109.7,108.8,97.368,85.37,77.245,72.28,66.098,66.582,66.099,63.339,63.247,62.662,61.008,58.556,57.506,61.128,60.817,62.617,60.625,62.151,60.378,58.82,57.776,56.9,57.507,61.927,60.054,56.034,45.621,36.67,35.681,36.721,40,39.645,40.636,43.051,42.867,42.854,45.784,51.548,66.225,87.205,86.806,80.464,89.399,135.34,154.19,164.37,180.81,193.11,209.18,205.15,187.05,166.63,149.9,119.14,88.217,120.67,134.84,126.91,115.32,64.564,72.125,78.46,53.767,46.308,63.912,118.37,151.62,126.18,67.979,107.49,174.85,163.68,107.59,62.592,98.724,165.29,180.76,176.32,165.35,161.55,158.09,126.75,135.87,140.52,129.38,116.98,116.24,132.78,82.461,51.85,34.3,39.568,57.871,59.976,63.028,62.327,63.658,78.853,92.354,86.248,78.874
40.5,53.001,40.494,55.411,80.371,117.38,99.28,87.611,64.955,75.007,159.27,139.48,108.21,89.969,95.957,135.53,183.15,195.14,194.73,169.04,162.76,192.59,216.23,216.5,209.56,209.75,198.42,194.01,187.47,164.87,174.75,181.41,164.2,144.67,134.02,130.45,130.91,147.18,178.32,195.15,198.41,209.29,196.09,199.74,185.17,189.87,180.3,114.27,87.716,85.71,85.594,64.889,60.76,65.796,79.194,79.058,105.8,117.38,134.61,141.85,126.99,114.42,83.006,77.846,135.14,178.66,199.22,216.21,225.65,213.62,169.98,137.41,98.659,79.028,117.03,184.4,191.59,166.11,140.06,136.53,127.73,111.83,102.96,96.943,97.198,96.68,93.065,96.245,93.114,99.068,94.597,97.442,90.841,83.215,82.002,82.494,84.61,87.268,82.93,84.101,86.323,82.321,85.828,80.854,94.741,93.887,90.529,95.296,90.626,78.232,70.748,74.817,80.822,110.36,97.797,99.861,96.231,71.191,70.533,85.785,126.06,119.74,115.22,186.18,193.39,200.37,205.65,206.81,200,200.24,208.06,216.4,219.08,206.8,181.72,159.59,163.64,142.74,124.35,103.88,92.376,97.838,113.86,92.429,91.033,90.142,82.995,82.881,84.432,88.326,84.975,90.754,133.35,165.87,168.7,160.75,140.8,127.13,122.81,120.62,121.81,105.01,93.972,87.891,82.247,73.559,92.253,97.645,104.79,117,108.65,104.42,119.29,99.689,142.08,163.39,161.16,144.5,129.09,111.08,102.14,108.78,122.35,121.16,127.03,145.27,145.07,150.88,158.86,173.25,178.31,180.42,195.22,197.41,196.01,182.88,164.32,161.4,180.26,174.92,171.26,167.44,158.56,139.19,124.73,126.27,122.74,124.85,122.72,82.689,58.535,63.748,58.7,64.68,41.908,40.321,43.002,42.533,62.544,98.512,129.49,137.3,122.2,101.39,89.313,101.37,85.596,76.563,75.716,71.184,74.084,51.128,58.902,60.196,51.573,44.172,59.284,102.07,77.095,105.54,108.4,110.98,116.31,139.15,156.43,189.01,202.71,207.23,208.73,218.72,187.85,117.07,79.1,88.103,117.44,121.45,134.99,123.87,115.03,102.26,95.925,90.735,82.489,74.394,72.884,70.447,68.936,67.763,65.212,62.397,61.38,59.339,56.56,60.939,60.977,60.235,61.292,61.123,62.116,60.761,58.343,57.077,56.749,58.268,59.339,57.422,54.558,42.314,36.524,38.182,33.435,33.719,33.603,33.372,36.102,36.188,37.071,37.121,48.213,59.774,54.409,67.093,88.675,122.71,136.26,148.32,166.72,182.44,194.44,216.27,204.33,175.94,163.77,144.33,95.549,92.202,122.39,143.79,120.85,71.535,68.235,69.401,64.335,54.672,48.001,97.426,141.8,170.16,149.77,132.27,144.04,120.03,88.097,84.121,134.3,181.62,184.89,175.91,165.39,158.34,133.87,125.84,131.1,131.83,126.79,102.01,94.554,119.54,110.74,80.131,40.331,34.413,50.449,56.874,60.801,73.604,76.418,65.851,63.655,80.037,96.408
41.5,64.323,61.205,50.637,47.561,76.44,85.382,49.399,59.598,75.771,93.217,60.166,58.672,75.396,117.82,155.54,176.09,174.26,169.73,173.14,178.22,199.6,194.06,203.9,205.94,194.25,176.99,163.61,160.36,157.86,140.59,133.54,127.85,117.76,115.19,118.88,119.03,109.25,114.31,101.59,105.44,133.35,159.34,200.45,193.53,157.66,145.4,135.76,172.94,170.71,116.28,86.299,75.813,76.813,91.668,122.18,133.47,152.62,175.72,186.4,148.26,113.53,91.355,75.088,86.607,127.62,186.22,207.17,218.71,225.91,200.86,198.59,154.7,138.8,151.75,153.27,182.25,204.14,175.12,135.25,112.38,109.32,104.69,97.127,112.45,103.66,103.11,110.87,106.46,115.09,96.842,84.453,77.606,72.811,79.439,80.126,78.796,80.011,85.772,83.43,84.187,79.489,83.667,84.978,86.539,86.814,91.88,89.326,84.923,79.068,81.782,96.259,107.5,118.77,109.99,120.19,149.59,119.41,92.661,101.82,107.64,139.94,128.5,163.35,203.4,202.16,196.08,190.7,177.56,182.29,207.66,215.24,218.78,219.82,207.5,193.48,176.73,154.28,133.46,104.25,98.209,111.99,103.52,89.774,92.396,85.467,77.882,86.5,87.856,109.38,130.75,166.14,167.06,164.33,161.22,157.5,159.8,155.69,142.99,141.3,128.17,113.96,94.753,80.052,73.095,61.061,59.983,65.752,65.525,67.258,70.89,86.851,98.853,96.068,118.08,144.69,152.3,143.2,131.2,112.46,93.644,86.595,106.99,106.95,107.46,131.37,134.52,145.52,148.61,152.61,163.07,169.63,179.75,196.62,203.72,189.91,175.6,159,176.49,174.57,172.02,164.04,149.81,147.19,144.78,151.74,134.84,137.78,129.97,104.67,90.866,63.791,53.031,53.954,51.884,39.276,46.261,58.469,78.446,114.36,142.66,149.62,143.46,124.91,91.095,98.208,91.102,80.381,70.33,66.064,63.676,55.908,57.214,62.243,54.977,49.558,57.64,107.2,107.4,106.32,125.43,109.63,117.1,118.97,130.58,141.95,165.49,179.29,189.43,212.26,203.09,148.76,89.892,90.904,122.1,154.38,178,169.78,114.09,104.38,103.96,92.322,90,81.595,78.239,77.872,71.724,68.668,71.718,68.473,66.302,59.819,57.456,58.851,58.068,63.056,62.967,59.42,51.772,54.136,55.858,54.41,54.326,55.079,57.96,60.539,57.839,53.597,51.808,45.281,39.139,39.098,34.758,34.421,32.621,34.775,34.8,34.767,34.865,36.094,39.116,49.027,85.083,107.5,124.84,140.25,152.29,168.48,187.77,202.43,213.02,201.15,170.24,155.86,120.98,94.958,115.74,144.1,129.87,95.984,87.105,77.2,49.347,43.01,38.789,44.895,103.29,134.02,160.32,135.06,118.36,90.128,84.285,104.75,164.27,190.06,183.77,172.2,163.32,145.51,112.69,119.79,135.69,127.32,108.39,83.256,71.756,74.167,68.352,56.561,42.814,35.518,48.61,53.742,60.028,71.308,78.72,73.53,67.509,68.062,66.863
42.5,98.106,106.37,82.195,54.873,46.91,83.186,51.601,39.619,40.99,52.99,52.544,75.147,94.127,142.16,153.3,137.42,112.79,125.23,155.78,187.01,189.09,170.45,172.98,180.27,180.46,152.12,123.42,103.62,93.938,98.815,99.47,97.497,90.538,84.816,75.666,72.69,70.664,84.4,102.25,112.42,150.49,171.44,189.35,190.19,173.73,167.49,151.52,129.03,98.458,96.727,102.21,128.67,146.3,156.06,146.19,142.18,140.9,151.33,173.94,151.07,119.08,102.21,76.852,78.969,99.309,145.72,186.26,206.74,198.73,196.53,189.72,168.23,150.4,161.85,171.51,184.32,169.46,152.61,140.04,141.05,128.8,134.93,119.12,145.52,144.51,123.12,99.635,89.594,89.691,96.21,80.162,71.926,70.99,77.394,73.397,74.773,73.247,76.791,72.422,70.61,72.615,81.739,83.512,85.508,94.899,85.724,88.292,89.318,91.061,104.37,107.49,117.86,133.96,137.98,147.01,163.87,168,160.33,102.92,115.4,146.11,150.47,155.51,186.29,193.72,189.5,172.23,171.85,175.76,195.2,211.2,212.02,207.14,201.33,184.82,167.09,158.36,140.87,127.6,119.86,123.69,110.7,113.4,95.863,77.739,75.29,85.178,137.08,152.03,151.96,143.59,158.36,152.49,140.08,134.95,129.65,139.96,126.68,115.79,120.21,107.19,105.44,90.118,85.469,78.758,66.861,53.57,52.151,62.342,79.841,94.536,84.816,94.746,110.38,127.49,131.41,131.53,119.48,84.99,80.961,78.259,86.158,101.06,94.416,117.43,131.08,136.86,133.91,132.42,130.86,141.44,166.04,173.6,179.39,176.32,174.84,145.67,134.51,133.97,125.94,126.62,127.09,117.1,134.15,155.58,151.48,145.86,143.41,119.3,102.19,80.303,59.026,54.54,60.912,55.668,53.911,71.159,91.31,116.94,134.41,153.66,154.75,130.5,101.37,86.049,83.102,89.002,80.585,80.82,80.515,67.446,61.284,55.444,62.034,74.021,86.586,106.97,110.16,98.99,108.04,98.498,108.66,111.16,112.52,113.36,125.47,165.15,197.93,197.61,193.82,192.43,134.35,106.79,124.6,153.05,161.88,151.97,106.35,95.575,110.28,98.855,88.961,85.253,73.643,81.416,64.887,64.905,68.867,69.483,65.781,65.446,59.451,40.998,41.583,58.525,60.558,56.988,57.476,50.846,44.785,47.077,54.083,56.599,58.218,56.657,62.472,58.835,57.708,56.489,41.492,35.375,35.376,34.697,34.576,32.542,32.821,33.226,33.856,35.024,34.183,38.345,56.773,82.256,112.08,132.46,139.44,154.9,171.63,184.33,201.7,203.75,189.52,172.33,153.33,114.77,110.87,125.57,141.93,116.86,107.51,83.358,49.956,47.292,34.405,38.761,40.704,75.13,114.85,154.09,143.69,107.86,93.6,112.3,149.11,188.02,180.53,167.92,162.8,134.72,125.09,139.39,153.52,136.26,114.75,82.444,66.806,60.515,58.322,49.961,42.241,37.235,50.539,53.336,55.67,66.781,80.329,101.01,97.19,86.541,82.369
43.5,104.47,80.362,71.697,56.252,52.894,67.913,85.134,56.319,49.126,41.256,63.813,85.007,87.961,81.31,84.41,92.026,93.442,123.67,151.97,175.55,156.14,145.12,138.38,127.26,125.51,109.29,109.43,108.77,84.67,58.536,59.086,62.284,76.686,81.552,58.701,53.978,75.346,110.08,167.68,195.38,197.96,173.44,167.79,145.7,118.24,118.4,109.35,86.492,62.905,95.64,109.97,142.26,155.84,161.87,131.87,121.24,123.16,134.05,137,124.07,117.07,99.815,82.849,73.712,81.745,106.97,145.93,176.49,200.18,193.96,167.08,135.84,121.79,131.67,147.18,141.75,126.66,138.63,120.9,99.894,101.65,86.224,86.016,123.81,142.79,123.02,95.607,77.698,74.609,77.072,69.817,71.867,72.778,95.455,73.132,61.512,59.698,60.051,60.661,68.828,80.002,75.011,73.606,80.563,81.603,81.954,82.4,83.998,88.228,112.6,130.15,131.27,133.49,129.97,153.88,166.76,174.87,175.16,140.92,146.16,140.2,134.87,116.1,151.07,178.29,183.59,181.11,177.17,182.77,198.95,199.45,206.59,203.6,203,191.36,170.38,161.15,153.61,142.38,121.99,108.05,108.71,93.082,74.153,102.83,90.283,79.917,93.672,107.09,132.25,144.56,142.51,147.96,139.03,107.17,97.22,97.517,96.254,107.61,110.66,115.2,111.36,93.612,77.093,76.949,85.097,60.918,49.208,43.703,48.109,72.974,91.723,85.681,115.88,131.47,142.87,140.59,123.84,90.682,87.804,92.594,72.426,68.728,80.453,95.925,119.7,141.97,142.3,136.58,128.84,134.95,151.82,172.48,166.11,165.3,152.07,136.3,131.21,125.7,132.52,134.16,129.89,118.67,138.1,142.36,143.17,127.5,137,140.8,134.61,124.27,95.158,66.792,62.653,77.771,95.846,93.78,110.56,122.71,132.83,149.55,150.62,133.37,118.48,97.461,74.355,78.345,90.496,90.385,88.175,82.503,68.844,59.613,61.174,71.678,98.003,126.65,132.57,90.723,95.762,97.263,96.16,99.824,98.719,128.54,129.76,163.54,186.86,204.22,198.13,186.1,138.53,132.75,110.35,95.841,103.09,107.74,103.74,97.342,87.333,99.651,78.602,74.499,77.195,65.224,64.173,60.889,64.283,56.156,61.554,62.721,62.451,39.869,42.057,56.842,62.096,55.263,49.257,55.342,57.488,49.673,45.837,45.849,44.603,70.767,69.087,62.949,66.621,60.652,50.785,37.686,38.555,35.952,39.129,46.377,40.601,34.83,34.253,33.702,36.829,36.561,51.434,68.651,81.682,111.09,131.93,146.78,160.86,176.87,186.33,202.47,199.13,183.07,173.92,153.78,107.29,121.01,132.38,131.59,104.64,74.766,63.855,49.941,35,47.816,42.814,37.235,53.787,111.39,159.28,154.69,126.75,125.55,130.89,163.2,176.71,165.59,149.47,124.63,124.55,139.17,154.76,147.75,127.63,93.072,64.319,51.989,49.35,54.959,63.614,60.705,64.924,89.874,103.98,111.02,87.47,78.025,62.606,70.1,101.98
44.5,59.437,58.381,60.796,67.078,66.7,96.494,101.76,100.43,67.193,78.42,86.364,96.979,60.164,42.953,53.038,99.07,109.51,114.95,117.14,110.24,102.5,96.999,91.853,91.158,94.053,110.82,101.52,92.745,91.053,67.176,55.357,54.347,59.359,82.064,94.011,85.495,112.28,166.02,173.28,180.48,176.69,164.89,153.31,139.03,135.71,115.79,123.84,109.18,68.514,83.311,117.26,131.46,135.47,136.35,130.13,128.91,120.55,113.06,128.05,138.45,125.87,98.999,76.299,75.224,72.253,74.305,103.91,145.23,166.8,160.2,152.55,146.99,133.92,145.85,166.79,161.16,112.7,98.016,113.01,143.65,123.51,140.4,156.08,150.49,128.96,114.77,94.096,83.802,74.66,60.653,61.712,60.317,55.98,54.147,57.237,62.076,64.246,62.374,73.874,71.797,78.19,102.55,95.151,94.678,90.931,90.315,93.855,86.437,91.29,98.933,125.26,127.27,123.6,137.1,170.12,176.3,174.84,185.21,187.27,180.5,166.13,143.46,141.46,152.28,155.57,177.81,181.52,172.21,181.89,194.54,198.93,207.79,214.58,199.73,200.17,179.62,167.4,144.69,125.81,110,92.935,81.503,104.64,93.242,87.243,96.037,92.189,94.266,71.168,109.21,115.62,136.71,152.13,139.02,117.03,94.962,106.08,110.5,119,113.78,128.29,116.07,102.46,88.254,77.589,74.932,81.402,85.018,78.594,62.969,58.152,82.988,88.6,121.68,139.9,147.1,141.14,106.7,97.195,90.712,96.563,101,86.225,81.176,77.67,83.811,125.84,137.5,138.11,125.07,128.47,145.51,156.8,165.71,171.34,168.59,148.73,136.28,122.96,121.74,127.02,131.85,113.97,111.44,131.44,143.62,137.3,122.67,146.22,139.19,148.3,123.99,112.45,100.54,86.921,103.48,115.32,129.13,129.76,139.35,149.36,147.88,135.25,115.82,98.836,84.915,68.581,75.126,86.631,93.896,95.7,88.715,75.956,63.665,69.446,90.873,119.43,151.67,98.197,100.96,113.34,118.83,87.563,111.55,159.33,142.41,152.8,192.86,212.85,203.03,196.04,180,179.79,135.25,76.831,66.972,73.574,86.238,86.854,91.915,103.61,88.731,85.934,85.947,60.587,54.21,59.717,56.659,54.896,89.353,55.937,59.166,43.368,36.65,50.419,60.892,46.25,33.714,42.669,55.646,56.749,57.958,54.751,57.205,61.301,63.352,57.52,67.797,69.269,70.383,65.009,57.326,46.377,40.735,53.407,63.007,51.884,50.98,40.757,41.864,43.485,48.396,74.386,81.425,102.4,129.72,144.38,145.22,167.03,172.28,193.06,197.26,194.85,173.44,165.37,134.91,126.56,121.99,125.35,93.435,60.574,66.281,50.813,46.164,69.932,42.931,37.549,38.71,60.145,128.04,176.16,158.37,143.43,138.38,145.03,166.36,158.65,149.3,138.14,103.99,120.36,150.81,160.47,144.98,114.44,74.147,54.381,48.283,47.972,54.079,68.515,71.239,79.239,79.676,80.992,55.105,40.679,39.644,42.383,54.553
45.5,59.113,59.113,72.586,72.586,79.933,79.933,130.68,130.68,68.446,68.446,94.356,94.356,72.369,72.369,123.94,123.94,127.11,127.11,112.61,112.61,93.063,93.063,96.843,96.843,118.19,118.19,117.44,117.44,104.39,104.39,44.387,44.387,63.554,63.554,85.014,85.014,88.287,88.287,136.82,136.82,152.15,152.15,139.29,139.29,133.82,133.82,133,133,128.83,128.83,114.32,114.32,105.98,105.98,120.5,120.5,116.28,116.28,118.3,118.3,109.92,109.92,81.001,81.001,70.729,70.729,74.792,74.792,93.587,93.587,117.64,117.64,128.36,128.36,126.8,126.8,98.325,98.325,112.46,112.46,150.42,150.42,129.97,129.97,79.202,79.202,105.76,105.76,105.05,105.05,86.131,86.131,98.859,98.859,83.226,83.226,80.639,80.639,81.033,81.033,104.04,104.04,146.03,146.03,103.5,103.5,138.92,138.92,108.48,108.48,127.76,127.76,160.06,160.06,188.37,188.37,185.22,185.22,195.83,195.83,175.77,175.77,160.63,160.63,168.63,168.63,181.72,181.72,190.6,190.6,197.16,197.16,181.73,181.73,158.59,158.59,144.44,144.44,112.11,112.11,83.616,83.616,90.97,90.97,74.57,74.57,69.644,69.644,105.4,105.4,108.19,108.19,141.82,141.82,114.44,114.44,119.04,119.04,125.57,125.57,126.01,126.01,134.64,134.64,126.38,126.38,102.74,102.74,96.647,96.647,102.03,102.03,116.8,116.8,129.49,129.49,98.451,98.451,86.502,86.502,68.643,68.643,57.284,57.284,72.742,72.742,96.424,96.424,113.88,113.88,124.35,124.35,152.01,152.01,157.57,157.57,168.16,168.16,144.51,144.51,134.05,134.05,114.32,114.32,111.53,111.53,121.73,121.73,129.92,129.92,140.87,140.87,142.38,142.38,131.09,131.09,128.71,128.71,138.92,138.92,156.05,156.05,124.75,124.75,99.437,99.437,72.488,72.488,76.09,76.09,98.278,98.278,83.539,83.539,92.636,92.636,132.96,132.96,101.56,101.56,108.66,108.66,122.81,122.81,148.73,148.73,164.63,164.63,196.05,196.05,200.26,200.26,192.69,192.69,97.141,97.141,77.797,77.797,88.136,88.136,96.474,96.474,74.277,74.277,59.004,59.004,66.284,66.284,77.351,77.351,54.161,54.161,45.312,45.312,47.496,47.496,42.868,42.868,43.292,43.292,61.68,61.68,58.278,58.278,79.029,79.029,80.009,80.009,81.225,81.225,69.227,69.227,66.224,66.224,63.161,63.161,82.971,82.971,81.109,81.109,61.642,61.642,80.556,80.556,114.12,114.12,140.25,140.25,150.04,150.04,185.88,185.88,198.33,198.33,165.04,165.04,137.11,137.11,93.368,93.368,64.756,64.756,44.599,44.599,52.878,52.878,36.203,36.203,63.796,63.796,165.11,165.11,140.55,140.55,155.44,155.44,141.74,141.74,119.71,119.71,109.35,109.35,153.37,153.37,114.77,114.77,44.061,44.061,39.701,39.701,46.156,46.156,52.362,52.362,45.074,45.074,37.665,37.665,55.308,55.308
46.5,67.478,67.478,63.264,63.264,60.495,60.495,107.97,107.97,132.03,132.03,118.49,118.49,125.41,125.41,140.88,140.88,91.668,91.668,102.6,102.6,82.805,82.805,100.38,100.38,103.8,103.8,120.09,120.09,96.544,96.544,84.47,84.47,148.3,148.3,130.73,130.73,85.701,85.701,95.225,95.225,140.08,140.08,134.9,134.9,110.06,110.06,127.16,127.16,138.11,138.11,107.27,107.27,95.822,95.822,122.17,122.17,141.77,141.77,124.38,124.38,99.872,99.872,92.613,92.613,69.622,69.622,65.264,65.264,79.556,79.556,118.99,118.99,116.16,116.16,129.32,129.32,123.85,123.85,102.78,102.78,144.6,144.6,132.28,132.28,100.23,100.23,148.16,148.16,136.36,136.36,130.38,130.38,116.14,116.14,85.924,85.924,98.012,98.012,86.795,86.795,163.59,163.59,155.37,155.37,91.967,91.967,107.26,107.26,111.49,111.49,148.78,148.78,152.86,152.86,149.49,149.49,183,183,187.59,187.59,179.71,179.71,153.86,153.86,171,171,173.4,173.4,180.57,180.57,178.43,178.43,162.57,162.57,138.48,138.48,131.24,131.24,114.12,114.12,85.542,85.542,94.086,94.086,96.385,96.385,81.58,81.58,116.54,116.54,121.94,121.94,144.59,144.59,120.01,120.01,110.36,110.36,125.48,125.48,107.09,107.09,116.68,116.68,137.42,137.42,122.5,122.5,106.3,106.3,110.48,110.48,121.7,121.7,90.878,90.878,81.93,81.93,71.895,71.895,64.168,64.168,48.58,48.58,57.55,57.55,73.048,73.048,108.07,108.07,126.86,126.86,147.65,147.65,150.52,150.52,156.09,156.09,141.58,141.58,128.77,128.77,107.14,107.14,104.1,104.1,120.26,120.26,128.77,128.77,128.7,128.7,151.25,151.25,151.73,151.73,147.91,147.91,147.83,147.83,163.87,163.87,131.7,131.7,99.189,99.189,83.707,83.707,71.911,71.911,84.608,84.608,93.645,93.645,102.85,102.85,124.82,124.82,105.2,105.2,93.257,93.257,107.15,107.15,144.72,144.72,114.26,114.26,155.31,155.31,166.98,166.98,173.09,173.09,129.14,129.14,86.838,86.838,82.354,82.354,85.222,85.222,74.335,74.335,56.828,56.828,56.575,56.575,54.378,54.378,57.959,57.959,51.794,51.794,54.207,54.207,53.794,53.794,55.374,55.374,58.233,58.233,55.608,55.608,66.867,66.867,84.676,84.676,82.278,82.278,73.099,73.099,77.51,77.51,80.333,80.333,101.33,101.33,112.29,112.29,60.832,60.832,72.391,72.391,101.38,101.38,120.19,120.19,149.49,149.49,165.44,165.44,198.07,198.07,182.16,182.16,164.9,164.9,99.095,99.095,73.435,73.435,54.483,54.483,52.195,52.195,40.396,40.396,41.733,41.733,137.76,137.76,151.57,151.57,151.83,151.83,146.59,146.59,118.48,118.48,127.35,127.35,162,162,148.39,148.39,60.248,60.248,34.113,34.113,35.361,35.361,38.15,38.15,36.707,36.707,37.13,37.13,61.201,61.201
47.5,69.145,69.145,71.05,71.05,65.598,65.598,91.403,91.403,115.66,115.66,165.07,165.07,169.17,169.17,145.42,145.42,97.119,97.119,99.679,99.679,84.286,84.286,76.795,76.795,129.72,129.72,119.44,119.44,101.49,101.49,148.32,148.32,169.84,169.84,173.27,173.27,159.23,159.23,170,170,167.69,167.69,127.98,127.98,117.16,117.16,140.73,140.73,123.14,123.14,126.19,126.19,128.56,128.56,153.19,153.19,157.46,157.46,138.65,138.65,132.81,132.81,138.79,138.79,113.36,113.36,108.99,108.99,92.116,92.116,155.8,155.8,167.01,167.01,166.87,166.87,136.13,136.13,130.13,130.13,155.64,155.64,143.23,143.23,139.25,139.25,115.91,115.91,138.34,138.34,131.77,131.77,79.901,79.901,78.06,78.06,161.53,161.53,142.23,142.23,117.47,117.47,89.511,89.511,79.841,79.841,78.279,78.279,72.906,72.906,95.115,95.115,95.623,95.623,91.479,91.479,131.6,131.6,160.88,160.88,171.07,171.07,142.01,142.01,159.17,159.17,164.8,164.8,158.87,158.87,161.54,161.54,147.43,147.43,127.28,127.28,117.39,117.39,101.8,101.8,63.033,63.033,79.439,79.439,119.69,119.69,125.44,125.44,100.39,100.39,123.16,123.16,141.05,141.05,124.23,124.23,100.8,100.8,101.25,101.25,83.888,83.888,88.906,88.906,104.58,104.58,106.64,106.64,94.948,94.948,90.841,90.841,103.77,103.77,89.867,89.867,86.858,86.858,71.421,71.421,67.391,67.391,57.668,57.668,52.091,52.091,70.863,70.863,70.728,70.728,110.77,110.77,133.93,133.93,137.87,137.87,143.65,143.65,120.61,120.61,111.46,111.46,110.32,110.32,117.31,117.31,112.46,112.46,121.74,121.74,123.66,123.66,136.21,136.21,146.71,146.71,150.01,150.01,138.73,138.73,160.45,160.45,137.47,137.47,94.305,94.305,86.741,86.741,79.556,79.556,86.595,86.595,117.2,117.2,131.49,131.49,119.87,119.87,118.9,118.9,81.377,81.377,113.71,113.71,132.88,132.88,120.13,120.13,116.96,116.96,145.34,145.34,155.64,155.64,161.98,161.98,99.795,99.795,88.27,88.27,79.123,79.123,66.66,66.66,60.469,60.469,48.472,48.472,47.221,47.221,46.41,46.41,38.424,38.424,43.391,43.391,50.096,50.096,50.836,50.836,57.095,57.095,59.807,59.807,62.903,62.903,64.163,64.163,68.446,68.446,74.198,74.198,74.245,74.245,74.702,74.702,97.444,97.444,89.548,89.548,99.112,99.112,95.524,95.524,107.99,107.99,125.85,125.85,139.92,139.92,166.74,166.74,188.37,188.37,185.64,185.64,173.85,173.85,120.49,120.49,86.209,86.209,70.129,70.129,62.32,62.32,41.77,41.77,38.467,38.467,103.47,103.47,154.75,154.75,137.21,137.21,157.85,157.85,117.99,117.99,113.65,113.65,155.9,155.9,157.91,157.91,132.77,132.77,78.494,78.494,85.584,85.584,55.616,55.616,45.3,45.3,48.091,48.091,66.374,66.374
48.5,70.968,70.968,85.588,85.588,67.024,67.024,71.6,71.6,78.054,78.054,99.407,99.407,134.4,134.4,141.17,141.17,94.924,94.924,107.12,107.12,100.75,100.75,108.5,108.5,131.08,131.08,105.22,105.22,118.69,118.69,153.88,153.88,156.76,156.76,151.44,151.44,152.86,152.86,145.41,145.41,121.79,121.79,111.89,111.89,132.58,132.58,141.62,141.62,157.12,157.12,161.33,161.33,156.82,156.82,180.59,180.59,191.69,191.69,193.12,193.12,175.44,175.44,169.69,169.69,176.76,176.76,177.27,177.27,163.51,163.51,171.59,171.59,195.38,195.38,197.15,197.15,198.92,198.92,175.93,175.93,164.68,164.68,180.37,180.37,152.32,152.32,147.98,147.98,135.87,135.87,86.214,86.214,68.499,68.499,94.102,94.102,158.68,158.68,137.64,137.64,130.04,130.04,115.19,115.19,91.766,91.766,95.989,95.989,89.737,89.737,71.259,71.259,74.874,74.874,81.467,81.467,101.97,101.97,124.77,124.77,163.97,163.97,131.08,131.08,131.48,131.48,155.04,155.04,158.35,158.35,158.48,158.48,148.46,148.46,135.68,135.68,121.48,121.48,88.165,88.165,42.986,42.986,51.078,51.078,85.77,85.77,102.73,102.73,80.396,80.396,99.681,99.681,136.21,136.21,136.03,136.03,112.67,112.67,94.171,94.171,101.83,101.83,97.298,97.298,86.037,86.037,81.968,81.968,82.092,82.092,75.007,75.007,57.619,57.619,63.84,63.84,60.768,60.768,67.608,67.608,65.161,65.161,61.662,61.662,55.335,55.335,74.698,74.698,62.122,62.122,70.778,70.778,100.36,100.36,101.27,101.27,121.81,121.81,114.17,114.17,103.41,103.41,98.338,98.338,99.871,99.871,116.05,116.05,121.9,121.9,124.22,124.22,134.62,134.62,145.9,145.9,159.4,159.4,152.12,152.12,153.05,153.05,134.75,134.75,110.68,110.68,91.691,91.691,90.172,90.172,97.354,97.354,105.48,105.48,123.48,123.48,131.56,131.56,138.36,138.36,83.279,83.279,116.6,116.6,141.81,141.81,104.34,104.34,90.279,90.279,130.64,130.64,140.62,140.62,159.48,159.48,126.77,126.77,90.904,90.904,70.777,70.777,64.845,64.845,57.521,57.521,46.015,46.015,54.832,54.832,59.868,59.868,47.719,47.719,57.326,57.326,52.226,52.226,55.821,55.821,62.714,62.714,67.338,67.338,78.106,78.106,80.118,80.118,74.312,74.312,61.837,61.837,68.217,68.217,79.113,79.113,101.24,101.24,90.882,90.882,77.345,77.345,146.48,146.48,147.57,147.57,137.91,137.91,140.05,140.05,157.33,157.33,186.99,186.99,180.47,180.47,172.62,172.62,138.97,138.97,101.53,101.53,84.702,84.702,70.035,70.035,45.473,45.473,53.506,53.506,80.065,80.065,137.69,137.69,125.86,125.86,151.63,151.63,107.85,107.85,97.871,97.871,117.85,117.85,158.72,158.72,158.31,158.31,160.36,160.36,157.71,157.71,137.02,137.02,110.74,110.74,92.495,92.495,70.08,70.08
49.5,67.197,67.197,84.573,84.573,65.606,65.606,68.297,68.297,65.672,65.672,75.278,75.278,111.04,111.04,135.4,135.4,116.96,116.96,118.83,118.83,134.67,134.67,147.51,147.51,131.82,131.82,119.8,119.8,119.11,119.11,137.03,137.03,143.35,143.35,123.94,123.94,95.929,95.929,91.087,91.087,97.757,97.757,122.24,122.24,142.27,142.27,134.26,134.26,155.36,155.36,156.45,156.45,179.89,179.89,191.53,191.53,190.02,190.02,179.69,179.69,179.88,179.88,187.25,187.25,180.89,180.89,188.49,188.49,176.4,176.4,182.09,182.09,200.73,200.73,196.11,196.11,184.84,184.84,174.79,174.79,171.64,171.64,151.59,151.59,150.44,150.44,152.64,152.64,100.6,100.6,83.846,83.846,85.901,85.901,119.21,119.21,138.96,138.96,117.23,117.23,113.05,113.05,87.491,87.491,108.22,108.22,106.84,106.84,112.92,112.92,94.294,94.294,74.645,74.645,77.701,77.701,84.978,84.978,99.909,99.909,149.05,149.05,143.41,143.41,109.27,109.27,110.05,110.05,119.6,119.6,134.76,134.76,136.91,136.91,130.31,130.31,97.037,97.037,68.37,68.37,45.875,45.875,71.349,71.349,102.88,102.88,90.913,90.913,74.743,74.743,87.546,87.546,114.06,114.06,135.64,135.64,102.81,102.81,85.645,85.645,76.669,76.669,96.282,96.282,113.1,113.1,90.492,90.492,85.994,85.994,84.472,84.472,80.789,80.789,81.654,81.654,79.649,79.649,73.385,73.385,68.446,68.446,68.3,68.3,69.612,69.612,76.414,76.414,68.011,68.011,89.314,89.314,93.859,93.859,87.125,87.125,99.033,99.033,100.97,100.97,97.413,97.413,87.805,87.805,91.01,91.01,96.631,96.631,114.73,114.73,119.08,119.08,127.56,127.56,134.05,134.05,145.2,145.2,146.14,146.14,145.65,145.65,122.53,122.53,114.04,114.04,110.96,110.96,108.4,108.4,113.05,113.05,102.89,102.89,133.6,133.6,150.21,150.21,134.49,134.49,123.52,123.52,137.2,137.2,131.99,131.99,74.071,74.071,69.176,69.176,102.22,102.22,129.06,129.06,133.89,133.89,126.45,126.45,94.932,94.932,78.59,78.59,64.992,64.992,57.979,57.979,49.441,49.441,53.221,53.221,64.862,64.862,64.159,64.159,56.818,56.818,56.03,56.03,59.512,59.512,65.76,65.76,65.687,65.687,87.149,87.149,82.977,82.977,84.526,84.526,83.068,83.068,59.683,59.683,91.506,91.506,101.11,101.11,53.413,53.413,43.933,43.933,119.26,119.26,128.12,128.12,135.27,135.27,145.59,145.59,158.34,158.34,182.65,182.65,179.99,179.99,168.56,168.56,148.15,148.15,102.43,102.43,98.844,98.844,65.78,65.78,45.022,45.022,69.491,69.491,66.483,66.483,113.31,113.31,113.29,113.29,146.79,146.79,103.88,103.88,90.893,90.893,87.089,87.089,142.18,142.18,155.54,155.54,147.73,147.73,153.57,153.57,157.19,157.19,143.57,143.57,100.23,100.23,82.216,82.216
50.5,62.469,62.469,63.986,63.986,55.608,55.608,64.014,64.014,65.554,65.554,89.771,89.771,117.61,117.61,116.9,116.9,120.21,120.21,107.92,107.92,119.61,119.61,152.62,152.62,111.91,111.91,110.25,110.25,116.96,116.96,79.28,79.28,108.79,108.79,142.99,142.99,99.828,99.828,85.168,85.168,103.07,103.07,120.49,120.49,138.56,138.56,140.22,140.22,149.31,149.31,168.23,168.23,183.44,183.44,180.05,180.05,179.9,179.9,181.27,181.27,186.44,186.44,183.02,183.02,173.89,173.89,182.1,182.1,175.13,175.13,181.28,181.28,195.56,195.56,186.34,186.34,139.53,139.53,173.95,173.95,168.96,168.96,124.8,124.8,109.47,109.47,93.205,93.205,128.13,128.13,102.38,102.38,137.47,137.47,116.11,116.11,103.32,103.32,124.74,124.74,90.59,90.59,80.277,80.277,78.813,78.813,80.471,80.471,109.08,109.08,112.68,112.68,94.044,94.044,68.124,68.124,85.133,85.133,80.66,80.66,112.37,112.37,148.2,148.2,87.365,87.365,91.885,91.885,81.585,81.585,86.726,86.726,102.29,102.29,118,118,92.472,92.472,70.621,70.621,58.578,58.578,75.819,75.819,93.399,93.399,83.512,83.512,85.234,85.234,96.361,96.361,104.76,104.76,125.21,125.21,98.427,98.427,89.157,89.157,77.512,77.512,88.965,88.965,132.68,132.68,91.587,91.587,90.833,90.833,82.427,82.427,90.287,90.287,85.198,85.198,90.934,90.934,87.014,87.014,82.753,82.753,100.11,100.11,78.781,78.781,86.491,86.491,68.922,68.922,94.228,94.228,95.315,95.315,90.282,90.282,98.456,98.456,95.533,95.533,98.464,98.464,95.099,95.099,89.041,89.041,96.981,96.981,105.8,105.8,113.34,113.34,114.17,114.17,117.24,117.24,132.21,132.21,144.02,144.02,141.37,141.37,139.16,139.16,124.51,124.51,119.53,119.53,119.52,119.52,113.11,113.11,124.63,124.63,137.88,137.88,157.55,157.55,104.29,104.29,120.16,120.16,143.4,143.4,110.26,110.26,71.45,71.45,60.832,60.832,70.892,70.892,105.42,105.42,120.55,120.55,113.01,113.01,87.289,87.289,77.963,77.963,81.355,81.355,57.051,57.051,52.257,52.257,51.741,51.741,59.606,59.606,62.642,62.642,67.072,67.072,79.003,79.003,73.102,73.102,85.712,85.712,82.917,82.917,96.153,96.153,100.2,100.2,95.5,95.5,92.139,92.139,100.76,100.76,73.076,73.076,88.935,88.935,93.461,93.461,67.674,67.674,103.82,103.82,101.66,101.66,119.45,119.45,136.9,136.9,149.21,149.21,169.74,169.74,178.51,178.51,167.54,167.54,147.27,147.27,101.53,101.53,92.952,92.952,66.676,66.676,37.39,37.39,76.742,76.742,70.502,70.502,96.563,96.563,103.29,103.29,143.73,143.73,92.547,92.547,77.812,77.812,68.885,68.885,96.206,96.206,122.01,122.01,120.43,120.43,129.36,129.36,154.85,154.85,160.95,160.95,137.61,137.61,116.59,116.59
51.5,131.97,131.97,78.465,78.465,57.487,57.487,68.792,68.792,76.236,76.236,76.934,76.934,110.43,110.43,119.65,119.65,111.37,111.37,120.33,120.33,134.54,134.54,149.7,149.7,119.07,119.07,127.7,127.7,112.83,112.83,73.587,73.587,90.623,90.623,113.22,113.22,88.647,88.647,85.876,85.876,109.02,109.02,136.69,136.69,137.97,137.97,150.34,150.34,149.72,149.72,172.56,172.56,178.65,178.65,175.69,175.69,172.49,172.49,179.48,179.48,178.25,178.25,182.1,182.1,174.21,174.21,176.89,176.89,177.38,177.38,177.34,177.34,188.95,188.95,173.82,173.82,155.55,155.55,158.67,158.67,159.38,159.38,153.49,153.49,107.94,107.94,84.635,84.635,116.43,116.43,86.253,86.253,88.38,88.38,101.08,101.08,84.165,84.165,125.96,125.96,118.35,118.35,91.078,91.078,113.61,113.61,79.829,79.829,98.271,98.271,105.98,105.98,94.222,94.222,85.69,85.69,94.611,94.611,93.306,93.306,91.376,91.376,137.09,137.09,100.58,100.58,72.36,72.36,70.715,70.715,84.692,84.692,77.184,77.184,91.235,91.235,70.694,70.694,73.128,73.128,68.337,68.337,69.007,69.007,85.476,85.476,79.815,79.815,95.922,95.922,104.25,104.25,88.554,88.554,108.72,108.72,148.7,148.7,112.01,112.01,103.27,103.27,87.438,87.438,113.55,113.55,76.688,76.688,83.545,83.545,77.674,77.674,93.995,93.995,88.174,88.174,92.294,92.294,93.996,93.996,101.94,101.94,122.84,122.84,112.46,112.46,91.23,91.23,96.171,96.171,102.23,102.23,98.529,98.529,80.727,80.727,90.302,90.302,100.43,100.43,107.82,107.82,95.234,95.234,89.2,89.2,94.292,94.292,95.366,95.366,93.592,93.592,100.5,100.5,110.51,110.51,126.48,126.48,126.46,126.46,140.22,140.22,141.88,141.88,143.36,143.36,133.68,133.68,123.34,123.34,113.95,113.95,133.35,133.35,136.19,136.19,108.52,108.52,121.47,121.47,149.31,149.31,151.06,151.06,74.436,74.436,68.336,68.336,63.331,63.331,72.652,72.652,84.733,84.733,116.82,116.82,130.07,130.07,113.05,113.05,131.32,131.32,100.16,100.16,71.865,71.865,67.627,67.627,61.629,61.629,57.387,57.387,69.954,69.954,95.212,95.212,108.57,108.57,112.81,112.81,118.67,118.67,103.88,103.88,119.67,119.67,119.05,119.05,114.69,114.69,128.85,128.85,124.73,124.73,108.41,108.41,84.143,84.143,87.988,87.988,94.944,94.944,115.93,115.93,136.39,136.39,134.19,134.19,139.9,139.9,127.96,127.96,155.33,155.33,174.44,174.44,165.46,165.46,135.03,135.03,99.746,99.746,67.291,67.291,71.605,71.605,41.166,41.166,84.106,84.106,80.018,80.018,103.79,103.79,119.84,119.84,139.81,139.81,85.14,85.14,79.062,79.062,89.374,89.374,78.617,78.617,85.218,85.218,87.937,87.937,113.06,113.06,120.98,120.98,140.18,140.18,151.63,151.63,150.06,150.06
52.5,130.12,130.12,106.71,106.71,107.96,107.96,92.876,92.876,100.73,100.73,98.021,98.021,100.5,100.5,106.43,106.43,101.75,101.75,105.32,105.32,100.93,100.93,98.775,98.775,115.4,115.4,120.2,120.2,94.34,94.34,96.818,96.818,127.52,127.52,116.06,116.06,129.83,129.83,108.94,108.94,122.89,122.89,153.85,153.85,145.95,145.95,158.47,158.47,161.5,161.5,170.86,170.86,173.25,173.25,174.77,174.77,164.54,164.54,175.3,175.3,166.41,166.41,172.5,172.5,170.02,170.02,171.52,171.52,174.45,174.45,175.11,175.11,190.66,190.66,170.33,170.33,165.63,165.63,165.79,165.79,156.01,156.01,154.31,154.31,142.5,142.5,91.916,91.916,68.101,68.101,81.126,81.126,83.135,83.135,85.949,85.949,81.117,81.117,132.46,132.46,114.56,114.56,87.66,87.66,87.885,87.885,116.12,116.12,105.77,105.77,97.121,97.121,99.909,99.909,78.197,78.197,89.963,89.963,77.017,77.017,82.134,82.134,96.806,96.806,82.968,82.968,86.76,86.76,76.579,76.579,96.671,96.671,87.222,87.222,94.163,94.163,71.765,71.765,76.167,76.167,98.041,98.041,86.199,86.199,69.437,69.437,63.728,63.728,87.107,87.107,88.645,88.645,74.763,74.763,83.649,83.649,152.87,152.87,131.09,131.09,94.197,94.197,95.798,95.798,101.5,101.5,79.308,79.308,70.865,70.865,87.288,87.288,99.24,99.24,98.753,98.753,107.66,107.66,113.1,113.1,105.09,105.09,106.31,106.31,107.96,107.96,104.86,104.86,112.32,112.32,100.2,100.2,87.605,87.605,71.175,71.175,91.698,91.698,101.42,101.42,107.17,107.17,101.56,101.56,94.9,94.9,97.352,97.352,81.869,81.869,89.741,89.741,99.15,99.15,114.3,114.3,121.73,121.73,126.5,126.5,136.22,136.22,144.74,144.74,152.22,152.22,140.25,140.25,132.04,132.04,115.12,115.12,129.56,129.56,91.654,91.654,90.582,90.582,121.11,121.11,159.42,159.42,128.6,128.6,82.933,82.933,85.347,85.347,62.672,62.672,68.77,68.77,83.962,83.962,107.8,107.8,124.5,124.5,135.02,135.02,154.03,154.03,137.21,137.21,105.08,105.08,88.434,88.434,85.36,85.36,69.427,69.427,89.601,89.601,111.12,111.12,109.44,109.44,137.96,137.96,136.42,136.42,119.17,119.17,120.85,120.85,128.19,128.19,143.26,143.26,144.89,144.89,129,129,113.59,113.59,94.05,94.05,80.027,80.027,90.862,90.862,115,115,125.41,125.41,122.1,122.1,130.41,130.41,130.65,130.65,146.66,146.66,171.24,171.24,165.57,165.57,128.75,128.75,89.795,89.795,56.896,56.896,72.277,72.277,42.705,42.705,102.44,102.44,85.461,85.461,107.25,107.25,93.643,93.643,120.27,120.27,76.787,76.787,73.048,73.048,79.619,79.619,88.079,88.079,86.123,86.123,100.56,100.56,125.81,125.81,113.6,113.6,116.87,116.87,145.09,145.09,135.9,135.9
53.5,111.7,111.7,87.233,87.233,111.54,111.54,138.28,138.28,120.1,120.1,119.97,119.97,116.45,116.45,107.56,107.56,99.488,99.488,88.496,88.496,88.394,88.394,65.76,65.76,128,128,123.89,123.89,86.717,86.717,95.998,95.998,88.914,88.914,88.847,88.847,119.24,119.24,128.69,128.69,138.08,138.08,146.87,146.87,144.86,144.86,148.71,148.71,150.61,150.61,154.68,154.68,168.69,168.69,165.36,165.36,159.61,159.61,158.28,158.28,160.93,160.93,164.32,164.32,166.52,166.52,165.52,165.52,169.46,169.46,170.17,170.17,185.83,185.83,173.94,173.94,170.76,170.76,158.55,158.55,147.98,147.98,121.72,121.72,138.77,138.77,100.07,100.07,88.674,88.674,130.7,130.7,104.67,104.67,96.006,96.006,125.77,125.77,123.68,123.68,103.16,103.16,132.32,132.32,99.464,99.464,101.56,101.56,135.45,135.45,99.362,99.362,83.683,83.683,82.096,82.096,82.82,82.82,75.469,75.469,69.885,69.885,87.567,87.567,90.684,90.684,95.387,95.387,103.9,103.9,84.433,84.433,77.87,77.87,97.08,97.08,87.605,87.605,95.541,95.541,133.03,133.03,130.37,130.37,82.759,82.759,55.549,55.549,44.45,44.45,55.97,55.97,60.68,60.68,86.184,86.184,153.36,153.36,142.86,142.86,112.72,112.72,92.283,92.283,95.468,95.468,87.032,87.032,81.083,81.083,96.026,96.026,116.38,116.38,110.9,110.9,112.75,112.75,107.45,107.45,114.89,114.89,114.64,114.64,113.14,113.14,105.02,105.02,84.485,84.485,83.101,83.101,94.574,94.574,62.401,62.401,92.508,92.508,100.7,100.7,110.12,110.12,112.2,112.2,102.53,102.53,111.28,111.28,96.262,96.262,81.53,81.53,89.914,89.914,102.87,102.87,116.31,116.31,120.62,120.62,139.85,139.85,147.17,147.17,147.39,147.39,148.75,148.75,128.14,128.14,133.98,133.98,123.52,123.52,97.273,97.273,96.383,96.383,138.05,138.05,139.85,139.85,99.326,99.326,83.41,83.41,85.409,85.409,77.005,77.005,64.961,64.961,68.35,68.35,90.355,90.355,114.39,114.39,140.52,140.52,154.76,154.76,160.91,160.91,155.32,155.32,117.78,117.78,94.85,94.85,84.668,84.668,115.31,115.31,122.1,122.1,124.05,124.05,143.28,143.28,122.15,122.15,111.97,111.97,124.05,124.05,130.72,130.72,154.92,154.92,141.21,141.21,117.24,117.24,114.1,114.1,114.55,114.55,101.07,101.07,124.42,124.42,109.63,109.63,123.52,123.52,120.21,120.21,131.06,131.06,136.19,136.19,142.76,142.76,172.51,172.51,164.61,164.61,138.91,138.91,80.954,80.954,46.435,46.435,58.723,58.723,40.269,40.269,117.22,117.22,119.04,119.04,83.406,83.406,73.25,73.25,77.554,77.554,81.451,81.451,100.31,100.31,96.875,96.875,91.107,91.107,78.115,78.115,81.654,81.654,105.54,105.54,115.09,115.09,133.41,133.41,136.56,136.56,104.84,104.84
54.5,99.689,99.689,103.75,103.75,87.471,87.471,118.16,118.16,147.57,147.57,141.96,141.96,120.43,120.43,108.84,108.84,103.95,103.95,76.792,76.792,80.194,80.194,63.558,63.558,92.853,92.853,135.7,135.7,114.08,114.08,90.848,90.848,94.927,94.927,91.589,91.589,91.792,91.792,110.34,110.34,103.1,103.1,132.25,132.25,150.56,150.56,156.73,156.73,152.89,152.89,153.79,153.79,155.55,155.55,158.57,158.57,155.58,155.58,136.67,136.67,151.03,151.03,158.56,158.56,158.95,158.95,158.63,158.63,162.15,162.15,164.41,164.41,174.21,174.21,171.67,171.67,167.77,167.77,156.8,156.8,136.98,136.98,143.56,143.56,126.78,126.78,117.54,117.54,98.448,98.448,131.41,131.41,110.19,110.19,104.89,104.89,102.8,102.8,121.06,121.06,125.92,125.92,108.54,108.54,103.32,103.32,115.09,115.09,147.48,147.48,116.09,116.09,99.542,99.542,80.324,80.324,84.668,84.668,94.753,94.753,92.23,92.23,94.764,94.764,97.58,97.58,98.863,98.863,123.05,123.05,112.13,112.13,98.409,98.409,77.26,77.26,131.19,131.19,155.03,155.03,142.91,142.91,134.55,134.55,85.573,85.573,60.413,60.413,44.541,44.541,39.934,39.934,56.865,56.865,98.166,98.166,144.18,144.18,141.37,141.37,139.47,139.47,92.702,92.702,90.831,90.831,91.366,91.366,102.29,102.29,128.29,128.29,126.13,126.13,123.73,123.73,121.42,121.42,107.35,107.35,94.171,94.171,102.05,102.05,114.34,114.34,103.06,103.06,73.12,73.12,76.602,76.602,88.397,88.397,108.94,108.94,109.95,109.95,93.83,93.83,95.221,95.221,105.79,105.79,117.25,117.25,117.8,117.8,97.33,97.33,78.086,78.086,86.617,86.617,89.005,89.005,112.62,112.62,125.65,125.65,132.55,132.55,133.59,133.59,142.47,142.47,143.13,143.13,128.56,128.56,138.3,138.3,113.63,113.63,97.968,97.968,94.534,94.534,120.37,120.37,96.299,96.299,139.09,139.09,98.856,98.856,67.257,67.257,74.328,74.328,59.961,59.961,56.835,56.835,53.773,53.773,73.353,73.353,101.73,101.73,98.825,98.825,132.27,132.27,170.99,170.99,145.7,145.7,107.72,107.72,100.57,100.57,122.1,122.1,120.2,120.2,122.77,122.77,145.06,145.06,141.68,141.68,124.29,124.29,132.06,132.06,139.54,139.54,141.75,141.75,122.55,122.55,115.37,115.37,121.24,121.24,139.91,139.91,114.17,114.17,126.39,126.39,118.31,118.31,97.268,97.268,97.894,97.894,118.4,118.4,136.01,136.01,140.52,140.52,172.45,172.45,160.97,160.97,153.07,153.07,70.665,70.665,39.387,39.387,51.414,51.414,39.166,39.166,93.55,93.55,138.14,138.14,97.623,97.623,84.865,84.865,93.352,93.352,102.97,102.97,90.272,90.272,50.849,50.849,42.644,42.644,51.011,51.011,76.763,76.763,90.879,90.879,119.65,119.65,118.45,118.45,105.31,105.31,60.587,60.587
55.5,113.07,113.07,117.48,117.48,93.848,93.848,94.038,94.038,130.9,130.9,148.57,148.57,125.55,125.55,113.53,113.53,111.63,111.63,91.664,91.664,60.194,60.194,70.958,70.958,67.071,67.071,87.881,87.881,106.68,106.68,95.133,95.133,105.17,105.17,97.814,97.814,75.868,75.868,75.433,75.433,78.253,78.253,129.47,129.47,150.34,150.34,154.32,154.32,157.27,157.27,152.05,152.05,150.71,150.71,148.03,148.03,143.84,143.84,137.93,137.93,147.38,147.38,155.09,155.09,157.79,157.79,157.34,157.34,159.46,159.46,162.02,162.02,162.58,162.58,161.07,161.07,152.99,152.99,137.51,137.51,129.98,129.98,127.12,127.12,141.36,141.36,122.68,122.68,121.21,121.21,121.06,121.06,91.398,91.398,117.15,117.15,106.92,106.92,122.39,122.39,127.24,127.24,121.94,121.94,123.63,123.63,134.6,134.6,142.62,142.62,127.07,127.07,119.46,119.46,105.2,105.2,88.336,88.336,101.19,101.19,88.888,88.888,96.23,96.23,102.08,102.08,103.16,103.16,102.04,102.04,112.02,112.02,116.63,116.63,99.434,99.434,87.809,87.809,107.53,107.53,126.72,126.72,122.52,122.52,99.614,99.614,75.478,75.478,65.748,65.748,43.714,43.714,51.962,51.962,110.77,110.77,143.51,143.51,133.16,133.16,145.21,145.21,83.36,83.36,85.084,85.084,99.282,99.282,114.94,114.94,132.5,132.5,124.18,124.18,138.83,138.83,134.6,134.6,121.91,121.91,93.841,93.841,77.741,77.741,101.8,101.8,111.13,111.13,73.714,73.714,70.906,70.906,114.65,114.65,108.53,108.53,128.35,128.35,120.64,120.64,97.763,97.763,122.95,122.95,109.5,109.5,102.68,102.68,93.816,93.816,87.296,87.296,85.877,85.877,106.87,106.87,122.26,122.26,134.72,134.72,132.08,132.08,137.31,137.31,139.27,139.27,144.71,144.71,145.74,145.74,134.25,134.25,111.81,111.81,102.81,102.81,100.7,100.7,98.899,98.899,110,110,140.51,140.51,116.6,116.6,67.508,67.508,55.028,55.028,60.749,60.749,61.517,61.517,66.007,66.007,69.229,69.229,64.665,64.665,60.029,60.029,91.859,91.859,141.77,141.77,137.42,137.42,127.16,127.16,113.15,113.15,123.46,123.46,138.62,138.62,156.82,156.82,154.18,154.18,161.74,161.74,143.8,143.8,135.09,135.09,133.13,133.13,120.14,120.14,111.67,111.67,108.25,108.25,119.51,119.51,153.4,153.4,132.84,132.84,142.4,142.4,105.09,105.09,107.74,107.74,103.7,103.7,97.772,97.772,115.17,115.17,141.64,141.64,165.16,165.16,162.73,162.73,139.45,139.45,88.741,88.741,45.07,45.07,56.617,56.617,70.583,70.583,60.037,60.037,110.6,110.6,138.33,138.33,111.82,111.82,98.191,98.191,103.62,103.62,99.287,99.287,96.462,96.462,92.702,92.702,61.609,61.609,57.569,57.569,77.92,77.92,78.616,78.616,104.07,104.07,84.219,84.219,49.263,49.263
56.5,113.25,113.25,108.38,108.38,94.431,94.431,86.124,86.124,116.85,116.85,137.61,137.61,134.96,134.96,125.01,125.01,122.51,122.51,110.23,110.23,84.856,84.856,80.86,80.86,77.811,77.811,73.201,73.201,77.14,77.14,79.037,79.037,85.476,85.476,94.947,94.947,71.355,71.355,76.057,76.057,84.336,84.336,118.21,118.21,132.78,132.78,142.43,142.43,149.87,149.87,144.71,144.71,139.06,139.06,131.81,131.81,129.55,129.55,138.02,138.02,147.35,147.35,152.82,152.82,156.01,156.01,155.95,155.95,160.43,160.43,157.69,157.69,159.7,159.7,147.09,147.09,127.82,127.82,117.74,117.74,112.4,112.4,119.52,119.52,125.91,125.91,131.52,131.52,115.85,115.85,113.46,113.46,115.97,115.97,123.59,123.59,127.54,127.54,123.1,123.1,122.28,122.28,132.33,132.33,129.76,129.76,137.55,137.55,150.97,150.97,142.17,142.17,145.06,145.06,116.52,116.52,122.13,122.13,115.91,115.91,108.88,108.88,107.47,107.47,109.39,109.39,117.59,117.59,110.7,110.7,101.18,101.18,104.58,104.58,99.788,99.788,103.82,103.82,65.333,65.333,77.746,77.746,89.551,89.551,105.84,105.84,110.24,110.24,100.2,100.2,76.759,76.759,59.608,59.608,96.923,96.923,131.37,131.37,141.33,141.33,126.89,126.89,121.49,121.49,87.116,87.116,99.522,99.522,107.49,107.49,123.41,123.41,128.16,128.16,136.01,136.01,126.47,126.47,123.56,123.56,100.96,100.96,72.991,72.991,75.586,75.586,96.509,96.509,92.178,92.178,80.801,80.801,121.22,121.22,107.44,107.44,106.21,106.21,120.65,120.65,140.03,140.03,136.18,136.18,126.09,126.09,114.12,114.12,101.78,101.78,99.288,99.288,102.14,102.14,115.1,115.1,116.82,116.82,117.97,117.97,122.4,122.4,134.33,134.33,136,136,143.04,143.04,151.61,151.61,133.49,133.49,129.91,129.91,104.74,104.74,108.17,108.17,107.86,107.86,89.928,89.928,113.2,113.2,127.6,127.6,75.413,75.413,74.224,74.224,74.148,74.148,69.788,69.788,68.897,68.897,71.564,71.564,70.69,70.69,77.857,77.857,84.037,84.037,93.959,93.959,119.07,119.07,125.44,125.44,135.7,135.7,142.08,142.08,152.86,152.86,156.45,156.45,151.61,151.61,153.54,153.54,156.69,156.69,151.32,151.32,134.8,134.8,122.3,122.3,109.4,109.4,106.6,106.6,143.95,143.95,160.49,160.49,148.33,148.33,100.2,100.2,113.06,113.06,110.86,110.86,99.811,99.811,109.41,109.41,107.11,107.11,134.47,134.47,158.31,158.31,157.66,157.66,138.69,138.69,101.7,101.7,64.144,64.144,66.42,66.42,87.227,87.227,60.625,60.625,63.788,63.788,79.505,79.505,112.9,112.9,120.46,120.46,124.09,124.09,116.08,116.08,87.474,87.474,97.241,97.241,107.47,107.47,117.72,117.72,100.49,100.49,85.054,85.054,92.415,92.415,66.971,66.971,82.321,82.321
57.5,116.33,116.33,104.22,104.22,89.676,89.676,71.151,71.151,47.504,47.504,78.639,78.639,139.91,139.91,115.17,115.17,106.85,106.85,109.43,109.43,106.4,106.4,88.494,88.494,92.308,92.308,79.104,79.104,76.31,76.31,60.87,60.87,62.393,62.393,76.338,76.338,79.915,79.915,77.877,77.877,90.376,90.376,103.14,103.14,128.8,128.8,131.65,131.65,144.96,144.96,137.86,137.86,132.18,132.18,127.39,127.39,121.46,121.46,131.38,131.38,139.57,139.57,142.43,142.43,146.52,146.52,151.16,151.16,156.33,156.33,153.18,153.18,142.27,142.27,149.18,149.18,122.13,122.13,100.47,100.47,88.37,88.37,126.89,126.89,123.08,123.08,112.77,112.77,108.21,108.21,123.98,123.98,113.5,113.5,105.04,105.04,106.51,106.51,111.25,111.25,112.04,112.04,129.43,129.43,134.42,134.42,138.96,138.96,147.6,147.6,137.57,137.57,130.54,130.54,126.84,126.84,136.85,136.85,120.65,120.65,111.44,111.44,105.35,105.35,108.94,108.94,117.79,117.79,116.47,116.47,90.606,90.606,91.226,91.226,84.087,84.087,86.904,86.904,92.614,92.614,58.957,58.957,73.561,73.561,101.15,101.15,116.18,116.18,121.26,121.26,110.84,110.84,101.54,101.54,104.19,104.19,133.83,133.83,133.15,133.15,141.19,141.19,116.99,116.99,76.708,76.708,96.77,96.77,107.24,107.24,111.71,111.71,121.71,121.71,131.23,131.23,129.53,129.53,125.94,125.94,112.11,112.11,96.361,96.361,71.72,71.72,73.264,73.264,98.48,98.48,113.88,113.88,119.77,119.77,117.33,117.33,105.72,105.72,115.56,115.56,137.56,137.56,140.69,140.69,133.48,133.48,129.91,129.91,107.59,107.59,100.65,100.65,109.21,109.21,111.39,111.39,117.06,117.06,116.74,116.74,121.68,121.68,129.4,129.4,125.81,125.81,142.19,142.19,133.44,133.44,131.22,131.22,127.74,127.74,123.84,123.84,84.855,84.855,91.207,91.207,101.96,101.96,107.31,107.31,124.09,124.09,89.81,89.81,78.53,78.53,82.265,82.265,88.882,88.882,77.882,77.882,86.165,86.165,86.021,86.021,90.745,90.745,89.753,89.753,100.39,100.39,126.23,126.23,134.55,134.55,139.45,139.45,146.98,146.98,152.45,152.45,147.93,147.93,145.61,145.61,152.07,152.07,158.57,158.57,156.33,156.33,152.95,152.95,135.86,135.86,110.24,110.24,121.24,121.24,153.27,153.27,157.17,157.17,121.88,121.88,95.108,95.108,117.78,117.78,102.95,102.95,99.393,99.393,111.28,111.28,114.57,114.57,119.74,119.74,144.11,144.11,151.89,151.89,143.61,143.61,109.02,109.02,76.864,76.864,71.591,71.591,95.901,95.901,85.413,85.413,51.321,51.321,43.893,43.893,53.706,53.706,53.616,53.616,48.411,48.411,42.242,42.242,39.123,39.123,41.533,41.533,68.7,68.7,78.707,78.707,88.987,88.987,102.42,102.42,107.83,107.83,87.954,87.954,90.081,90.081
58.5,117.07,117.07,117.63,117.63,88.514,88.514,117.04,117.04,75.395,75.395,52.678,52.678,78.073,78.073,85.636,85.636,92.289,92.289,97.648,97.648,116.94,116.94,118.8,118.8,105.58,105.58,101.88,101.88,90.407,90.407,82.837,82.837,76.841,76.841,83.242,83.242,91.854,91.854,90.885,90.885,91.26,91.26,113.9,113.9,115.65,115.65,114.2,114.2,131.33,131.33,133.94,133.94,126.57,126.57,124.1,124.1,116.64,116.64,128.98,128.98,129.33,129.33,125.61,125.61,137.03,137.03,148.15,148.15,153.64,153.64,150.64,150.64,141.83,141.83,150.97,150.97,122.61,122.61,102.77,102.77,123.91,123.91,137.2,137.2,124.86,124.86,121.71,121.71,109.87,109.87,108.22,108.22,95.06,95.06,90.37,90.37,88.788,88.788,112.69,112.69,127.88,127.88,131.94,131.94,133.61,133.61,132.32,132.32,144.92,144.92,138.49,138.49,138.57,138.57,134.94,134.94,121.43,121.43,93.404,93.404,89.412,89.412,94.466,94.466,96.705,96.705,100.14,100.14,100.53,100.53,92.483,92.483,81.266,81.266,75.032,75.032,90.335,90.335,102.49,102.49,74.032,74.032,54.295,54.295,72.735,72.735,92.887,92.887,115.29,115.29,115.39,115.39,95.646,95.646,93.641,93.641,126.31,126.31,139.4,139.4,149.31,149.31,128.78,128.78,66.161,66.161,69.922,69.922,96.75,96.75,110.68,110.68,104.47,104.47,120.42,120.42,119.65,119.65,115.97,115.97,113.77,113.77,110.75,110.75,113.58,113.58,119.97,119.97,118.15,118.15,122.6,122.6,116.53,116.53,106.4,106.4,100.36,100.36,115.22,115.22,136.33,136.33,138.72,138.72,139.47,139.47,120.46,120.46,109.51,109.51,107.77,107.77,109.79,109.79,108.47,108.47,101.51,101.51,103.81,103.81,109.68,109.68,126.6,126.6,130.47,130.47,133.29,133.29,108.13,108.13,118.36,118.36,118.02,118.02,114.69,114.69,67.896,67.896,82.949,82.949,106.81,106.81,120.11,120.11,137.3,137.3,122.44,122.44,114.59,114.59,110.52,110.52,98.329,98.329,82.866,82.866,85.105,85.105,88.301,88.301,85.093,85.093,89.107,89.107,112.17,112.17,139.22,139.22,151.86,151.86,154.61,154.61,147.17,147.17,146.14,146.14,143.06,143.06,144.5,144.5,158.99,158.99,156.64,156.64,149.85,149.85,145.35,145.35,144.23,144.23,140.18,140.18,149.52,149.52,158.73,158.73,169.94,169.94,111.73,111.73,109.23,109.23,111.93,111.93,104.82,104.82,113.7,113.7,121.87,121.87,90.461,90.461,84.947,84.947,134.93,134.93,146.42,146.42,145.25,145.25,121.55,121.55,92.305,92.305,73.049,73.049,99.025,99.025,106.57,106.57,85.594,85.594,70.301,70.301,72.067,72.067,62.637,62.637,57.764,57.764,61.201,61.201,67.138,67.138,67.257,67.257,60.22,60.22,61.237,61.237,68.673,68.673,79.307,79.307,101.11,101.11,103.95,103.95,103.68,103.68
59.5,111.73,111.73,116.41,116.41,104.22,104.22,140.36,140.36,117.12,117.12,76.92,76.92,67.352,67.352,71.789,71.789,78.501,78.501,98.948,98.948,122.89,122.89,126.35,126.35,111.38,111.38,114.74,114.74,109.66,109.66,91.99,91.99,91.392,91.392,97.165,97.165,97.367,97.367,89.1,89.1,99.636,99.636,113.23,113.23,114.04,114.04,108.02,108.02,116.25,116.25,116.48,116.48,117,117,115.01,115.01,117.7,117.7,113.53,113.53,130.7,130.7,121.19,121.19,123.08,123.08,138.62,138.62,147.49,147.49,147.93,147.93,143.23,143.23,134.29,134.29,125.17,125.17,127.44,127.44,132.52,132.52,134.67,134.67,133.43,133.43,130.42,130.42,116.56,116.56,106.88,106.88,103.8,103.8,109.8,109.8,117.01,117.01,115.83,115.83,109.52,109.52,110.66,110.66,109.5,109.5,112.47,112.47,132.91,132.91,136.92,136.92,135.07,135.07,129.37,129.37,99.269,99.269,81.555,81.555,81.596,81.596,93.873,93.873,92.685,92.685,84.006,84.006,85.582,85.582,96.208,96.208,89.912,89.912,77.791,77.791,98.441,98.441,101.43,101.43,87.349,87.349,75.772,75.772,72.515,72.515,93.608,93.608,83.865,83.865,94.454,94.454,104.73,104.73,120.69,120.69,107.18,107.18,121.67,121.67,132.11,132.11,142.07,142.07,87.886,87.886,64.148,64.148,65.912,65.912,105.84,105.84,102.22,102.22,112.56,112.56,115.34,115.34,117.77,117.77,124.75,124.75,114.96,114.96,123.48,123.48,117.42,117.42,118.11,118.11,118.17,118.17,127.26,127.26,141.1,141.1,134.73,134.73,141.72,141.72,137.74,137.74,144.96,144.96,145.21,145.21,126.49,126.49,130.1,130.1,102.46,102.46,104.02,104.02,110.3,110.3,95.597,95.597,102.54,102.54,130.35,130.35,146.56,146.56,132.72,132.72,98.734,98.734,110.02,110.02,80.409,80.409,96.315,96.315,88.932,88.932,74.108,74.108,77.198,77.198,100.54,100.54,129.59,129.59,141.88,141.88,138.53,138.53,119.5,119.5,124.74,124.74,110.65,110.65,96.21,96.21,90.363,90.363,92.708,92.708,101.01,101.01,122.73,122.73,131.19,131.19,124.33,124.33,140.69,140.69,144.38,144.38,140.74,140.74,137.83,137.83,139.05,139.05,135.54,135.54,141.44,141.44,143.46,143.46,142.95,142.95,151.7,151.7,142.42,142.42,146.62,146.62,139.96,139.96,151.3,151.3,124.91,124.91,116.85,116.85,117.47,117.47,116.8,116.8,116.15,116.15,125.26,125.26,114.37,114.37,66.859,66.859,86.923,86.923,139.52,139.52,152.88,152.88,147.61,147.61,135.32,135.32,112.26,112.26,89.98,89.98,93.601,93.601,114.08,114.08,108.72,108.72,80.578,80.578,88.515,88.515,92.186,92.186,73.375,73.375,62.086,62.086,64.775,64.775,61.798,61.798,65.119,65.119,67.406,67.406,68.565,68.565,81.698,81.698,81.444,81.444,78.643,78.643,105.86,105.86
60.5,115.25,115.25,118.49,118.49,107.9,107.9,130.85,130.85,142.96,142.96,127.93,127.93,121.71,121.71,97.867,97.867,100.31,100.31,121.29,121.29,125.32,125.32,132.45,132.45,124.73,124.73,127.83,127.83,125.19,125.19,115.9,115.9,103.78,103.78,88.11,88.11,87.189,87.189,85.438,85.438,91.17,91.17,108.15,108.15,109.14,109.14,108.75,108.75,106.79,106.79,102.42,102.42,106.18,106.18,104.5,104.5,105.93,105.93,112.59,112.59,123.42,123.42,133.92,133.92,134.15,134.15,132.16,132.16,138.1,138.1,140.99,140.99,139.64,139.64,121.43,121.43,126.54,126.54,132.8,132.8,132.16,132.16,130.68,130.68,132.24,132.24,118.51,118.51,116.64,116.64,120.58,120.58,112.53,112.53,109.9,109.9,102.43,102.43,102.49,102.49,105.94,105.94,106.56,106.56,104.2,104.2,106.02,106.02,119.03,119.03,130.03,130.03,128.53,128.53,116.54,116.54,96.588,96.588,83.138,83.138,82.512,82.512,89.281,89.281,90.715,90.715,90.621,90.621,88.106,88.106,85.6,85.6,88.982,88.982,92.168,92.168,99.836,99.836,109.94,109.94,99.759,99.759,96.983,96.983,97.85,97.85,97.747,97.747,100.12,100.12,103.75,103.75,109.51,109.51,104.69,104.69,90.779,90.779,106.82,106.82,106.79,106.79,123.18,123.18,126.83,126.83,118.96,118.96,95.136,95.136,115.92,115.92,77.824,77.824,105.09,105.09,113.31,113.31,113.61,113.61,113.13,113.13,111.47,111.47,108.97,108.97,112.79,112.79,112.27,112.27,126.24,126.24,136.52,136.52,138.24,138.24,149.7,149.7,140.96,140.96,139.27,139.27,135.86,135.86,133.76,133.76,136.74,136.74,117.6,117.6,127.53,127.53,90.371,90.371,116.58,116.58,127.09,127.09,135.04,135.04,136.4,136.4,108.12,108.12,91.071,91.071,75.833,75.833,90.754,90.754,77.255,77.255,103.19,103.19,107.12,107.12,74.863,74.863,75.053,75.053,77.587,77.587,113.01,113.01,129.49,129.49,117.48,117.48,107.57,107.57,96.268,96.268,107.01,107.01,118.45,118.45,128.61,128.61,126.85,126.85,137.79,137.79,143.59,143.59,146.74,146.74,145.75,145.75,134.18,134.18,132.65,132.65,133.52,133.52,137.47,137.47,135.71,135.71,131.7,131.7,130.02,130.02,134.63,134.63,137.07,137.07,139.23,139.23,137.39,137.39,122.92,122.92,120.75,120.75,126.42,126.42,107.16,107.16,96.228,96.228,103.27,103.27,110.93,110.93,117.3,117.3,125.1,125.1,111.76,111.76,86.941,86.941,116.75,116.75,152.03,152.03,154.05,154.05,146.87,146.87,140.48,140.48,126.69,126.69,111.7,111.7,88.692,88.692,100.93,100.93,104.7,104.7,80.877,80.877,91.1,91.1,95.294,95.294,73.903,73.903,71.279,71.279,76.765,76.765,82.888,82.888,88.639,88.639,91.254,91.254,84.721,84.721,83.297,83.297,87.23,87.23,94.206,94.206,115.71,115.71
61.5,124.88,124.88,119.88,119.88,119.96,119.96,126.95,126.95,125.4,125.4,142.4,142.4,143.53,143.53,139.48,139.48,128.89,128.89,117.81,117.81,111.45,111.45,128.05,128.05,124.28,124.28,126.64,126.64,126.61,126.61,117.46,117.46,101.28,101.28,106.13,106.13,87.806,87.806,82.605,82.605,81.952,81.952,88.649,88.649,72.413,72.413,96.652,96.652,103.51,103.51,92.698,92.698,97.421,97.421,102.22,102.22,82.432,82.432,86.335,86.335,95.635,95.635,122.28,122.28,128.25,128.25,129.71,129.71,132.24,132.24,135.86,135.86,133.2,133.2,128.23,128.23,127.22,127.22,134.26,134.26,133.42,133.42,131.77,131.77,123.26,123.26,105.57,105.57,99.874,99.874,97.057,97.057,97.854,97.854,92.491,92.491,94.792,94.792,101.27,101.27,101.85,101.85,109,109,108.74,108.74,104.18,104.18,112.49,112.49,125.85,125.85,128.94,128.94,118.4,118.4,102.53,102.53,88.75,88.75,88.37,88.37,92.126,92.126,94.093,94.093,94.007,94.007,89.762,89.762,84.907,84.907,86.904,86.904,89.1,89.1,106.08,106.08,110.19,110.19,109.69,109.69,111.15,111.15,110.24,110.24,105.03,105.03,105.27,105.27,109.95,109.95,111.9,111.9,115.94,115.94,90.156,90.156,77.732,77.732,119.15,119.15,117.6,117.6,126.24,126.24,130.53,130.53,131.88,131.88,137.2,137.2,122.85,122.85,107.06,107.06,102.26,102.26,99.495,99.495,112.47,112.47,120.24,120.24,121.54,121.54,129.37,129.37,133.46,133.46,136.61,136.61,129.12,129.12,137.72,137.72,141.39,141.39,118.35,118.35,114.94,114.94,102.21,102.21,108.44,108.44,122.42,122.42,101.85,101.85,112.09,112.09,121.02,121.02,111.99,111.99,119.63,119.63,119.66,119.66,101.43,101.43,94.942,94.942,76.309,76.309,100.61,100.61,98.934,98.934,96.115,96.115,103.54,103.54,91.066,91.066,64.071,64.071,65.635,65.635,80.249,80.249,91.485,91.485,133.52,133.52,112.15,112.15,94.351,94.351,94.024,94.024,111.38,111.38,130.47,130.47,137.35,137.35,137.76,137.76,142.43,142.43,148.86,148.86,149.85,149.85,141.43,141.43,139.16,139.16,135.32,135.32,131.99,131.99,131.03,131.03,126.5,126.5,128.25,128.25,129.2,129.2,130.13,130.13,133.84,133.84,134.18,134.18,123.57,123.57,112.3,112.3,91.691,91.691,100.16,100.16,92.069,92.069,71.102,71.102,80.003,80.003,104.42,104.42,116.04,116.04,118.87,118.87,109.7,109.7,114.15,114.15,143.46,143.46,146.69,146.69,146.51,146.51,143.36,143.36,134.5,134.5,128.49,128.49,121.53,121.53,116.01,116.01,106.76,106.76,105.7,105.7,94.833,94.833,95.69,95.69,110.94,110.94,90.613,90.613,90.174,90.174,90.169,90.169,89.407,89.407,103.24,103.24,101.98,101.98,86.782,86.782,66.659,66.659,74.893,74.893,83.386,83.386,119.67,119.67
62.5,102.35,102.35,119.58,119.58,127.55,127.55,127.58,127.58,122.7,122.7,117.59,117.59,125.15,125.15,134.37,134.37,138.27,138.27,128.46,128.46,105.18,105.18,110.14,110.14,123.68,123.68,127.18,127.18,122.39,122.39,117.85,117.85,112.23,112.23,101.49,101.49,91.104,91.104,79.42,79.42,82.778,82.778,72.565,72.565,58.068,58.068,84.686,84.686,94.331,94.331,80.505,80.505,77.077,77.077,90.072,90.072,63.572,63.572,70.378,70.378,85.531,85.531,105.75,105.75,122.66,122.66,123.84,123.84,126.05,126.05,128.67,128.67,128.3,128.3,126.1,126.1,124.87,124.87,121.75,121.75,113.71,113.71,104.33,104.33,85.851,85.851,73.167,73.167,61.048,61.048,57.866,57.866,67.641,67.641,69.013,69.013,73.172,73.172,73.34,73.34,76.632,76.632,89.804,89.804,99.658,99.658,114.22,114.22,115.08,115.08,122.27,122.27,124.72,124.72,118.33,118.33,106.32,106.32,93.212,93.212,93.685,93.685,92.747,92.747,93.239,93.239,90.864,90.864,88.861,88.861,82.523,82.523,80.793,80.793,87.257,87.257,109.78,109.78,113.73,113.73,110.29,110.29,100.8,100.8,104.61,104.61,97.942,97.942,103.82,103.82,100.37,100.37,98.133,98.133,107.78,107.78,110.87,110.87,113.51,113.51,117.41,117.41,120.95,120.95,117.08,117.08,124.87,124.87,127.89,127.89,130.24,130.24,132.13,132.13,130.25,130.25,124.08,124.08,122.28,122.28,115.3,115.3,120.79,120.79,126.67,126.67,124.91,124.91,117.91,117.91,117.33,117.33,115.36,115.36,120.68,120.68,120.66,120.66,86.851,86.851,88.179,88.179,78.693,78.693,84.897,84.897,101.31,101.31,110.74,110.74,111.5,111.5,102.66,102.66,82.84,82.84,105.13,105.13,81.901,81.901,77.369,77.369,72.907,72.907,78.039,78.039,90.518,90.518,88.1,88.1,110.01,110.01,120.18,120.18,98.641,98.641,68.19,68.19,90.232,90.232,95.838,95.838,90.488,90.488,105.86,105.86,95.597,95.597,105.04,105.04,113.73,113.73,132.81,132.81,136.28,136.28,139.35,139.35,146.34,146.34,151.92,151.92,151.38,151.38,148.15,148.15,144.39,144.39,131.3,131.3,123.67,123.67,120.9,120.9,123.26,123.26,127.41,127.41,119.96,119.96,127.12,127.12,121.06,121.06,116.27,116.27,116.82,116.82,107.26,107.26,108.25,108.25,108.11,108.11,100.77,100.77,99.154,99.154,93.916,93.916,90.405,90.405,101.08,101.08,111.04,111.04,109.43,109.43,104.75,104.75,133.15,133.15,139.06,139.06,140.94,140.94,139.29,139.29,150.75,150.75,133.46,133.46,129.75,129.75,124.65,124.65,121.04,121.04,116.88,116.88,113.26,113.26,108.93,108.93,100.55,100.55,111.53,111.53,98.576,98.576,84.675,84.675,87.53,87.53,77.641,77.641,72.856,72.856,76.645,76.645,60.598,60.598,63.474,63.474,50.955,50.955,54.868,54.868,83.971,83.971
63.5,72.724,72.724,86.836,86.836,107.08,107.08,118.19,118.19,117.24,117.24,119.5,119.5,108.27,108.27,106.73,106.73,121.02,121.02,130.87,130.87,116.87,116.87,108.37,108.37,119.53,119.53,124.22,124.22,112.97,112.97,115.31,115.31,112.73,112.73,107.05,107.05,98.951,98.951,90.365,90.365,88.811,88.811,70.753,70.753,52.179,52.179,41.445,41.445,54.894,54.894,63.972,63.972,58.861,58.861,77.96,77.96,67.364,67.364,73.221,73.221,86.141,86.141,96.778,96.778,104.7,104.7,106.12,106.12,114.56,114.56,118.92,118.92,118.76,118.76,114.83,114.83,114.21,114.21,108.11,108.11,90.622,90.622,81.03,81.03,76.226,76.226,71.531,71.531,62.295,62.295,63.015,63.015,68.921,68.921,66.647,66.647,66.034,66.034,77.671,77.671,87.084,87.084,82.984,82.984,86.418,86.418,104.68,104.68,119.1,119.1,116.32,116.32,118.38,118.38,117.56,117.56,108.88,108.88,94.59,94.59,88.542,88.542,89.744,89.744,92.34,92.34,78.852,78.852,76.583,76.583,76.978,76.978,86.816,86.816,114.23,114.23,123.07,123.07,115.81,115.81,95.23,95.23,91.01,91.01,98.266,98.266,100.4,100.4,100.01,100.01,96.616,96.616,92.873,92.873,93.244,93.244,105.56,105.56,111.11,111.11,112.87,112.87,119.25,119.25,118.14,118.14,117.13,117.13,120.27,120.27,120.86,120.86,129.61,129.61,127.94,127.94,130.65,130.65,123.17,123.17,117.33,117.33,121.53,121.53,125.09,125.09,119.09,119.09,122.58,122.58,118.99,118.99,113.8,113.8,111.52,111.52,123.11,123.11,90.896,90.896,80.692,80.692,82.365,82.365,69.902,69.902,79.883,79.883,100.95,100.95,106.79,106.79,118.79,118.79,97.304,97.304,78.014,78.014,70.44,70.44,66.567,66.567,72.948,72.948,75.039,75.039,81.728,81.728,101.69,101.69,120.34,120.34,108.82,108.82,88.14,88.14,94.699,94.699,96.464,96.464,97.352,97.352,109.29,109.29,101.59,101.59,105.75,105.75,124.59,124.59,131.62,131.62,136.93,136.93,134.54,134.54,138.78,138.78,146.52,146.52,144.4,144.4,140.96,140.96,139.51,139.51,132.62,132.62,129.88,129.88,116.56,116.56,119.26,119.26,127.3,127.3,119.97,119.97,116,116,111.06,111.06,111.34,111.34,101.07,101.07,110.61,110.61,129.7,129.7,125.97,125.97,116.15,116.15,121.39,121.39,107.95,107.95,108.42,108.42,98.755,98.755,98.46,98.46,102.06,102.06,90.156,90.156,109.05,109.05,128.65,128.65,133.17,133.17,133.08,133.08,131.38,131.38,132.92,132.92,126.51,126.51,126.43,126.43,123.36,123.36,119.17,119.17,118.41,118.41,115.74,115.74,118.91,118.91,115.35,115.35,112.28,112.28,105.86,105.86,93.024,93.024,73.909,73.909,65.094,65.094,55.667,55.667,53.675,53.675,48.587,48.587,45.82,45.82,48.517,48.517,51.675,51.675,61.824,61.824
64.5,68.853,68.853,67.449,67.449,69.774,69.774,87.596,87.596,98.206,98.206,119.28,119.28,127.25,127.25,105.56,105.56,97.486,97.486,118.08,118.08,118.38,118.38,114.04,114.04,107.71,107.71,107.86,107.86,105.51,105.51,109.45,109.45,109.01,109.01,103.99,103.99,104.71,104.71,98.17,98.17,92.021,92.021,74.418,74.418,60.394,60.394,47.299,47.299,50.119,50.119,50.9,50.9,54.969,54.969,61.647,61.647,65.437,65.437,82.016,82.016,92.356,92.356,91.525,91.525,99.437,99.437,96.544,96.544,95.662,95.662,101.33,101.33,101.13,101.13,102.7,102.7,98.984,98.984,103.89,103.89,89.824,89.824,72.98,72.98,68.546,68.546,72.419,72.419,70.157,70.157,74.409,74.409,67.879,67.879,66.768,66.768,82.019,82.019,92.428,92.428,89.175,89.175,86.289,86.289,83.502,83.502,96.129,96.129,112.03,112.03,115.85,115.85,113.93,113.93,113.58,113.58,114.67,114.67,106.24,106.24,100.66,100.66,93.066,93.066,82.327,82.327,89.234,89.234,102.12,102.12,105.89,105.89,116.84,116.84,127.24,127.24,125.39,125.39,112.98,112.98,95.608,95.608,91.376,91.376,97.225,97.225,101.06,101.06,95.493,95.493,86.763,86.763,79.981,79.981,81.231,81.231,91.807,91.807,102.68,102.68,100.57,100.57,109.86,109.86,109.12,109.12,115.75,115.75,118.34,118.34,114.36,114.36,123.63,123.63,127.64,127.64,129.21,129.21,123.54,123.54,121.32,121.32,118.1,118.1,113.49,113.49,111.8,111.8,112.87,112.87,113.37,113.37,108.4,108.4,112.97,112.97,107.56,107.56,88.944,88.944,78.582,78.582,68.13,68.13,62.821,62.821,72.46,72.46,73,73,69.949,69.949,62.631,62.631,68.804,68.804,85.554,85.554,69.049,69.049,90.037,90.037,105.47,105.47,97.358,97.358,103.31,103.31,116.61,116.61,109.82,109.82,100.81,100.81,79.666,79.666,95.258,95.258,102.45,102.45,111.43,111.43,121.31,121.31,130.03,130.03,140.58,140.58,134.06,134.06,131.49,131.49,131.17,131.17,133.84,133.84,131.72,131.72,136.16,136.16,136.18,136.18,136.26,136.26,133.68,133.68,123.66,123.66,124.53,124.53,127.07,127.07,122.09,122.09,120.6,120.6,119.29,119.29,111.76,111.76,110.11,110.11,111.23,111.23,106.28,106.28,122.73,122.73,126.54,126.54,131.74,131.74,121.91,121.91,113.56,113.56,106.2,106.2,117.98,117.98,112.17,112.17,106.61,106.61,93.573,93.573,100.01,100.01,107.49,107.49,117.71,117.71,129.07,129.07,127.99,127.99,129.55,129.55,127.84,127.84,136.18,136.18,124.09,124.09,121.34,121.34,118.49,118.49,117.32,117.32,116.64,116.64,115.3,115.3,110.31,110.31,109.86,109.86,113.05,113.05,114.43,114.43,111.2,111.2,85.98,85.98,56.894,56.894,58.348,58.348,47.733,47.733,41.002,41.002,44.261,44.261,55.132,55.132,64.395,64.395
65.5,80.371,80.371,77.191,77.191,75.113,75.113,73.102,73.102,72.099,72.099,100.5,100.5,124.73,124.73,122.27,122.27,102.2,102.2,110.65,110.65,117.58,117.58,110.68,110.68,110.91,110.91,88.289,88.289,95.97,95.97,105.58,105.58,108.27,108.27,104.76,104.76,113.26,113.26,110.92,110.92,99.085,99.085,88.131,88.131,75.846,75.846,75.732,75.732,65.518,65.518,57.702,57.702,58.448,58.448,65.836,65.836,62.866,62.866,67.769,67.769,102.46,102.46,106.25,106.25,101.24,101.24,86.386,86.386,86.934,86.934,88.305,88.305,85.967,85.967,96.428,96.428,97.133,97.133,90.91,90.91,90.176,90.176,79.363,79.363,68.299,68.299,70.858,70.858,72.32,72.32,80.499,80.499,78.769,78.769,81.434,81.434,90.622,90.622,91.358,91.358,93.401,93.401,98.672,98.672,98.273,98.273,103.03,103.03,118.18,118.18,114.42,114.42,111.74,111.74,109.9,109.9,112.45,112.45,111.14,111.14,103.58,103.58,101.21,101.21,88.46,88.46,97.644,97.644,120.72,120.72,109.28,109.28,104.09,104.09,105.48,105.48,114.91,114.91,116.99,116.99,112.38,112.38,103.28,103.28,99.717,99.717,96.055,96.055,91.317,91.317,81.259,81.259,76.044,76.044,77.72,77.72,83.084,83.084,87.39,87.39,96.33,96.33,104.96,104.96,110.58,110.58,110.26,110.26,107.61,107.61,115.71,115.71,122.67,122.67,118.9,118.9,122.39,122.39,120.02,120.02,121.48,121.48,113.71,113.71,116.98,116.98,118.47,118.47,114.06,114.06,108.53,108.53,107.57,107.57,114.56,114.56,110.13,110.13,102.06,102.06,82.603,82.603,74.303,74.303,73.1,73.1,74.712,74.712,70.911,70.911,64.759,64.759,79.298,79.298,79.065,79.065,62.67,62.67,74.742,74.742,93.108,93.108,82.351,82.351,84.697,84.697,88.941,88.941,87.601,87.601,82.436,82.436,73.006,73.006,79.321,79.321,96.041,96.041,117.01,117.01,114.41,114.41,115.84,115.84,127.24,127.24,134.59,134.59,129.32,129.32,130.56,130.56,125.48,125.48,126.42,126.42,126.48,126.48,128.48,128.48,131.07,131.07,127.68,127.68,128.38,128.38,128.46,128.46,120.84,120.84,126.09,126.09,116.74,116.74,113.58,113.58,99.083,99.083,101.31,101.31,101.82,101.82,106.45,106.45,110.35,110.35,122.67,122.67,121.51,121.51,123.02,123.02,101.23,101.23,107.81,107.81,117.84,117.84,123.63,123.63,122.69,122.69,111.59,111.59,83.774,83.774,97.467,97.467,116.14,116.14,113.41,113.41,117.81,117.81,122.47,122.47,126.46,126.46,120.81,120.81,124.93,124.93,126.98,126.98,121.81,121.81,118.41,118.41,113.59,113.59,109.68,109.68,107.5,107.5,103.71,103.71,107.52,107.52,100.72,100.72,109.1,109.1,97.257,97.257,99.377,99.377,70.869,70.869,65.12,65.12,55.129,55.129,60.625,60.625,72.531,72.531,69.233,69.233,82.345,82.345
66.5,66.333,66.333,82.808,82.808,81.073,81.073,78.548,78.548,76.212,76.212,84.499,84.499,104.34,104.34,120.89,120.89,112.39,112.39,110.88,110.88,117.66,117.66,111.13,111.13,95.33,95.33,82.395,82.395,88.329,88.329,95.441,95.441,102.77,102.77,100.77,100.77,102.03,102.03,106.84,106.84,109.64,109.64,106.85,106.85,102.37,102.37,94.54,94.54,78.735,78.735,74.06,74.06,72.909,72.909,74.124,74.124,79.637,79.637,77.993,77.993,85.22,85.22,99.752,99.752,103.68,103.68,101.5,101.5,101.35,101.35,104.36,104.36,106.73,106.73,106.29,106.29,102.73,102.73,95.877,95.877,98.73,98.73,89.193,89.193,77.313,77.313,69.732,69.732,73.169,73.169,80.897,80.897,86.492,86.492,89.744,89.744,91.614,91.614,93.063,93.063,93.094,93.094,91.847,91.847,100.84,100.84,107.9,107.9,113.11,113.11,103.15,103.15,98.328,98.328,103.38,103.38,107.35,107.35,103.56,103.56,101.84,101.84,101.12,101.12,98.436,98.436,107.76,107.76,99.537,99.537,98.319,98.319,94.41,94.41,95.934,95.934,100.96,100.96,115.16,115.16,108.19,108.19,91.847,91.847,95.714,95.714,91.735,91.735,83.455,83.455,77.934,77.934,76.613,76.613,77.3,77.3,75.269,75.269,79.947,79.947,85.413,85.413,88.003,88.003,93.715,93.715,100.76,100.76,113.27,113.27,110.78,110.78,112.05,112.05,113.74,113.74,117.14,117.14,118.72,118.72,118.25,118.25,113.36,113.36,115.02,115.02,115.52,115.52,111.65,111.65,107.87,107.87,107.66,107.66,96.926,96.926,97.86,97.86,101,101,95.679,95.679,80.444,80.444,63.229,63.229,62.12,62.12,76.052,76.052,68.99,68.99,59.026,59.026,59.716,59.716,59.104,59.104,63.954,63.954,73.756,73.756,77.948,77.948,78.023,78.023,79.709,79.709,79.165,79.165,70.127,70.127,71.301,71.301,88.002,88.002,95.5,95.5,111.19,111.19,112.82,112.82,112.19,112.19,117.63,117.63,121.48,121.48,119.91,119.91,120.67,120.67,121.19,121.19,122.96,122.96,122.1,122.1,120.29,120.29,116.35,116.35,115.23,115.23,110.74,110.74,113.12,113.12,112,112,111.77,111.77,111.51,111.51,105.17,105.17,103.25,103.25,102.04,102.04,103.51,103.51,96.289,96.289,102.81,102.81,116.75,116.75,116.15,116.15,110.61,110.61,110.1,110.1,103.15,103.15,111.57,111.57,110.46,110.46,107.51,107.51,101.11,101.11,77.569,77.569,85.633,85.633,101.02,101.02,99.672,99.672,113.16,113.16,115.09,115.09,118.87,118.87,119.32,119.32,120.71,120.71,115.34,115.34,115.2,115.2,119.23,119.23,112.61,112.61,104.12,104.12,100.12,100.12,97.823,97.823,103.98,103.98,91.641,91.641,96.191,96.191,88.56,88.56,87.059,87.059,73.852,73.852,66.62,66.62,69.073,69.073,81.518,81.518,83.439,83.439,76.504,76.504,71.27,71.27
67.5,77.278,77.278,80.981,80.981,77.23,77.23,71.501,71.501,68.747,68.747,78.567,78.567,91.458,91.458,113.61,113.61,118.95,118.95,112.16,112.16,106.46,106.46,102.72,102.72,88.079,88.079,81.389,81.389,79.671,79.671,88.711,88.711,96.62,96.62,98.531,98.531,99.915,99.915,102.25,102.25,94.431,94.431,102.7,102.7,108.83,108.83,105.61,105.61,100.06,100.06,97.602,97.602,94.861,94.861,99.26,99.26,100.49,100.49,106.19,106.19,105.83,105.83,102.39,102.39,104.6,104.6,103.37,103.37,104.41,104.41,105.47,105.47,116.52,116.52,111.28,111.28,105.57,105.57,102.85,102.85,100.62,100.62,100.88,100.88,90.782,90.782,79.986,79.986,92.083,92.083,90.692,90.692,93.923,93.923,92.411,92.411,91.64,91.64,88.645,88.645,86.973,86.973,82.149,82.149,84.311,84.311,91.242,91.242,98.499,98.499,94.077,94.077,89.717,89.717,93.912,93.912,97.242,97.242,95.858,95.858,94.237,94.237,93.565,93.565,96.234,96.234,107.98,107.98,100.13,100.13,87.009,87.009,82.425,82.425,82.939,82.939,94.846,94.846,107.62,107.62,85.859,85.859,82.959,82.959,89.102,89.102,82.473,82.473,73.532,73.532,72.592,72.592,74.818,74.818,74.954,74.954,76.624,76.624,77.992,77.992,77.568,77.568,78.707,78.707,85.371,85.371,94.685,94.685,103.79,103.79,108.63,108.63,108.69,108.69,108.07,108.07,110.49,110.49,116.64,116.64,116.24,116.24,113.6,113.6,109.03,109.03,105.08,105.08,100.42,100.42,103.83,103.83,98.849,98.849,94,94,93.933,93.933,90.796,90.796,90.793,90.793,93.892,93.892,85.073,85.073,82.851,82.851,78.723,78.723,83.008,83.008,74.024,74.024,67.595,67.595,65.787,65.787,76.403,76.403,74.446,74.446,85.383,85.383,78.576,78.576,73.931,73.931,69.905,69.905,70.901,70.901,81.544,81.544,82.918,82.918,94.73,94.73,102.72,102.72,101.77,101.77,101.5,101.5,105.6,105.6,109.12,109.12,111.55,111.55,117.55,117.55,109.89,109.89,110.89,110.89,111.93,111.93,107.23,107.23,105.14,105.14,106.47,106.47,104.02,104.02,106.56,106.56,106.44,106.44,106.57,106.57,107.11,107.11,107.6,107.6,105.27,105.27,101.63,101.63,98.616,98.616,104.37,104.37,106.17,106.17,108.07,108.07,109.16,109.16,102.9,102.9,101.39,101.39,99.213,99.213,110.11,110.11,104.81,104.81,106.77,106.77,103.8,103.8,79.41,79.41,85.351,85.351,91.708,91.708,103.12,103.12,111.26,111.26,108.31,108.31,110.69,110.69,114.59,114.59,117.35,117.35,117.43,117.43,117.59,117.59,113.38,113.38,112.35,112.35,109.01,109.01,103.9,103.9,89,89,84.6,84.6,81.228,81.228,78.9,78.9,73.861,73.861,63.598,63.598,70.753,70.753,72.679,72.679,73.198,73.198,78.894,78.894,79.517,79.517,76.846,76.846,70.954,70.954
68.5,75.068,75.068,74.954,74.954,75.245,75.245,79.061,79.061,93.111,93.111,96.654,96.654,103.05,103.05,108.89,108.89,111.05,111.05,108.89,108.89,103.12,103.12,96.375,96.375,82.744,82.744,67.795,67.795,68.082,68.082,82.953,82.953,86.968,86.968,99.677,99.677,98.908,98.908,93.36,93.36,89.697,89.697,106.47,106.47,99.958,99.958,88.834,88.834,98.091,98.091,95.725,95.725,98.456,98.456,101.17,101.17,96.758,96.758,97.456,97.456,99.936,99.936,98.966,98.966,99.581,99.581,96.56,96.56,100.9,100.9,102.26,102.26,106.11,106.11,104.9,104.9,107.81,107.81,103.96,103.96,103.77,103.77,100.99,100.99,98.432,98.432,91.079,91.079,95.662,95.662,91.69,91.69,95.533,95.533,96.188,96.188,95.298,95.298,97.954,97.954,90.222,90.222,77.118,77.118,71.303,71.303,79.407,79.407,82.811,82.811,82.771,82.771,82.264,82.264,85.891,85.891,91.177,91.177,92.315,92.315,88.001,88.001,84.836,84.836,92.055,92.055,100.93,100.93,94.333,94.333,89.771,89.771,83.104,83.104,82.161,82.161,97.858,97.858,104.31,104.31,89.194,89.194,83.496,83.496,78.275,78.275,73.776,73.776,73.704,73.704,78.431,78.431,80.068,80.068,81.174,81.174,80.271,80.271,83.703,83.703,83.101,83.101,76.015,76.015,87.376,87.376,98.457,98.457,104.28,104.28,110.19,110.19,104.94,104.94,104.27,104.27,104.12,104.12,105.66,105.66,107.64,107.64,106.71,106.71,102.63,102.63,101.5,101.5,101.54,101.54,99.622,99.622,92.096,92.096,96.553,96.553,100.36,100.36,99.262,99.262,102.72,102.72,101.63,101.63,98.903,98.903,98.16,98.16,96.874,96.874,95.176,95.176,83.154,83.154,84.621,84.621,85.782,85.782,89.526,89.526,94.325,94.325,94.684,94.684,83.406,83.406,91.21,91.21,87.884,87.884,83.032,83.032,86.876,86.876,93.646,93.646,103.26,103.26,104.08,104.08,104.19,104.19,103.65,103.65,99.1,99.1,100.51,100.51,98.103,98.103,104.92,104.92,103.48,103.48,104.73,104.73,108.18,108.18,105.45,105.45,107.73,107.73,106.45,106.45,111.54,111.54,104.65,104.65,100.52,100.52,100.25,100.25,100.71,100.71,103.52,103.52,98.571,98.571,92.028,92.028,95.401,95.401,101.16,101.16,110.57,110.57,108.01,108.01,104.1,104.1,98.394,98.394,95.308,95.308,96.122,96.122,96.271,96.271,103.71,103.71,102.85,102.85,99.883,99.883,89.075,89.075,77.378,77.378,77.543,77.543,97.24,97.24,108.19,108.19,111.43,111.43,107.85,107.85,107.33,107.33,109.52,109.52,112.2,112.2,110.35,110.35,107.49,107.49,109.04,109.04,106.92,106.92,104.71,104.71,99.107,99.107,93.282,93.282,80.785,80.785,72.028,72.028,63.139,63.139,58.851,58.851,49.355,49.355,49.136,49.136,65.943,65.943,79.051,79.051,80.023,80.023,73.519,73.519,75.203,75.203
69.5,71.569,71.569,75.385,75.385,81.402,81.402,85.597,85.597,90.577,90.577,94.202,94.202,94.828,94.828,96.81,96.81,97.37,97.37,95.618,95.618,90.962,90.962,92.677,92.677,88.379,88.379,84.248,84.248,79.96,79.96,82.574,82.574,73.492,73.492,62.271,62.271,77.446,77.446,87.425,87.425,89.098,89.098,89.812,89.812,90.437,90.437,87.284,87.284,90.426,90.426,90.304,90.304,89.685,89.685,87.401,87.401,85.056,85.056,83.788,83.788,92.955,92.955,91.17,91.17,86.416,86.416,86.275,86.275,94.886,94.886,97.53,97.53,100.48,100.48,100.41,100.41,100.3,100.3,99.98,99.98,100.04,100.04,98.121,98.121,96.79,96.79,100.13,100.13,97.135,97.135,90.406,90.406,94.915,94.915,93.172,93.172,97.202,97.202,105.34,105.34,102.27,102.27,87,87,81.911,81.911,84.327,84.327,85.227,85.227,82.583,82.583,80.558,80.558,77.027,77.027,79.187,79.187,80.142,80.142,76.842,76.842,76.344,76.344,84.188,84.188,89.019,89.019,96.908,96.908,95.362,95.362,94.21,94.21,85.524,85.524,95.335,95.335,101.15,101.15,96.383,96.383,83.237,83.237,78.805,78.805,77.671,77.671,82.564,82.564,85.21,85.21,90.382,90.382,95,95,96.515,96.515,96.313,96.313,96.298,96.298,92.237,92.237,93.424,93.424,100.02,100.02,103.36,103.36,105.74,105.74,101.07,101.07,98.743,98.743,97.907,97.907,99.994,99.994,98.313,98.313,98.384,98.384,95.779,95.779,96.194,96.194,96.972,96.972,95.242,95.242,91.205,91.205,87.091,87.091,95.194,95.194,98.476,98.476,97.302,97.302,98.63,98.63,97.711,97.711,96.374,96.374,96.899,96.899,97.693,97.693,90.119,90.119,81.193,81.193,84.389,84.389,84.814,84.814,90.664,90.664,92.28,92.28,98.014,98.014,100.87,100.87,97.756,97.756,99.722,99.722,101.71,101.71,101.12,101.12,99.61,99.61,99.027,99.027,101.52,101.52,99.982,99.982,96.323,96.323,96.048,96.048,97.925,97.925,99.312,99.312,101.3,101.3,100.13,100.13,102.06,102.06,103.08,103.08,104.79,104.79,103.99,103.99,106.83,106.83,99.378,99.378,94.58,94.58,93.858,93.858,97.503,97.503,100.83,100.83,96.661,96.661,94.198,94.198,93.901,93.901,94.526,94.526,99.434,99.434,102.01,102.01,101.19,101.19,91.465,91.465,92.499,92.499,89.629,89.629,92.565,92.565,102.88,102.88,100.18,100.18,94.927,94.927,87.674,87.674,90.366,90.366,86.015,86.015,101.92,101.92,105.37,105.37,106.86,106.86,105.07,105.07,107.61,107.61,105.16,105.16,104.18,104.18,104.28,104.28,102,102,100.4,100.4,98.291,98.291,99.734,99.734,95.801,95.801,90.026,90.026,83.077,83.077,75.926,75.926,54.853,54.853,40.82,40.82,35.558,35.558,41.809,41.809,59.929,59.929,68.237,68.237,76.154,76.154,78.821,78.821,74.562,74.562
70.5,76.086,76.086,76.086,76.086,76.538,76.538,76.538,76.538,75.235,75.235,75.235,75.235,76.939,76.939,76.939,76.939,73.969,73.969,73.969,73.969,70.964,70.964,70.964,70.964,82.111,82.111,82.111,82.111,72.957,72.957,72.957,72.957,55.904,55.904,55.904,55.904,69.516,69.516,69.516,69.516,84.175,84.175,84.175,84.175,84.12,84.12,84.12,84.12,85.871,85.871,85.871,85.871,84.393,84.393,84.393,84.393,83.942,83.942,83.942,83.942,84.104,84.104,84.104,84.104,80.227,80.227,80.227,80.227,92.642,92.642,92.642,92.642,90.631,90.631,90.631,90.631,92.022,92.022,92.022,92.022,92.133,92.133,92.133,92.133,94.28,94.28,94.28,94.28,89.854,89.854,89.854,89.854,83.318,83.318,83.318,83.318,82.699,82.699,82.699,82.699,92.642,92.642,92.642,92.642,91.939,91.939,91.939,91.939,89.44,89.44,89.44,89.44,68.16,68.16,68.16,68.16,70.473,70.473,70.473,70.473,73.838,73.838,73.838,73.838,79.22,79.22,79.22,79.22,96.513,96.513,96.513,96.513,101.03,101.03,101.03,101.03,95.438,95.438,95.438,95.438,91.547,91.547,91.547,91.547,88.178,88.178,88.178,88.178,93.754,93.754,93.754,93.754,92.387,92.387,92.387,92.387,95.569,95.569,95.569,95.569,88.726,88.726,88.726,88.726,83.717,83.717,83.717,83.717,87.348,87.348,87.348,87.348,87.156,87.156,87.156,87.156,91.235,91.235,91.235,91.235,92.912,92.912,92.912,92.912,95.772,95.772,95.772,95.772,94.158,94.158,94.158,94.158,89.945,89.945,89.945,89.945,86.158,86.158,86.158,86.158,90.037,90.037,90.037,90.037,92.281,92.281,92.281,92.281,91.409,91.409,91.409,91.409,90.684,90.684,90.684,90.684,91.132,91.132,91.132,91.132,86.808,86.808,86.808,86.808,92.185,92.185,92.185,92.185,94.36,94.36,94.36,94.36,102.06,102.06,102.06,102.06,103.16,103.16,103.16,103.16,91.531,91.531,91.531,91.531,90.715,90.715,90.715,90.715,95.996,95.996,95.996,95.996,95.485,95.485,95.485,95.485,94.282,94.282,94.282,94.282,96.289,96.289,96.289,96.289,95.153,95.153,95.153,95.153,95.355,95.355,95.355,95.355,95.187,95.187,95.187,95.187,93.314,93.314,93.314,93.314,92.671,92.671,92.671,92.671,92.803,92.803,92.803,92.803,88.934,88.934,88.934,88.934,86.718,86.718,86.718,86.718,90.535,90.535,90.535,90.535,95.4,95.4,95.4,95.4,83.587,83.587,83.587,83.587,97.54,97.54,97.54,97.54,103.29,103.29,103.29,103.29,101.94,101.94,101.94,101.94,101.76,101.76,101.76,101.76,99.636,99.636,99.636,99.636,96.552,96.552,96.552,96.552,92.53,92.53,92.53,92.53,82.149,82.149,82.149,82.149,66.224,66.224,66.224,66.224,32.597,32.597,32.597,32.597,44.02,44.02,44.02,44.02,65.817,65.817,65.817,65.817,80.085,80.085,80.085,80.085
71.5,79.007,79.007,79.007,79.007,76.235,76.235,76.235,76.235,73.113,73.113,73.113,73.113,67.369,67.369,67.369,67.369,60.962,60.962,60.962,60.962,53.876,53.876,53.876,53.876,53.815,53.815,53.815,53.815,52.669,52.669,52.669,52.669,50.479,50.479,50.479,50.479,55.397,55.397,55.397,55.397,77.75,77.75,77.75,77.75,78.967,78.967,78.967,78.967,77.329,77.329,77.329,77.329,86.387,86.387,86.387,86.387,81.71,81.71,81.71,81.71,84.146,84.146,84.146,84.146,81.919,81.919,81.919,81.919,85.756,85.756,85.756,85.756,86.796,86.796,86.796,86.796,89.626,89.626,89.626,89.626,87.307,87.307,87.307,87.307,87.877,87.877,87.877,87.877,86.081,86.081,86.081,86.081,79.906,79.906,79.906,79.906,76.621,76.621,76.621,76.621,75.451,75.451,75.451,75.451,89.927,89.927,89.927,89.927,83.802,83.802,83.802,83.802,79.91,79.91,79.91,79.91,82.903,82.903,82.903,82.903,79.738,79.738,79.738,79.738,85.56,85.56,85.56,85.56,95.591,95.591,95.591,95.591,92.038,92.038,92.038,92.038,92.232,92.232,92.232,92.232,91.845,91.845,91.845,91.845,87.276,87.276,87.276,87.276,85.537,85.537,85.537,85.537,88.958,88.958,88.958,88.958,87.032,87.032,87.032,87.032,83.514,83.514,83.514,83.514,79.972,79.972,79.972,79.972,85.213,85.213,85.213,85.213,86.807,86.807,86.807,86.807,86.631,86.631,86.631,86.631,85.88,85.88,85.88,85.88,90.735,90.735,90.735,90.735,91.592,91.592,91.592,91.592,87.761,87.761,87.761,87.761,84.146,84.146,84.146,84.146,79.114,79.114,79.114,79.114,81.525,81.525,81.525,81.525,84.042,84.042,84.042,84.042,87.115,87.115,87.115,87.115,87.859,87.859,87.859,87.859,88.761,88.761,88.761,88.761,88.336,88.336,88.336,88.336,87.787,87.787,87.787,87.787,88.859,88.859,88.859,88.859,88.117,88.117,88.117,88.117,89.619,89.619,89.619,89.619,87.905,87.905,87.905,87.905,89.255,89.255,89.255,89.255,89.924,89.924,89.924,89.924,88.663,88.663,88.663,88.663,89.826,89.826,89.826,89.826,87.783,87.783,87.783,87.783,89.704,89.704,89.704,89.704,94.36,94.36,94.36,94.36,92.752,92.752,92.752,92.752,89.344,89.344,89.344,89.344,84.677,84.677,84.677,84.677,83.997,83.997,83.997,83.997,81.673,81.673,81.673,81.673,83.058,83.058,83.058,83.058,85.132,85.132,85.132,85.132,85.942,85.942,85.942,85.942,95.308,95.308,95.308,95.308,98.789,98.789,98.789,98.789,98.55,98.55,98.55,98.55,96.215,96.215,96.215,96.215,94.421,94.421,94.421,94.421,88.796,88.796,88.796,88.796,81.781,81.781,81.781,81.781,80.295,80.295,80.295,80.295,66.274,66.274,66.274,66.274,34.15,34.15,34.15,34.15,37.652,37.652,37.652,37.652,63.531,63.531,63.531,63.531,80.258,80.258,80.258,80.258
72.5,73.71,73.71,73.71,73.71,71.785,71.785,71.785,71.785,72.833,72.833,72.833,72.833,67.188,67.188,67.188,67.188,59.133,59.133,59.133,59.133,57.954,57.954,57.954,57.954,60.289,60.289,60.289,60.289,52.407,52.407,52.407,52.407,44.149,44.149,44.149,44.149,46.231,46.231,46.231,46.231,71.816,71.816,71.816,71.816,75.982,75.982,75.982,75.982,60.585,60.585,60.585,60.585,77.083,77.083,77.083,77.083,79.477,79.477,79.477,79.477,78.764,78.764,78.764,78.764,78.019,78.019,78.019,78.019,81.864,81.864,81.864,81.864,83.798,83.798,83.798,83.798,86.187,86.187,86.187,86.187,85.989,85.989,85.989,85.989,85.171,85.171,85.171,85.171,85.709,85.709,85.709,85.709,84.444,84.444,84.444,84.444,82.184,82.184,82.184,82.184,80.147,80.147,80.147,80.147,79.515,79.515,79.515,79.515,84.075,84.075,84.075,84.075,84.956,84.956,84.956,84.956,87.751,87.751,87.751,87.751,84.941,84.941,84.941,84.941,83.462,83.462,83.462,83.462,87.822,87.822,87.822,87.822,85.618,85.618,85.618,85.618,83.423,83.423,83.423,83.423,84.507,84.507,84.507,84.507,86.365,86.365,86.365,86.365,83.285,83.285,83.285,83.285,85.848,85.848,85.848,85.848,85.716,85.716,85.716,85.716,81.589,81.589,81.589,81.589,79.677,79.677,79.677,79.677,83.754,83.754,83.754,83.754,83.796,83.796,83.796,83.796,83.288,83.288,83.288,83.288,81.836,81.836,81.836,81.836,87.94,87.94,87.94,87.94,87.407,87.407,87.407,87.407,84.555,84.555,84.555,84.555,81.931,81.931,81.931,81.931,78.236,78.236,78.236,78.236,79.198,79.198,79.198,79.198,80.844,80.844,80.844,80.844,79.834,79.834,79.834,79.834,80.956,80.956,80.956,80.956,84.333,84.333,84.333,84.333,82.871,82.871,82.871,82.871,85.464,85.464,85.464,85.464,85.084,85.084,85.084,85.084,85.67,85.67,85.67,85.67,87.655,87.655,87.655,87.655,85.491,85.491,85.491,85.491,85.709,85.709,85.709,85.709,86.204,86.204,86.204,86.204,86.968,86.968,86.968,86.968,85.391,85.391,85.391,85.391,85.72,85.72,85.72,85.72,87.238,87.238,87.238,87.238,89.555,89.555,89.555,89.555,93.321,93.321,93.321,93.321,88.295,88.295,88.295,88.295,80.266,80.266,80.266,80.266,80.336,80.336,80.336,80.336,78.351,78.351,78.351,78.351,78.745,78.745,78.745,78.745,75.844,75.844,75.844,75.844,83.028,83.028,83.028,83.028,90.508,90.508,90.508,90.508,92.395,92.395,92.395,92.395,91.198,91.198,91.198,91.198,90.986,90.986,90.986,90.986,89.216,89.216,89.216,89.216,87.273,87.273,87.273,87.273,77.848,77.848,77.848,77.848,81.401,81.401,81.401,81.401,67.286,67.286,67.286,67.286,46.245,46.245,46.245,46.245,32.96,32.96,32.96,32.96,63.037,63.037,63.037,63.037,75.148,75.148,75.148,75.148
73.5,69.183,69.183,69.183,69.183,67.683,67.683,67.683,67.683,68.14,68.14,68.14,68.14,67.143,67.143,67.143,67.143,62.26,62.26,62.26,62.26,62.14,62.14,62.14,62.14,66.73,66.73,66.73,66.73,53.467,53.467,53.467,53.467,43.743,43.743,43.743,43.743,49.877,49.877,49.877,49.877,67.635,67.635,67.635,67.635,72.962,72.962,72.962,72.962,61.214,61.214,61.214,61.214,65.458,65.458,65.458,65.458,79.05,79.05,79.05,79.05,75.822,75.822,75.822,75.822,74.055,74.055,74.055,74.055,77.09,77.09,77.09,77.09,78.876,78.876,78.876,78.876,79.158,79.158,79.158,79.158,79.968,79.968,79.968,79.968,81.025,81.025,81.025,81.025,84.781,84.781,84.781,84.781,83.533,83.533,83.533,83.533,83.953,83.953,83.953,83.953,82.591,82.591,82.591,82.591,79.952,79.952,79.952,79.952,81.999,81.999,81.999,81.999,82.06,82.06,82.06,82.06,83.37,83.37,83.37,83.37,82.442,82.442,82.442,82.442,77.06,77.06,77.06,77.06,77.079,77.079,77.079,77.079,81.158,81.158,81.158,81.158,77.677,77.677,77.677,77.677,80.171,80.171,80.171,80.171,80.002,80.002,80.002,80.002,79.343,79.343,79.343,79.343,79.599,79.599,79.599,79.599,80.133,80.133,80.133,80.133,76.721,76.721,76.721,76.721,76.183,76.183,76.183,76.183,79.425,79.425,79.425,79.425,79.244,79.244,79.244,79.244,77.755,77.755,77.755,77.755,78.685,78.685,78.685,78.685,81.523,81.523,81.523,81.523,82.718,82.718,82.718,82.718,81.773,81.773,81.773,81.773,80.349,80.349,80.349,80.349,76.872,76.872,76.872,76.872,77.185,77.185,77.185,77.185,77.066,77.066,77.066,77.066,76.51,76.51,76.51,76.51,77.235,77.235,77.235,77.235,79.589,79.589,79.589,79.589,77.613,77.613,77.613,77.613,80.152,80.152,80.152,80.152,79.629,79.629,79.629,79.629,83.3,83.3,83.3,83.3,82.648,82.648,82.648,82.648,81.523,81.523,81.523,81.523,82.154,82.154,82.154,82.154,82.305,82.305,82.305,82.305,83.055,83.055,83.055,83.055,83.378,83.378,83.378,83.378,82.151,82.151,82.151,82.151,82.723,82.723,82.723,82.723,83.608,83.608,83.608,83.608,89.448,89.448,89.448,89.448,85.791,85.791,85.791,85.791,77.251,77.251,77.251,77.251,75.006,75.006,75.006,75.006,74.182,74.182,74.182,74.182,73.952,73.952,73.952,73.952,72.937,72.937,72.937,72.937,78.931,78.931,78.931,78.931,83.627,83.627,83.627,83.627,88.655,88.655,88.655,88.655,87.468,87.468,87.468,87.468,86.037,86.037,86.037,86.037,83.292,83.292,83.292,83.292,79.563,79.563,79.563,79.563,72.855,72.855,72.855,72.855,77.995,77.995,77.995,77.995,65.565,65.565,65.565,65.565,54.48,54.48,54.48,54.48,37.734,37.734,37.734,37.734,65.878,65.878,65.878,65.878,69.08,69.08,69.08,69.08
74.5,67.837,67.837,67.837,67.837,67.379,67.379,67.379,67.379,68.294,68.294,68.294,68.294,70.425,70.425,70.425,70.425,68.853,68.853,68.853,68.853,67.427,67.427,67.427,67.427,66.782,66.782,66.782,66.782,56.685,56.685,56.685,56.685,45.095,45.095,45.095,45.095,53.719,53.719,53.719,53.719,66.711,66.711,66.711,66.711,70.576,70.576,70.576,70.576,64.038,64.038,64.038,64.038,52.377,52.377,52.377,52.377,78.201,78.201,78.201,78.201,73.52,73.52,73.52,73.52,70.704,70.704,70.704,70.704,71.58,71.58,71.58,71.58,75.109,75.109,75.109,75.109,73.755,73.755,73.755,73.755,75.061,75.061,75.061,75.061,78.248,78.248,78.248,78.248,81.027,81.027,81.027,81.027,81.463,81.463,81.463,81.463,80.091,80.091,80.091,80.091,81.6,81.6,81.6,81.6,83.334,83.334,83.334,83.334,81.054,81.054,81.054,81.054,72.216,72.216,72.216,72.216,73.181,73.181,73.181,73.181,75.366,75.366,75.366,75.366,73.368,73.368,73.368,73.368,69.744,69.744,69.744,69.744,72.897,72.897,72.897,72.897,72.866,72.866,72.866,72.866,75.303,75.303,75.303,75.303,75.768,75.768,75.768,75.768,75.879,75.879,75.879,75.879,74.499,74.499,74.499,74.499,72.987,72.987,72.987,72.987,73.562,73.562,73.562,73.562,72.429,72.429,72.429,72.429,75.012,75.012,75.012,75.012,75.191,75.191,75.191,75.191,75.688,75.688,75.688,75.688,75.429,75.429,75.429,75.429,77.056,77.056,77.056,77.056,76.774,76.774,76.774,76.774,78.517,78.517,78.517,78.517,77.736,77.736,77.736,77.736,75.135,75.135,75.135,75.135,75.346,75.346,75.346,75.346,75.052,75.052,75.052,75.052,72.725,72.725,72.725,72.725,73.339,73.339,73.339,73.339,73.375,73.375,73.375,73.375,73.313,73.313,73.313,73.313,75.222,75.222,75.222,75.222,74.717,74.717,74.717,74.717,76.813,76.813,76.813,76.813,76.255,76.255,76.255,76.255,77.208,77.208,77.208,77.208,79.215,79.215,79.215,79.215,79.067,79.067,79.067,79.067,79.301,79.301,79.301,79.301,78.929,78.929,78.929,78.929,77.597,77.597,77.597,77.597,79.151,79.151,79.151,79.151,81.538,81.538,81.538,81.538,79.551,79.551,79.551,79.551,75.789,75.789,75.789,75.789,72.169,72.169,72.169,72.169,69.431,69.431,69.431,69.431,70.292,70.292,70.292,70.292,69.795,69.795,69.795,69.795,75.941,75.941,75.941,75.941,76.26,76.26,76.26,76.26,78.828,78.828,78.828,78.828,79.449,79.449,79.449,79.449,78.534,78.534,78.534,78.534,77.82,77.82,77.82,77.82,77.652,77.652,77.652,77.652,77.922,77.922,77.922,77.922,73.181,73.181,73.181,73.181,72.265,72.265,72.265,72.265,65.702,65.702,65.702,65.702,61.576,61.576,61.576,61.576,45.808,45.808,45.808,45.808,63.916,63.916,63.916,63.916,68.316,68.316,68.316,68.316
75.5,62.835,62.835,62.835,62.835,61.931,61.931,61.931,61.931,61.186,61.186,61.186,61.186,67.624,67.624,67.624,67.624,62.521,62.521,62.521,62.521,57.347,57.347,57.347,57.347,50.523,50.523,50.523,50.523,50.542,50.542,50.542,50.542,49.196,49.196,49.196,49.196,54.893,54.893,54.893,54.893,65.762,65.762,65.762,65.762,65.176,65.176,65.176,65.176,65.965,65.965,65.965,65.965,54.747,54.747,54.747,54.747,68.043,68.043,68.043,68.043,71.353,71.353,71.353,71.353,66.457,66.457,66.457,66.457,70.266,70.266,70.266,70.266,74.014,74.014,74.014,74.014,72.936,72.936,72.936,72.936,70.145,70.145,70.145,70.145,72.135,72.135,72.135,72.135,74.094,74.094,74.094,74.094,76.082,76.082,76.082,76.082,73.358,73.358,73.358,73.358,74.506,74.506,74.506,74.506,71.331,71.331,71.331,71.331,73.012,73.012,73.012,73.012,68.597,68.597,68.597,68.597,67.007,67.007,67.007,67.007,68.489,68.489,68.489,68.489,69.412,69.412,69.412,69.412,67.115,67.115,67.115,67.115,66.407,66.407,66.407,66.407,70.317,70.317,70.317,70.317,68.823,68.823,68.823,68.823,67.434,67.434,67.434,67.434,64.942,64.942,64.942,64.942,67.838,67.838,67.838,67.838,71.89,71.89,71.89,71.89,69.028,69.028,69.028,69.028,67.212,67.212,67.212,67.212,70.811,70.811,70.811,70.811,70.845,70.845,70.845,70.845,71.507,71.507,71.507,71.507,70.693,70.693,70.693,70.693,71.844,71.844,71.844,71.844,70.269,70.269,70.269,70.269,73.788,73.788,73.788,73.788,74.166,74.166,74.166,74.166,71.484,71.484,71.484,71.484,70.644,70.644,70.644,70.644,72.032,72.032,72.032,72.032,70.433,70.433,70.433,70.433,69.435,69.435,69.435,69.435,67.941,67.941,67.941,67.941,68.91,68.91,68.91,68.91,70.704,70.704,70.704,70.704,71.103,71.103,71.103,71.103,70.939,70.939,70.939,70.939,72.388,72.388,72.388,72.388,71.483,71.483,71.483,71.483,72.919,72.919,72.919,72.919,73.055,73.055,73.055,73.055,74.047,74.047,74.047,74.047,74.165,74.165,74.165,74.165,76.748,76.748,76.748,76.748,78.211,78.211,78.211,78.211,78.879,78.879,78.879,78.879,76.584,76.584,76.584,76.584,66.698,66.698,66.698,66.698,64.813,64.813,64.813,64.813,62.396,62.396,62.396,62.396,66.498,66.498,66.498,66.498,69.17,69.17,69.17,69.17,73.827,73.827,73.827,73.827,75.262,75.262,75.262,75.262,73.776,73.776,73.776,73.776,74.649,74.649,74.649,74.649,75.35,75.35,75.35,75.35,73.234,73.234,73.234,73.234,72.835,72.835,72.835,72.835,73.807,73.807,73.807,73.807,69.606,69.606,69.606,69.606,63.34,63.34,63.34,63.34,69.531,69.531,69.531,69.531,63.656,63.656,63.656,63.656,53.392,53.392,53.392,53.392,50.963,50.963,50.963,50.963,61.389,61.389,61.389,61.389
76.5,57.569,57.569,57.569,57.569,59.754,59.754,59.754,59.754,59.989,59.989,59.989,59.989,63.477,63.477,63.477,63.477,47.194,47.194,47.194,47.194,47.949,47.949,47.949,47.949,55.118,55.118,55.118,55.118,52.862,52.862,52.862,52.862,54.264,54.264,54.264,54.264,55.67,55.67,55.67,55.67,59.934,59.934,59.934,59.934,61.369,61.369,61.369,61.369,63.676,63.676,63.676,63.676,54.369,54.369,54.369,54.369,52.664,52.664,52.664,52.664,53.292,53.292,53.292,53.292,63.836,63.836,63.836,63.836,62.56,62.56,62.56,62.56,69.657,69.657,69.657,69.657,68.362,68.362,68.362,68.362,64.804,64.804,64.804,64.804,65.677,65.677,65.677,65.677,65.251,65.251,65.251,65.251,68.673,68.673,68.673,68.673,70.328,70.328,70.328,70.328,70.982,70.982,70.982,70.982,67.94,67.94,67.94,67.94,63.887,63.887,63.887,63.887,61.29,61.29,61.29,61.29,61.274,61.274,61.274,61.274,62.172,62.172,62.172,62.172,62.848,62.848,62.848,62.848,64.194,64.194,64.194,64.194,64.515,64.515,64.515,64.515,63.264,63.264,63.264,63.264,61.164,61.164,61.164,61.164,63.597,63.597,63.597,63.597,64.754,64.754,64.754,64.754,64.852,64.852,64.852,64.852,64.529,64.529,64.529,64.529,63.397,63.397,63.397,63.397,64.972,64.972,64.972,64.972,66.121,66.121,66.121,66.121,66.345,66.345,66.345,66.345,66.88,66.88,66.88,66.88,66.01,66.01,66.01,66.01,65.878,65.878,65.878,65.878,66.662,66.662,66.662,66.662,68.977,68.977,68.977,68.977,68.315,68.315,68.315,68.315,68.763,68.763,68.763,68.763,65.723,65.723,65.723,65.723,65.121,65.121,65.121,65.121,67.232,67.232,67.232,67.232,66.883,66.883,66.883,66.883,65.261,65.261,65.261,65.261,65.683,65.683,65.683,65.683,66.139,66.139,66.139,66.139,66.321,66.321,66.321,66.321,67.663,67.663,67.663,67.663,68.447,68.447,68.447,68.447,69.154,69.154,69.154,69.154,69.37,69.37,69.37,69.37,70.198,70.198,70.198,70.198,70.211,70.211,70.211,70.211,69.887,69.887,69.887,69.887,69.165,69.165,69.165,69.165,71.359,71.359,71.359,71.359,70.476,70.476,70.476,70.476,66.952,66.952,66.952,66.952,64.899,64.899,64.899,64.899,57.724,57.724,57.724,57.724,59.988,59.988,59.988,59.988,66.293,66.293,66.293,66.293,72.568,72.568,72.568,72.568,69.766,69.766,69.766,69.766,70.86,70.86,70.86,70.86,71.095,71.095,71.095,71.095,70.191,70.191,70.191,70.191,70.513,70.513,70.513,70.513,67.197,67.197,67.197,67.197,67.086,67.086,67.086,67.086,66.919,66.919,66.919,66.919,60.178,60.178,60.178,60.178,58.636,58.636,58.636,58.636,66.416,66.416,66.416,66.416,60.809,60.809,60.809,60.809,59.891,59.891,59.891,59.891,45.406,45.406,45.406,45.406,52.035,52.035,52.035,52.035
77.5,52.311,52.311,52.311,52.311,55.674,55.674,55.674,55.674,58.94,58.94,58.94,58.94,59.277,59.277,59.277,59.277,59.182,59.182,59.182,59.182,57.006,57.006,57.006,57.006,54.055,54.055,54.055,54.055,50.17,50.17,50.17,50.17,52.284,52.284,52.284,52.284,48.252,48.252,48.252,48.252,54.256,54.256,54.256,54.256,55.162,55.162,55.162,55.162,57.247,57.247,57.247,57.247,57.13,57.13,57.13,57.13,45.111,45.111,45.111,45.111,53.133,53.133,53.133,53.133,57.844,57.844,57.844,57.844,64.387,64.387,64.387,64.387,65.071,65.071,65.071,65.071,62.797,62.797,62.797,62.797,57.651,57.651,57.651,57.651,59.44,59.44,59.44,59.44,59.451,59.451,59.451,59.451,61.442,61.442,61.442,61.442,62.156,62.156,62.156,62.156,66.067,66.067,66.067,66.067,60.596,60.596,60.596,60.596,56.675,56.675,56.675,56.675,57.757,57.757,57.757,57.757,59.623,59.623,59.623,59.623,59.033,59.033,59.033,59.033,58.517,58.517,58.517,58.517,58.64,58.64,58.64,58.64,59.189,59.189,59.189,59.189,57.738,57.738,57.738,57.738,57.636,57.636,57.636,57.636,59.158,59.158,59.158,59.158,62.949,62.949,62.949,62.949,60.484,60.484,60.484,60.484,58.695,58.695,58.695,58.695,59.568,59.568,59.568,59.568,60.391,60.391,60.391,60.391,61.212,61.212,61.212,61.212,61.343,61.343,61.343,61.343,61.25,61.25,61.25,61.25,61.186,61.186,61.186,61.186,60.174,60.174,60.174,60.174,61.059,61.059,61.059,61.059,61.827,61.827,61.827,61.827,62.605,62.605,62.605,62.605,61.04,61.04,61.04,61.04,61.703,61.703,61.703,61.703,60.097,60.097,60.097,60.097,60.551,60.551,60.551,60.551,60.811,60.811,60.811,60.811,60.032,60.032,60.032,60.032,60.832,60.832,60.832,60.832,60.533,60.533,60.533,60.533,61.45,61.45,61.45,61.45,62.186,62.186,62.186,62.186,62.666,62.666,62.666,62.666,63.96,63.96,63.96,63.96,64.659,64.659,64.659,64.659,65.923,65.923,65.923,65.923,64.592,64.592,64.592,64.592,65.643,65.643,65.643,65.643,65.742,65.742,65.742,65.742,65.884,65.884,65.884,65.884,66.255,66.255,66.255,66.255,63.84,63.84,63.84,63.84,62.674,62.674,62.674,62.674,55.799,55.799,55.799,55.799,61.557,61.557,61.557,61.557,58.624,58.624,58.624,58.624,66.548,66.548,66.548,66.548,67.027,67.027,67.027,67.027,64.548,64.548,64.548,64.548,64.45,64.45,64.45,64.45,66.189,66.189,66.189,66.189,65.071,65.071,65.071,65.071,62.765,62.765,62.765,62.765,61.716,61.716,61.716,61.716,61.082,61.082,61.082,61.082,57.71,57.71,57.71,57.71,53.681,53.681,53.681,53.681,60.498,60.498,60.498,60.498,58.796,58.796,58.796,58.796,58.056,58.056,58.056,58.056,49.319,49.319,49.319,49.319,49.296,49.296,49.296,49.296
78.5,50.16,50.16,50.16,50.16,55.734,55.734,55.734,55.734,53.134,53.134,53.134,53.134,49.06,49.06,49.06,49.06,54.243,54.243,54.243,54.243,54.173,54.173,54.173,54.173,50.445,50.445,50.445,50.445,47.308,47.308,47.308,47.308,47.437,47.437,47.437,47.437,47.209,47.209,47.209,47.209,51.872,51.872,51.872,51.872,50.211,50.211,50.211,50.211,50.855,50.855,50.855,50.855,55.493,55.493,55.493,55.493,53.262,53.262,53.262,53.262,55.344,55.344,55.344,55.344,59.55,59.55,59.55,59.55,60.143,60.143,60.143,60.143,58.28,58.28,58.28,58.28,58.039,58.039,58.039,58.039,53.625,53.625,53.625,53.625,54.775,54.775,54.775,54.775,55.215,55.215,55.215,55.215,55.652,55.652,55.652,55.652,55.454,55.454,55.454,55.454,57.096,57.096,57.096,57.096,56.059,56.059,56.059,56.059,54.548,54.548,54.548,54.548,55.756,55.756,55.756,55.756,55.085,55.085,55.085,55.085,55.195,55.195,55.195,55.195,55.463,55.463,55.463,55.463,54.154,54.154,54.154,54.154,53.131,53.131,53.131,53.131,52.754,52.754,52.754,52.754,53.986,53.986,53.986,53.986,53.446,53.446,53.446,53.446,54.536,54.536,54.536,54.536,53.908,53.908,53.908,53.908,53.801,53.801,53.801,53.801,55.933,55.933,55.933,55.933,56.083,56.083,56.083,56.083,56.04,56.04,56.04,56.04,55.867,55.867,55.867,55.867,55.776,55.776,55.776,55.776,55.883,55.883,55.883,55.883,55.868,55.868,55.868,55.868,56.956,56.956,56.956,56.956,54.666,54.666,54.666,54.666,55.372,55.372,55.372,55.372,56.313,56.313,56.313,56.313,55.917,55.917,55.917,55.917,55.091,55.091,55.091,55.091,55.986,55.986,55.986,55.986,55.833,55.833,55.833,55.833,55.48,55.48,55.48,55.48,54.899,54.899,54.899,54.899,55.806,55.806,55.806,55.806,57.247,57.247,57.247,57.247,57.806,57.806,57.806,57.806,58.426,58.426,58.426,58.426,58.235,58.235,58.235,58.235,58.661,58.661,58.661,58.661,58.128,58.128,58.128,58.128,56.316,56.316,56.316,56.316,58.716,58.716,58.716,58.716,59.189,59.189,59.189,59.189,59.882,59.882,59.882,59.882,56.662,56.662,56.662,56.662,56.247,56.247,56.247,56.247,57.887,57.887,57.887,57.887,54.836,54.836,54.836,54.836,53.513,53.513,53.513,53.513,56.721,56.721,56.721,56.721,63.702,63.702,63.702,63.702,64.142,64.142,64.142,64.142,61.231,61.231,61.231,61.231,61.368,61.368,61.368,61.368,58.213,58.213,58.213,58.213,59.988,59.988,59.988,59.988,59.512,59.512,59.512,59.512,57.644,57.644,57.644,57.644,55.849,55.849,55.849,55.849,55.319,55.319,55.319,55.319,51.871,51.871,51.871,51.871,56.763,56.763,56.763,56.763,52.755,52.755,52.755,52.755,50.757,50.757,50.757,50.757,50.304,50.304,50.304,50.304,44.899,44.899,44.899,44.899
79.5,43.282,43.282,43.282,43.282,46.909,46.909,46.909,46.909,51.095,51.095,51.095,51.095,53.223,53.223,53.223,53.223,50.052,50.052,50.052,50.052,46.984,46.984,46.984,46.984,46.472,46.472,46.472,46.472,47.317,47.317,47.317,47.317,51.107,51.107,51.107,51.107,51.175,51.175,51.175,51.175,50.8,50.8,50.8,50.8,46.128,46.128,46.128,46.128,48.912,48.912,48.912,48.912,46.826,46.826,46.826,46.826,47.319,47.319,47.319,47.319,47.691,47.691,47.691,47.691,52.768,52.768,52.768,52.768,54.991,54.991,54.991,54.991,49.97,49.97,49.97,49.97,50.454,50.454,50.454,50.454,50.006,50.006,50.006,50.006,49.594,49.594,49.594,49.594,49.044,49.044,49.044,49.044,50.174,50.174,50.174,50.174,49.26,49.26,49.26,49.26,49.774,49.774,49.774,49.774,50.981,50.981,50.981,50.981,52.342,52.342,52.342,52.342,52.608,52.608,52.608,52.608,51.149,51.149,51.149,51.149,49.849,49.849,49.849,49.849,51.513,51.513,51.513,51.513,51.568,51.568,51.568,51.568,50.271,50.271,50.271,50.271,49.076,49.076,49.076,49.076,48.849,48.849,48.849,48.849,50.217,50.217,50.217,50.217,48.291,48.291,48.291,48.291,49.04,49.04,49.04,49.04,50.111,50.111,50.111,50.111,50.029,50.029,50.029,50.029,50.563,50.563,50.563,50.563,51.759,51.759,51.759,51.759,51.162,51.162,51.162,51.162,51.07,51.07,51.07,51.07,51.047,51.047,51.047,51.047,50.909,50.909,50.909,50.909,51.531,51.531,51.531,51.531,50.453,50.453,50.453,50.453,50.722,50.722,50.722,50.722,50.648,50.648,50.648,50.648,50.136,50.136,50.136,50.136,51.563,51.563,51.563,51.563,51.652,51.652,51.652,51.652,51.285,51.285,51.285,51.285,50.414,50.414,50.414,50.414,51.07,51.07,51.07,51.07,51.536,51.536,51.536,51.536,53.37,53.37,53.37,53.37,53.384,53.384,53.384,53.384,54.443,54.443,54.443,54.443,53.29,53.29,53.29,53.29,52.413,52.413,52.413,52.413,52.58,52.58,52.58,52.58,52.91,52.91,52.91,52.91,56.374,56.374,56.374,56.374,56.007,56.007,56.007,56.007,49.964,49.964,49.964,49.964,49.856,49.856,49.856,49.856,49.046,49.046,49.046,49.046,51.437,51.437,51.437,51.437,52.816,52.816,52.816,52.816,52.761,52.761,52.761,52.761,50.607,50.607,50.607,50.607,49.628,49.628,49.628,49.628,53.073,53.073,53.073,53.073,54.638,54.638,54.638,54.638,54.016,54.016,54.016,54.016,51.072,51.072,51.072,51.072,52.279,52.279,52.279,52.279,53.468,53.468,53.468,53.468,53.241,53.241,53.241,53.241,51.431,51.431,51.431,51.431,50.336,50.336,50.336,50.336,47.795,47.795,47.795,47.795,52.188,52.188,52.188,52.188,49.514,49.514,49.514,49.514,42.703,42.703,42.703,42.703,46.83,46.83,46.83,46.83,46.483,46.483,46.483,46.483
80.5,46.749,46.749,46.749,46.749,44.361,44.361,44.361,44.361,44.361,44.361,44.361,44.361,44.387,44.387,44.387,44.387,44.387,44.387,44.387,44.387,42.857,42.857,42.857,42.857,42.857,42.857,42.857,42.857,45.739,45.739,45.739,45.739,45.739,45.739,45.739,45.739,47.226,47.226,47.226,47.226,47.226,47.226,47.226,47.226,51.049,51.049,51.049,51.049,51.049,51.049,51.049,51.049,53.929,53.929,53.929,53.929,53.929,53.929,53.929,53.929,49.189,49.189,49.189,49.189,49.189,49.189,49.189,49.189,48.259,48.259,48.259,48.259,48.259,48.259,48.259,48.259,45.047,45.047,45.047,45.047,45.047,45.047,45.047,45.047,45.038,45.038,45.038,45.038,45.038,45.038,45.038,45.038,45.61,45.61,45.61,45.61,45.61,45.61,45.61,45.61,45.262,45.262,45.262,45.262,45.262,45.262,45.262,45.262,46.535,46.535,46.535,46.535,46.535,46.535,46.535,46.535,47.025,47.025,47.025,47.025,47.025,47.025,47.025,47.025,46.018,46.018,46.018,46.018,46.018,46.018,46.018,46.018,45.889,45.889,45.889,45.889,45.889,45.889,45.889,45.889,45.391,45.391,45.391,45.391,45.391,45.391,45.391,45.391,45.084,45.084,45.084,45.084,45.084,45.084,45.084,45.084,45.392,45.392,45.392,45.392,45.392,45.392,45.392,45.392,45.319,45.319,45.319,45.319,45.319,45.319,45.319,45.319,45.327,45.327,45.327,45.327,45.327,45.327,45.327,45.327,46.105,46.105,46.105,46.105,46.105,46.105,46.105,46.105,45.769,45.769,45.769,45.769,45.769,45.769,45.769,45.769,45.992,45.992,45.992,45.992,45.992,45.992,45.992,45.992,46.136,46.136,46.136,46.136,46.136,46.136,46.136,46.136,46.367,46.367,46.367,46.367,46.367,46.367,46.367,46.367,45.869,45.869,45.869,45.869,45.869,45.869,45.869,45.869,47.568,47.568,47.568,47.568,47.568,47.568,47.568,47.568,49.36,49.36,49.36,49.36,49.36,49.36,49.36,49.36,47.984,47.984,47.984,47.984,47.984,47.984,47.984,47.984,47.905,47.905,47.905,47.905,47.905,47.905,47.905,47.905,47.333,47.333,47.333,47.333,47.333,47.333,47.333,47.333,46.534,46.534,46.534,46.534,46.534,46.534,46.534,46.534,44.977,44.977,44.977,44.977,44.977,44.977,44.977,44.977,46.503,46.503,46.503,46.503,46.503,46.503,46.503,46.503,44.692,44.692,44.692,44.692,44.692,44.692,44.692,44.692,44.266,44.266,44.266,44.266,44.266,44.266,44.266,44.266,45.4,45.4,45.4,45.4,45.4,45.4,45.4,45.4,48.751,48.751,48.751,48.751,48.751,48.751,48.751,48.751,46.93,46.93,46.93,46.93,46.93,46.93,46.93,46.93,43.292,43.292,43.292,43.292,43.292,43.292,43.292,43.292,45.277,45.277,45.277,45.277,45.277,45.277,45.277,45.277,42.199,42.199,42.199,42.199,42.199,42.199,42.199,42.199,46.749,46.749,46.749,46.749
81.5,41.892,41.892,41.892,41.892,41.269,41.269,41.269,41.269,41.269,41.269,41.269,41.269,38.933,38.933,38.933,38.933,38.933,38.933,38.933,38.933,40.58,40.58,40.58,40.58,40.58,40.58,40.58,40.58,40.965,40.965,40.965,40.965,40.965,40.965,40.965,40.965,42.014,42.014,42.014,42.014,42.014,42.014,42.014,42.014,41.765,41.765,41.765,41.765,41.765,41.765,41.765,41.765,41.832,41.832,41.832,41.832,41.832,41.832,41.832,41.832,42.945,42.945,42.945,42.945,42.945,42.945,42.945,42.945,39.969,39.969,39.969,39.969,39.969,39.969,39.969,39.969,41.682,41.682,41.682,41.682,41.682,41.682,41.682,41.682,40.386,40.386,40.386,40.386,40.386,40.386,40.386,40.386,41.132,41.132,41.132,41.132,41.132,41.132,41.132,41.132,40.568,40.568,40.568,40.568,40.568,40.568,40.568,40.568,41.005,41.005,41.005,41.005,41.005,41.005,41.005,41.005,41.098,41.098,41.098,41.098,41.098,41.098,41.098,41.098,41.032,41.032,41.032,41.032,41.032,41.032,41.032,41.032,41.214,41.214,41.214,41.214,41.214,41.214,41.214,41.214,40.969,40.969,40.969,40.969,40.969,40.969,40.969,40.969,40.117,40.117,40.117,40.117,40.117,40.117,40.117,40.117,40.099,40.099,40.099,40.099,40.099,40.099,40.099,40.099,40.58,40.58,40.58,40.58,40.58,40.58,40.58,40.58,40.635,40.635,40.635,40.635,40.635,40.635,40.635,40.635,41.391,41.391,41.391,41.391,41.391,41.391,41.391,41.391,40.244,40.244,40.244,40.244,40.244,40.244,40.244,40.244,40.933,40.933,40.933,40.933,40.933,40.933,40.933,40.933,40.977,40.977,40.977,40.977,40.977,40.977,40.977,40.977,41.413,41.413,41.413,41.413,41.413,41.413,41.413,41.413,41.659,41.659,41.659,41.659,41.659,41.659,41.659,41.659,42.282,42.282,42.282,42.282,42.282,42.282,42.282,42.282,45.027,45.027,45.027,45.027,45.027,45.027,45.027,45.027,44.581,44.581,44.581,44.581,44.581,44.581,44.581,44.581,43.399,43.399,43.399,43.399,43.399,43.399,43.399,43.399,43.039,43.039,43.039,43.039,43.039,43.039,43.039,43.039,43.32,43.32,43.32,43.32,43.32,43.32,43.32,43.32,40.858,40.858,40.858,40.858,40.858,40.858,40.858,40.858,38.786,38.786,38.786,38.786,38.786,38.786,38.786,38.786,39.667,39.667,39.667,39.667,39.667,39.667,39.667,39.667,36.62,36.62,36.62,36.62,36.62,36.62,36.62,36.62,35.81,35.81,35.81,35.81,35.81,35.81,35.81,35.81,39.903,39.903,39.903,39.903,39.903,39.903,39.903,39.903,38.143,38.143,38.143,38.143,38.143,38.143,38.143,38.143,38.545,38.545,38.545,38.545,38.545,38.545,38.545,38.545,41.477,41.477,41.477,41.477,41.477,41.477,41.477,41.477,44.435,44.435,44.435,44.435,44.435,44.435,44.435,44.435,41.892,41.892,41.892,41.892
82.5,36.966,36.966,36.966,36.966,39.571,39.571,39.571,39.571,39.571,39.571,39.571,39.571,37.363,37.363,37.363,37.363,37.363,37.363,37.363,37.363,36.177,36.177,36.177,36.177,36.177,36.177,36.177,36.177,35.863,35.863,35.863,35.863,35.863,35.863,35.863,35.863,36.614,36.614,36.614,36.614,36.614,36.614,36.614,36.614,37.974,37.974,37.974,37.974,37.974,37.974,37.974,37.974,37.551,37.551,37.551,37.551,37.551,37.551,37.551,37.551,37.218,37.218,37.218,37.218,37.218,37.218,37.218,37.218,35.139,35.139,35.139,35.139,35.139,35.139,35.139,35.139,38.876,38.876,38.876,38.876,38.876,38.876,38.876,38.876,35.866,35.866,35.866,35.866,35.866,35.866,35.866,35.866,35.389,35.389,35.389,35.389,35.389,35.389,35.389,35.389,35.5,35.5,35.5,35.5,35.5,35.5,35.5,35.5,36.954,36.954,36.954,36.954,36.954,36.954,36.954,36.954,36.226,36.226,36.226,36.226,36.226,36.226,36.226,36.226,36.794,36.794,36.794,36.794,36.794,36.794,36.794,36.794,36.446,36.446,36.446,36.446,36.446,36.446,36.446,36.446,36.447,36.447,36.447,36.447,36.447,36.447,36.447,36.447,35.868,35.868,35.868,35.868,35.868,35.868,35.868,35.868,35.809,35.809,35.809,35.809,35.809,35.809,35.809,35.809,36.857,36.857,36.857,36.857,36.857,36.857,36.857,36.857,36.655,36.655,36.655,36.655,36.655,36.655,36.655,36.655,36.156,36.156,36.156,36.156,36.156,36.156,36.156,36.156,35.209,35.209,35.209,35.209,35.209,35.209,35.209,35.209,35.953,35.953,35.953,35.953,35.953,35.953,35.953,35.953,36.089,36.089,36.089,36.089,36.089,36.089,36.089,36.089,36.826,36.826,36.826,36.826,36.826,36.826,36.826,36.826,36.946,36.946,36.946,36.946,36.946,36.946,36.946,36.946,37.746,37.746,37.746,37.746,37.746,37.746,37.746,37.746,40.391,40.391,40.391,40.391,40.391,40.391,40.391,40.391,40.013,40.013,40.013,40.013,40.013,40.013,40.013,40.013,40.168,40.168,40.168,40.168,40.168,40.168,40.168,40.168,38.433,38.433,38.433,38.433,38.433,38.433,38.433,38.433,37.412,37.412,37.412,37.412,37.412,37.412,37.412,37.412,34.914,34.914,34.914,34.914,34.914,34.914,34.914,34.914,34.795,34.795,34.795,34.795,34.795,34.795,34.795,34.795,34.984,34.984,34.984,34.984,34.984,34.984,34.984,34.984,35.515,35.515,35.515,35.515,35.515,35.515,35.515,35.515,35.966,35.966,35.966,35.966,35.966,35.966,35.966,35.966,33.823,33.823,33.823,33.823,33.823,33.823,33.823,33.823,34.776,34.776,34.776,34.776,34.776,34.776,34.776,34.776,36.686,36.686,36.686,36.686,36.686,36.686,36.686,36.686,38.344,38.344,38.344,38.344,38.344,38.344,38.344,38.344,38.245,38.245,38.245,38.245,38.245,38.245,38.245,38.245,36.966,36.966,36.966,36.966
83.5,35.269,35.269,35.269,35.269,36.835,36.835,36.835,36.835,36.835,36.835,36.835,36.835,33.693,33.693,33.693,33.693,33.693,33.693,33.693,33.693,34.067,34.067,34.067,34.067,34.067,34.067,34.067,34.067,33.713,33.713,33.713,33.713,33.713,33.713,33.713,33.713,31.755,31.755,31.755,31.755,31.755,31.755,31.755,31.755,34.125,34.125,34.125,34.125,34.125,34.125,34.125,34.125,32.973,32.973,32.973,32.973,32.973,32.973,32.973,32.973,30.726,30.726,30.726,30.726,30.726,30.726,30.726,30.726,30.734,30.734,30.734,30.734,30.734,30.734,30.734,30.734,32.889,32.889,32.889,32.889,32.889,32.889,32.889,32.889,30.535,30.535,30.535,30.535,30.535,30.535,30.535,30.535,30.981,30.981,30.981,30.981,30.981,30.981,30.981,30.981,30.944,30.944,30.944,30.944,30.944,30.944,30.944,30.944,30.366,30.366,30.366,30.366,30.366,30.366,30.366,30.366,30.763,30.763,30.763,30.763,30.763,30.763,30.763,30.763,31.175,31.175,31.175,31.175,31.175,31.175,31.175,31.175,30.582,30.582,30.582,30.582,30.582,30.582,30.582,30.582,30.967,30.967,30.967,30.967,30.967,30.967,30.967,30.967,31.582,31.582,31.582,31.582,31.582,31.582,31.582,31.582,31.864,31.864,31.864,31.864,31.864,31.864,31.864,31.864,31.751,31.751,31.751,31.751,31.751,31.751,31.751,31.751,31.567,31.567,31.567,31.567,31.567,31.567,31.567,31.567,30.642,30.642,30.642,30.642,30.642,30.642,30.642,30.642,30.753,30.753,30.753,30.753,30.753,30.753,30.753,30.753,32.403,32.403,32.403,32.403,32.403,32.403,32.403,32.403,31.632,31.632,31.632,31.632,31.632,31.632,31.632,31.632,33.461,33.461,33.461,33.461,33.461,33.461,33.461,33.461,32.475,32.475,32.475,32.475,32.475,32.475,32.475,32.475,32.733,32.733,32.733,32.733,32.733,32.733,32.733,32.733,35.537,35.537,35.537,35.537,35.537,35.537,35.537,35.537,34.58,34.58,34.58,34.58,34.58,34.58,34.58,34.58,35.494,35.494,35.494,35.494,35.494,35.494,35.494,35.494,35.311,35.311,35.311,35.311,35.311,35.311,35.311,35.311,34.06,34.06,34.06,34.06,34.06,34.06,34.06,34.06,32.641,32.641,32.641,32.641,32.641,32.641,32.641,32.641,32.454,32.454,32.454,32.454,32.454,32.454,32.454,32.454,32.461,32.461,32.461,32.461,32.461,32.461,32.461,32.461,32.163,32.163,32.163,32.163,32.163,32.163,32.163,32.163,31.637,31.637,31.637,31.637,31.637,31.637,31.637,31.637,30.551,30.551,30.551,30.551,30.551,30.551,30.551,30.551,30.209,30.209,30.209,30.209,30.209,30.209,30.209,30.209,31.207,31.207,31.207,31.207,31.207,31.207,31.207,31.207,33.818,33.818,33.818,33.818,33.818,33.818,33.818,33.818,32.169,32.169,32.169,32.169,32.169,32.169,32.169,32.169,35.269,35.269,35.269,35.269
84.5,30.818,30.818,30.818,30.818,29.684,29.684,29.684,29.684,29.684,29.684,29.684,29.684,30.11,30.11,30.11,30.11,30.11,30.11,30.11,30.11,27.37,27.37,27.37,27.37,27.37,27.37,27.37,27.37,29.279,29.279,29.279,29.279,29.279,29.279,29.279,29.279,29.537,29.537,29.537,29.537,29.537,29.537,29.537,29.537,28.547,28.547,28.547,28.547,28.547,28.547,28.547,28.547,27.907,27.907,27.907,27.907,27.907,27.907,27.907,27.907,27.28,27.28,27.28,27.28,27.28,27.28,27.28,27.28,26.15,26.15,26.15,26.15,26.15,26.15,26.15,26.15,29.683,29.683,29.683,29.683,29.683,29.683,29.683,29.683,28.176,28.176,28.176,28.176,28.176,28.176,28.176,28.176,26.237,26.237,26.237,26.237,26.237,26.237,26.237,26.237,25.392,25.392,25.392,25.392,25.392,25.392,25.392,25.392,25.828,25.828,25.828,25.828,25.828,25.828,25.828,25.828,27.038,27.038,27.038,27.038,27.038,27.038,27.038,27.038,26.27,26.27,26.27,26.27,26.27,26.27,26.27,26.27,26.394,26.394,26.394,26.394,26.394,26.394,26.394,26.394,26.491,26.491,26.491,26.491,26.491,26.491,26.491,26.491,27.115,27.115,27.115,27.115,27.115,27.115,27.115,27.115,26.324,26.324,26.324,26.324,26.324,26.324,26.324,26.324,26.233,26.233,26.233,26.233,26.233,26.233,26.233,26.233,25.61,25.61,25.61,25.61,25.61,25.61,25.61,25.61,26.259,26.259,26.259,26.259,26.259,26.259,26.259,26.259,26.782,26.782,26.782,26.782,26.782,26.782,26.782,26.782,27.655,27.655,27.655,27.655,27.655,27.655,27.655,27.655,27.281,27.281,27.281,27.281,27.281,27.281,27.281,27.281,29.067,29.067,29.067,29.067,29.067,29.067,29.067,29.067,28.045,28.045,28.045,28.045,28.045,28.045,28.045,28.045,28.013,28.013,28.013,28.013,28.013,28.013,28.013,28.013,29.245,29.245,29.245,29.245,29.245,29.245,29.245,29.245,31.001,31.001,31.001,31.001,31.001,31.001,31.001,31.001,30.276,30.276,30.276,30.276,30.276,30.276,30.276,30.276,30.91,30.91,30.91,30.91,30.91,30.91,30.91,30.91,32.16,32.16,32.16,32.16,32.16,32.16,32.16,32.16,31.073,31.073,31.073,31.073,31.073,31.073,31.073,31.073,28.971,28.971,28.971,28.971,28.971,28.971,28.971,28.971,27.728,27.728,27.728,27.728,27.728,27.728,27.728,27.728,27.311,27.311,27.311,27.311,27.311,27.311,27.311,27.311,27.079,27.079,27.079,27.079,27.079,27.079,27.079,27.079,26.771,26.771,26.771,26.771,26.771,26.771,26.771,26.771,27.301,27.301,27.301,27.301,27.301,27.301,27.301,27.301,30.398,30.398,30.398,30.398,30.398,30.398,30.398,30.398,29.279,29.279,29.279,29.279,29.279,29.279,29.279,29.279,31.468,31.468,31.468,31.468,31.468,31.468,31.468,31.468,30.818,30.818,30.818,30.818
85.5,24.466,24.466,24.466,24.466,23.516,23.516,23.516,23.516,23.516,23.516,23.516,23.516,24.741,24.741,24.741,24.741,24.741,24.741,24.741,24.741,24.493,24.493,24.493,24.493,24.493,24.493,24.493,24.493,23.651,23.651,23.651,23.651,23.651,23.651,23.651,23.651,24.322,24.322,24.322,24.322,24.322,24.322,24.322,24.322,24.124,24.124,24.124,24.124,24.124,24.124,24.124,24.124,23.26,23.26,23.26,23.26,23.26,23.26,23.26,23.26,21.936,21.936,21.936,21.936,21.936,21.936,21.936,21.936,22.009,22.009,22.009,22.009,22.009,22.009,22.009,22.009,23.686,23.686,23.686,23.686,23.686,23.686,23.686,23.686,24.663,24.663,24.663,24.663,24.663,24.663,24.663,24.663,23.447,23.447,23.447,23.447,23.447,23.447,23.447,23.447,21.118,21.118,21.118,21.118,21.118,21.118,21.118,21.118,21.777,21.777,21.777,21.777,21.777,21.777,21.777,21.777,21.992,21.992,21.992,21.992,21.992,21.992,21.992,21.992,22.212,22.212,22.212,22.212,22.212,22.212,22.212,22.212,21.925,21.925,21.925,21.925,21.925,21.925,21.925,21.925,22.014,22.014,22.014,22.014,22.014,22.014,22.014,22.014,21.23,21.23,21.23,21.23,21.23,21.23,21.23,21.23,21.335,21.335,21.335,21.335,21.335,21.335,21.335,21.335,22.088,22.088,22.088,22.088,22.088,22.088,22.088,22.088,22.09,22.09,22.09,22.09,22.09,22.09,22.09,22.09,22.349,22.349,22.349,22.349,22.349,22.349,22.349,22.349,22.381,22.381,22.381,22.381,22.381,22.381,22.381,22.381,22.49,22.49,22.49,22.49,22.49,22.49,22.49,22.49,22.389,22.389,22.389,22.389,22.389,22.389,22.389,22.389,24.973,24.973,24.973,24.973,24.973,24.973,24.973,24.973,23.092,23.092,23.092,23.092,23.092,23.092,23.092,23.092,24.578,24.578,24.578,24.578,24.578,24.578,24.578,24.578,24.599,24.599,24.599,24.599,24.599,24.599,24.599,24.599,25.662,25.662,25.662,25.662,25.662,25.662,25.662,25.662,26.05,26.05,26.05,26.05,26.05,26.05,26.05,26.05,25.754,25.754,25.754,25.754,25.754,25.754,25.754,25.754,26.441,26.441,26.441,26.441,26.441,26.441,26.441,26.441,27.596,27.596,27.596,27.596,27.596,27.596,27.596,27.596,26.02,26.02,26.02,26.02,26.02,26.02,26.02,26.02,25.74,25.74,25.74,25.74,25.74,25.74,25.74,25.74,25.385,25.385,25.385,25.385,25.385,25.385,25.385,25.385,26.577,26.577,26.577,26.577,26.577,26.577,26.577,26.577,27.43,27.43,27.43,27.43,27.43,27.43,27.43,27.43,26.86,26.86,26.86,26.86,26.86,26.86,26.86,26.86,25.338,25.338,25.338,25.338,25.338,25.338,25.338,25.338,26.338,26.338,26.338,26.338,26.338,26.338,26.338,26.338,25.758,25.758,25.758,25.758,25.758,25.758,25.758,25.758,24.466,24.466,24.466,24.466
86.5,18.878,18.878,18.878,18.878,18.946,18.946,18.946,18.946,18.946,18.946,18.946,18.946,18.302,18.302,18.302,18.302,18.302,18.302,18.302,18.302,18.901,18.901,18.901,18.901,18.901,18.901,18.901,18.901,17.195,17.195,17.195,17.195,17.195,17.195,17.195,17.195,16.738,16.738,16.738,16.738,16.738,16.738,16.738,16.738,18.205,18.205,18.205,18.205,18.205,18.205,18.205,18.205,17.109,17.109,17.109,17.109,17.109,17.109,17.109,17.109,15.822,15.822,15.822,15.822,15.822,15.822,15.822,15.822,18.471,18.471,18.471,18.471,18.471,18.471,18.471,18.471,19.207,19.207,19.207,19.207,19.207,19.207,19.207,19.207,19.799,19.799,19.799,19.799,19.799,19.799,19.799,19.799,20.595,20.595,20.595,20.595,20.595,20.595,20.595,20.595,18.799,18.799,18.799,18.799,18.799,18.799,18.799,18.799,16.953,16.953,16.953,16.953,16.953,16.953,16.953,16.953,17.995,17.995,17.995,17.995,17.995,17.995,17.995,17.995,18.209,18.209,18.209,18.209,18.209,18.209,18.209,18.209,18.02,18.02,18.02,18.02,18.02,18.02,18.02,18.02,18.042,18.042,18.042,18.042,18.042,18.042,18.042,18.042,17.427,17.427,17.427,17.427,17.427,17.427,17.427,17.427,17.312,17.312,17.312,17.312,17.312,17.312,17.312,17.312,17.666,17.666,17.666,17.666,17.666,17.666,17.666,17.666,17.842,17.842,17.842,17.842,17.842,17.842,17.842,17.842,17.394,17.394,17.394,17.394,17.394,17.394,17.394,17.394,17.564,17.564,17.564,17.564,17.564,17.564,17.564,17.564,17.725,17.725,17.725,17.725,17.725,17.725,17.725,17.725,17.747,17.747,17.747,17.747,17.747,17.747,17.747,17.747,18.113,18.113,18.113,18.113,18.113,18.113,18.113,18.113,20.193,20.193,20.193,20.193,20.193,20.193,20.193,20.193,20.883,20.883,20.883,20.883,20.883,20.883,20.883,20.883,20.255,20.255,20.255,20.255,20.255,20.255,20.255,20.255,20.106,20.106,20.106,20.106,20.106,20.106,20.106,20.106,19.409,19.409,19.409,19.409,19.409,19.409,19.409,19.409,19.295,19.295,19.295,19.295,19.295,19.295,19.295,19.295,21.149,21.149,21.149,21.149,21.149,21.149,21.149,21.149,22.349,22.349,22.349,22.349,22.349,22.349,22.349,22.349,21.336,21.336,21.336,21.336,21.336,21.336,21.336,21.336,21.826,21.826,21.826,21.826,21.826,21.826,21.826,21.826,22.759,22.759,22.759,22.759,22.759,22.759,22.759,22.759,22.57,22.57,22.57,22.57,22.57,22.57,22.57,22.57,21.547,21.547,21.547,21.547,21.547,21.547,21.547,21.547,19.649,19.649,19.649,19.649,19.649,19.649,19.649,19.649,20.448,20.448,20.448,20.448,20.448,20.448,20.448,20.448,21.768,21.768,21.768,21.768,21.768,21.768,21.768,21.768,20.838,20.838,20.838,20.838,20.838,20.838,20.838,20.838,18.878,18.878,18.878,18.878
87.5,12.482,12.482,12.482,12.482,11.727,11.727,11.727,11.727,11.727,11.727,11.727,11.727,12,12,12,12,12,12,12,12,10.885,10.885,10.885,10.885,10.885,10.885,10.885,10.885,11.236,11.236,11.236,11.236,11.236,11.236,11.236,11.236,11.775,11.775,11.775,11.775,11.775,11.775,11.775,11.775,11.862,11.862,11.862,11.862,11.862,11.862,11.862,11.862,11.904,11.904,11.904,11.904,11.904,11.904,11.904,11.904,11.721,11.721,11.721,11.721,11.721,11.721,11.721,11.721,11.823,11.823,11.823,11.823,11.823,11.823,11.823,11.823,12.503,12.503,12.503,12.503,12.503,12.503,12.503,12.503,12.415,12.415,12.415,12.415,12.415,12.415,12.415,12.415,11.845,11.845,11.845,11.845,11.845,11.845,11.845,11.845,11.558,11.558,11.558,11.558,11.558,11.558,11.558,11.558,12.133,12.133,12.133,12.133,12.133,12.133,12.133,12.133,11.625,11.625,11.625,11.625,11.625,11.625,11.625,11.625,12.32,12.32,12.32,12.32,12.32,12.32,12.32,12.32,11.928,11.928,11.928,11.928,11.928,11.928,11.928,11.928,12.542,12.542,12.542,12.542,12.542,12.542,12.542,12.542,12.41,12.41,12.41,12.41,12.41,12.41,12.41,12.41,12.383,12.383,12.383,12.383,12.383,12.383,12.383,12.383,12.527,12.527,12.527,12.527,12.527,12.527,12.527,12.527,12.503,12.503,12.503,12.503,12.503,12.503,12.503,12.503,12.127,12.127,12.127,12.127,12.127,12.127,12.127,12.127,12.946,12.946,12.946,12.946,12.946,12.946,12.946,12.946,12.898,12.898,12.898,12.898,12.898,12.898,12.898,12.898,12.503,12.503,12.503,12.503,12.503,12.503,12.503,12.503,12.999,12.999,12.999,12.999,12.999,12.999,12.999,12.999,16.321,16.321,16.321,16.321,16.321,16.321,16.321,16.321,12.905,12.905,12.905,12.905,12.905,12.905,12.905,12.905,14.572,14.572,14.572,14.572,14.572,14.572,14.572,14.572,14.884,14.884,14.884,14.884,14.884,14.884,14.884,14.884,12.692,12.692,12.692,12.692,12.692,12.692,12.692,12.692,13.1,13.1,13.1,13.1,13.1,13.1,13.1,13.1,12.98,12.98,12.98,12.98,12.98,12.98,12.98,12.98,12.879,12.879,12.879,12.879,12.879,12.879,12.879,12.879,12.945,12.945,12.945,12.945,12.945,12.945,12.945,12.945,13.407,13.407,13.407,13.407,13.407,13.407,13.407,13.407,14.004,14.004,14.004,14.004,14.004,14.004,14.004,14.004,14.673,14.673,14.673,14.673,14.673,14.673,14.673,14.673,14.617,14.617,14.617,14.617,14.617,14.617,14.617,14.617,14.213,14.213,14.213,14.213,14.213,14.213,14.213,14.213,14.906,14.906,14.906,14.906,14.906,14.906,14.906,14.906,15.014,15.014,15.014,15.014,15.014,15.014,15.014,15.014,13.549,13.549,13.549,13.549,13.549,13.549,13.549,13.549,12.482,12.482,12.482,12.482
88.5,8.4904,8.4904,8.4904,8.4904,8.1483,8.1483,8.1483,8.1483,8.1483,8.1483,8.1483,8.1483,7.9272,7.9272,7.9272,7.9272,7.9272,7.9272,7.9272,7.9272,7.7945,7.7945,7.7945,7.7945,7.7945,7.7945,7.7945,7.7945,7.849,7.849,7.849,7.849,7.849,7.849,7.849,7.849,7.8275,7.8275,7.8275,7.8275,7.8275,7.8275,7.8275,7.8275,7.662,7.662,7.662,7.662,7.662,7.662,7.662,7.662,7.5319,7.5319,7.5319,7.5319,7.5319,7.5319,7.5319,7.5319,7.5875,7.5875,7.5875,7.5875,7.5875,7.5875,7.5875,7.5875,6.6945,6.6945,6.6945,6.6945,6.6945,6.6945,6.6945,6.6945,6.3616,6.3616,6.3616,6.3616,6.3616,6.3616,6.3616,6.3616,6.1383,6.1383,6.1383,6.1383,6.1383,6.1383,6.1383,6.1383,6.3758,6.3758,6.3758,6.3758,6.3758,6.3758,6.3758,6.3758,6.0367,6.0367,6.0367,6.0367,6.0367,6.0367,6.0367,6.0367,5.9676,5.9676,5.9676,5.9676,5.9676,5.9676,5.9676,5.9676,6.7988,6.7988,6.7988,6.7988,6.7988,6.7988,6.7988,6.7988,7.3566,7.3566,7.3566,7.3566,7.3566,7.3566,7.3566,7.3566,7.4169,7.4169,7.4169,7.4169,7.4169,7.4169,7.4169,7.4169,7.5914,7.5914,7.5914,7.5914,7.5914,7.5914,7.5914,7.5914,7.7063,7.7063,7.7063,7.7063,7.7063,7.7063,7.7063,7.7063,7.7654,7.7654,7.7654,7.7654,7.7654,7.7654,7.7654,7.7654,7.8442,7.8442,7.8442,7.8442,7.8442,7.8442,7.8442,7.8442,8.0407,8.0407,8.0407,8.0407,8.0407,8.0407,8.0407,8.0407,8.265,8.265,8.265,8.265,8.265,8.265,8.265,8.265,8.008,8.008,8.008,8.008,8.008,8.008,8.008,8.008,8.0334,8.0334,8.0334,8.0334,8.0334,8.0334,8.0334,8.0334,7.9851,7.9851,7.9851,7.9851,7.9851,7.9851,7.9851,7.9851,8.067,8.067,8.067,8.067,8.067,8.067,8.067,8.067,8.3908,8.3908,8.3908,8.3908,8.3908,8.3908,8.3908,8.3908,8.4746,8.4746,8.4746,8.4746,8.4746,8.4746,8.4746,8.4746,8.1846,8.1846,8.1846,8.1846,8.1846,8.1846,8.1846,8.1846,8.4544,8.4544,8.4544,8.4544,8.4544,8.4544,8.4544,8.4544,9.2398,9.2398,9.2398,9.2398,9.2398,9.2398,9.2398,9.2398,9.1003,9.1003,9.1003,9.1003,9.1003,9.1003,9.1003,9.1003,8.9619,8.9619,8.9619,8.9619,8.9619,8.9619,8.9619,8.9619,8.8574,8.8574,8.8574,8.8574,8.8574,8.8574,8.8574,8.8574,8.7938,8.7938,8.7938,8.7938,8.7938,8.7938,8.7938,8.7938,8.8508,8.8508,8.8508,8.8508,8.8508,8.8508,8.8508,8.8508,8.5513,8.5513,8.5513,8.5513,8.5513,8.5513,8.5513,8.5513,9.0195,9.0195,9.0195,9.0195,9.0195,9.0195,9.0195,9.0195,9.259,9.259,9.259,9.259,9.259,9.259,9.259,9.259,9.0457,9.0457,9.0457,9.0457,9.0457,9.0457,9.0457,9.0457,8.8325,8.8325,8.8325,8.8325,8.8325,8.8325,8.8325,8.8325,8.7235,8.7235,8.7235,8.7235,8.7235,8.7235,8.7235,8.7235,8.5947,8.5947,8.5947,8.5947,8.5947,8.5947,8.5947,8.5947,8.4904,8.4904,8.4904,8.4904
89.5,3.6125,3.6125,3.6125,3.6125,3.6125,3.6125,3.6125,3.6125,3.6125,3.6125,3.6125,3.6125,3.6125,3.6125,3.6125,3.6125,3.6125,3.6125,3.6125,3.6125,3.6125,3.6125,3.6125,3.6125,3.6125,3.6125,3.6125,3.6125,3.6125,3.6125,3.6125,3.6125,3.6125,3.6125,3.6125,3.6125,3.6125,3.6125,3.6125,3.6125,3.6125,3.6125,3.6125,3.6125,3.6125,3.6125,3.6125,3.6125,3.6125,3.6125,3.6125,3.6125,3.6125,3.6125,3.6125,3.6125,3.6125,3.6125,3.6125,3.6125,3.6125,3.6125,3.6125,3.6125,3.6125,3.6125,3.6125,3.6125,3.6125,3.6125,3.6125,3.6125,3.6125,3.6125,3.6125,3.6125,3.6125,3.6125,3.6125,3.6125,3.6125,3.6125,3.6125,3.6125,3.6125,3.6125,3.6125,3.6125,3.6125,3.6125,3.6125,3.6125,3.6125,3.6125,3.6125,3.6125,3.6125,3.6125,3.6125,3.6125,3.6125,3.6125,3.6125,3.6125,3.6125,3.6125,3.6125,3.6125,3.6125,3.6125,3.6125,3.6125,3.6125,3.6125,3.6125,3.6125,3.6125,3.6125,3.6125,3.6125,3.6125,3.6125,3.6125,3.6125,3.6125,3.6125,3.6125,3.6125,3.6125,3.6125,3.6125,3.6125,3.6125,3.6125,3.6125,3.6125,3.6125,3.6125,3.6125,3.6125,3.6125,3.6125,3.6125,3.6125,3.6125,3.6125,3.6125,3.6125,3.6125,3.6125,3.6125,3.6125,3.6125,3.6125,3.6125,3.6125,3.6125,3.6125,3.6125,3.6125,3.6125,3.6125,3.6125,3.6125,3.6125,3.6125,3.6125,3.6125,3.6125,3.6125,3.6125,3.6125,3.6125,3.6125,3.6125,3.6125,3.6125,3.6125,3.6125,3.6125,3.6125,3.6125,3.6125,3.6125,3.6125,3.6125,3.6125,3.6125,3.6125,3.6125,3.6125,3.6125,3.6125,3.6125,3.6125,3.6125,3.6125,3.6125,3.6125,3.6125,3.6125,3.6125,3.6125,3.6125,3.6125,3.6125,3.6125,3.6125,3.6125,3.6125,3.6125,3.6125,3.6125,3.6125,3.6125,3.6125,3.6125,3.6125,3.6125,3.6125,3.6125,3.6125,3.6125,3.6125,3.6125,3.6125,3.6125,3.6125,3.6125,3.6125,3.6125,3.6125,3.6125,3.6125,3.6125,3.6125,3.6125,3.6125,3.6125,3.6125,3.6125,3.6125,3.6125,3.6125,3.6125,3.6125,3.6125,3.6125,3.6125,3.6125,3.6125,3.6125,3.6125,3.6125,3.6125,3.6125,3.6125,3.6125,3.6125,3.6125,3.6125,3.6125,3.6125,3.6125,3.6125,3.6125,3.6125,3.6125,3.6125,3.6125,3.6125,3.6125,3.6125,3.6125,3.6125,3.6125,3.6125,3.6125,3.6125,3.6125,3.6125,3.6125,3.6125,3.6125,3.6125,3.6125,3.6125,3.6125,3.6125,3.6125,3.6125,3.6125,3.6125,3.6125,3.6125,3.6125,3.6125,3.6125,3.6125,3.6125,3.6125,3.6125,3.6125,3.6125,3.6125,3.6125,3.6125,3.6125,3.6125,3.6125,3.6125,3.6125,3.6125,3.6125,3.6125,3.6125,3.6125,3.6125,3.6125,3.6125,3.6125,3.6125,3.6125,3.6125,3.6125,3.6125,3.6125,3.6125,3.6125,3.6125,3.6125,3.6125,3.6125,3.6125,3.6125,3.6125,3.6125,3.6125,3.6125,3.6125,3.6125,3.6125,3.6125,3.6125,3.6125,3.6125,3.6125,3.6125,3.6125,3.6125,3.6125,3.6125,3.6125,3.6125,3.6125,3.6125,3.6125,3.6125,3.6125,3.6125
