NaN,0.5,1.5,2.5,3.5,4.5,5.5,6.5,7.5,8.5,9.5,10.5,11.5,12.5,13.5,14.5,15.5,16.5,17.5,18.5,19.5,20.5,21.5,22.5,23.5,24.5,25.5,26.5,27.5,28.5,29.5,30.5,31.5,32.5,33.5,34.5,35.5,36.5,37.5,38.5,39.5,40.5,41.5,42.5,43.5,44.5,45.5,46.5,47.5,48.5,49.5,50.5,51.5,52.5,53.5,54.5,55.5,56.5,57.5,58.5,59.5,60.5,61.5,62.5,63.5,64.5,65.5,66.5,67.5,68.5,69.5,70.5,71.5,72.5,73.5,74.5,75.5,76.5,77.5,78.5,79.5,80.5,81.5,82.5,83.5,84.5,85.5,86.5,87.5,88.5,89.5,90.5,91.5,92.5,93.5,94.5,95.5,96.5,97.5,98.5,99.5,100.5,101.5,102.5,103.5,104.5,105.5,106.5,107.5,108.5,109.5,110.5,111.5,112.5,113.5,114.5,115.5,116.5,117.5,118.5,119.5,120.5,121.5,122.5,123.5,124.5,125.5,126.5,127.5,128.5,129.5,130.5,131.5,132.5,133.5,134.5,135.5,136.5,137.5,138.5,139.5,140.5,141.5,142.5,143.5,144.5,145.5,146.5,147.5,148.5,149.5,150.5,151.5,152.5,153.5,154.5,155.5,156.5,157.5,158.5,159.5,160.5,161.5,162.5,163.5,164.5,165.5,166.5,167.5,168.5,169.5,170.5,171.5,172.5,173.5,174.5,175.5,176.5,177.5,178.5,179.5,180.5,181.5,182.5,183.5,184.5,185.5,186.5,187.5,188.5,189.5,190.5,191.5,192.5,193.5,194.5,195.5,196.5,197.5,198.5,199.5,200.5,201.5,202.5,203.5,204.5,205.5,206.5,207.5,208.5,209.5,210.5,211.5,212.5,213.5,214.5,215.5,216.5,217.5,218.5,219.5,220.5,221.5,222.5,223.5,224.5,225.5,226.5,227.5,228.5,229.5,230.5,231.5,232.5,233.5,234.5,235.5,236.5,237.5,238.5,239.5,240.5,241.5,242.5,243.5,244.5,245.5,246.5,247.5,248.5,249.5,250.5,251.5,252.5,253.5,254.5,255.5,256.5,257.5,258.5,259.5,260.5,261.5,262.5,263.5,264.5,265.5,266.5,267.5,268.5,269.5,270.5,271.5,272.5,273.5,274.5,275.5,276.5,277.5,278.5,279.5,280.5,281.5,282.5,283.5,284.5,285.5,286.5,287.5,288.5,289.5,290.5,291.5,292.5,293.5,294.5,295.5,296.5,297.5,298.5,299.5,300.5,301.5,302.5,303.5,304.5,305.5,306.5,307.5,308.5,309.5,310.5,311.5,312.5,313.5,314.5,315.5,316.5,317.5,318.5,319.5,320.5,321.5,322.5,323.5,324.5,325.5,326.5,327.5,328.5,329.5,330.5,331.5,332.5,333.5,334.5,335.5,336.5,337.5,338.5,339.5,340.5,341.5,342.5,343.5,344.5,345.5,346.5,347.5,348.5,349.5,350.5,351.5,352.5,353.5,354.5,355.5,356.5,357.5,358.5,359.5
-89.5,0,0,0,0,0,0,0,0,0,0,0,0,0,0,0,0,0,0,0,0,0,0,0,0,0,0,0,0,0,0,0,0,0,0,0,0,0,0,0,0,0,0,0,0,0,0,0,0,0,0,0,0,0,0,0,0,0,0,0,0,0,0,0,0,0,0,0,0,0,0,0,0,0,0,0,0,0,0,0,0,0,0,0,0,0,0,0,0,0,0,0,0,0,0,0,0,0,0,0,0,0,0,0,0,0,0,0,0,0,0,0,0,0,0,0,0,0,0,0,0,0,0,0,0,0,0,0,0,0,0,0,0,0,0,0,0,0,0,0,0,0,0,0,0,0,0,0,0,0,0,0,0,0,0,0,0,0,0,0,0,0,0,0,0,0,0,0,0,0,0,0,0,0,0,0,0,0,0,0,0,0,0,0,0,0,0,0,0,0,0,0,0,0,0,0,0,0,0,0,0,0,0,0,0,0,0,0,0,0,0,0,0,0,0,0,0,0,0,0,0,0,0,0,0,0,0,0,0,0,0,0,0,0,0,0,0,0,0,0,0,0,0,0,0,0,0,0,0,0,0,0,0,0,0,0,0,0,0,0,0,0,0,0,0,0,0,0,0,0,0,0,0,0,0,0,0,0,0,0,0,0,0,0,0,0,0,0,0,0,0,0,0,0,0,0,0,0,0,0,0,0,0,0,0,0,0,0,0,0,0,0,0,0,0,0,0,0,0,0,0,0,0,0,0,0,0,0,0,0,0,0,0,0,0,0,0,0,0,0,0,0,0,0,0,0,0,0,0,0,0,0,0,0,0,0,0,0,0,0,0
-88.5,0,0,0,0,0,0,0,0,0,0,0,0,0,0,0,0,0,0,0,0,0,0,0,0,0,0,0,0,0,0,0,0,0,0,0,0,0,0,0,0,0,0,0,0,0,0,0,0,0,0,0,0,0,0,0,0,0,0,0,0,0,0,0,0,0,0,0,0,0,0,0,0,0,0,0,0,0,0,0,0,0,0,0,0,0,0,0,0,0,0,0,0,0,0,0,0,0,0,0,0,0,0,0,0,0,0,0,0,0,0,0,0,0,0,0,0,0,0,0,0,0,0,0,0,0,0,0,0,0,0,0,0,0,0,0,0,0,0,0,0,0,0,0,0,0,0,0,0,0,0,0,0,0,0,0,0,0,0,0,0,0,0,0,0,0,0,0,0,0,0,0,0,0,0,0,0,0,0,0,0,0,0,0,0,0,0,0,0,0,0,0,0,0,0,0,0,0,0,0,0,0,0,0,0,0,0,0,0,0,0,0,0,0,0,0,0,0,0,0,0,0,0,0,0,0,0,0,0,0,0,0,0,0,0,0,0,0,0,0,0,0,0,0,0,0,0,0,0,0,0,0,0,0,0,0,0,0,0,0,0,0,0,0,0,0,0,0,0,0,0,0,0,0,0,0,0,0,0,0,0,0,0,0,0,0,0,0,0,0,0,0,0,0,0,0,0,0,0,0,0,0,0,0,0,0,0,0,0,0,0,0,0,0,0,0,0,0,0,0,0,0,0,0,0,0,0,0,0,0,0,0,0,0,0,0,0,0,0,0,0,0,0,0,0,0,0,0,0,0,0,0,0,0,0,0,0,0,0,0,0
-87.5,0.37053,0.37053,0.37053,0.37053,0.38254,0.38254,0.38254,0.38254,0.38254,0.38254,0.38254,0.38254,0.39799,0.39799,0.39799,0.39799,0.39799,0.39799,0.39799,0.39799,0.42329,0.42329,0.42329,0.42329,0.42329,0.42329,0.42329,0.42329,0.42952,0.42952,0.42952,0.42952,0.42952,0.42952,0.42952,0.42952,0.4498,0.4498,0.4498,0.4498,0.4498,0.4498,0.4498,0.4498,0.41326,0.41326,0.41326,0.41326,0.41326,0.41326,0.41326,0.41326,0.42692,0.42692,0.42692,0.42692,0.42692,0.42692,0.42692,0.42692,0.44547,0.44547,0.44547,0.44547,0.44547,0.44547,0.44547,0.44547,0.47134,0.47134,0.47134,0.47134,0.47134,0.47134,0.47134,0.47134,0.48647,0.48647,0.48647,0.48647,0.48647,0.48647,0.48647,0.48647,0.47698,0.47698,0.47698,0.47698,0.47698,0.47698,0.47698,0.47698,0.50043,0.50043,0.50043,0.50043,0.50043,0.50043,0.50043,0.50043,0.52173,0.52173,0.52173,0.52173,0.52173,0.52173,0.52173,0.52173,0.61242,0.61242,0.61242,0.61242,0.61242,0.61242,0.61242,0.61242,0.56271,0.56271,0.56271,0.56271,0.56271,0.56271,0.56271,0.56271,0.58416,0.58416,0.58416,0.58416,0.58416,0.58416,0.58416,0.58416,0.58585,0.58585,0.58585,0.58585,0.58585,0.58585,0.58585,0.58585,0.61977,0.61977,0.61977,0.61977,0.61977,0.61977,0.61977,0.61977,0.62525,0.62525,0.62525,0.62525,0.62525,0.62525,0.62525,0.62525,0.63499,0.63499,0.63499,0.63499,0.63499,0.63499,0.63499,0.63499,0.62211,0.62211,0.62211,0.62211,0.62211,0.62211,0.62211,0.62211,0.6175,0.6175,0.6175,0.6175,0.6175,0.6175,0.6175,0.6175,0.71345,0.71345,0.71345,0.71345,0.71345,0.71345,0.71345,0.71345,0.094156,0.094156,0.094156,0.094156,0.094156,0.094156,0.094156,0.094156,0.15019,0.15019,0.15019,0.15019,0.15019,0.15019,0.15019,0.15019,0.13549,0.13549,0.13549,0.13549,0.13549,0.13549,0.13549,0.13549,0.1383,0.1383,0.1383,0.1383,0.1383,0.1383,0.1383,0.1383,0.14653,0.14653,0.14653,0.14653,0.14653,0.14653,0.14653,0.14653,0.13919,0.13919,0.13919,0.13919,0.13919,0.13919,0.13919,0.13919,0.16547,0.16547,0.16547,0.16547,0.16547,0.16547,0.16547,0.16547,0.15657,0.15657,0.15657,0.15657,0.15657,0.15657,0.15657,0.15657,0.18802,0.18802,0.18802,0.18802,0.18802,0.18802,0.18802,0.18802,0.20704,0.20704,0.20704,0.20704,0.20704,0.20704,0.20704,0.20704,0.18018,0.18018,0.18018,0.18018,0.18018,0.18018,0.18018,0.18018,0.20287,0.20287,0.20287,0.20287,0.20287,0.20287,0.20287,0.20287,0.26599,0.26599,0.26599,0.26599,0.26599,0.26599,0.26599,0.26599,0.23539,0.23539,0.23539,0.23539,0.23539,0.23539,0.23539,0.23539,0.29678,0.29678,0.29678,0.29678,0.29678,0.29678,0.29678,0.29678,0.27415,0.27415,0.27415,0.27415,0.27415,0.27415,0.27415,0.27415,0.28403,0.28403,0.28403,0.28403,0.28403,0.28403,0.28403,0.28403,0.27898,0.27898,0.27898,0.27898,0.27898,0.27898,0.27898,0.27898,0.29864,0.29864,0.29864,0.29864,0.29864,0.29864,0.29864,0.29864,0.34264,0.34264,0.34264,0.34264,0.34264,0.34264,0.34264,0.34264,0.36569,0.36569,0.36569,0.36569,0.36569,0.36569,0.36569,0.36569,0.37053,0.37053,0.37053,0.37053
-86.5,3.085,3.085,3.085,3.085,3.0751,3.0751,3.0751,3.0751,3.0751,3.0751,3.0751,3.0751,2.9625,2.9625,2.9625,2.9625,2.9625,2.9625,2.9625,2.9625,3.2121,3.2121,3.2121,3.2121,3.2121,3.2121,3.2121,3.2121,3.2332,3.2332,3.2332,3.2332,3.2332,3.2332,3.2332,3.2332,3.2999,3.2999,3.2999,3.2999,3.2999,3.2999,3.2999,3.2999,3.3383,3.3383,3.3383,3.3383,3.3383,3.3383,3.3383,3.3383,3.1036,3.1036,3.1036,3.1036,3.1036,3.1036,3.1036,3.1036,3.1174,3.1174,3.1174,3.1174,3.1174,3.1174,3.1174,3.1174,4.5017,4.5017,4.5017,4.5017,4.5017,4.5017,4.5017,4.5017,3.5502,3.5502,3.5502,3.5502,3.5502,3.5502,3.5502,3.5502,3.5254,3.5254,3.5254,3.5254,3.5254,3.5254,3.5254,3.5254,3.9135,3.9135,3.9135,3.9135,3.9135,3.9135,3.9135,3.9135,3.862,3.862,3.862,3.862,3.862,3.862,3.862,3.862,3.9216,3.9216,3.9216,3.9216,3.9216,3.9216,3.9216,3.9216,3.7785,3.7785,3.7785,3.7785,3.7785,3.7785,3.7785,3.7785,4.2699,4.2699,4.2699,4.2699,4.2699,4.2699,4.2699,4.2699,3.7652,3.7652,3.7652,3.7652,3.7652,3.7652,3.7652,3.7652,4.1453,4.1453,4.1453,4.1453,4.1453,4.1453,4.1453,4.1453,4.033,4.033,4.033,4.033,4.033,4.033,4.033,4.033,3.2096,3.2096,3.2096,3.2096,3.2096,3.2096,3.2096,3.2096,3.3846,3.3846,3.3846,3.3846,3.3846,3.3846,3.3846,3.3846,3.3633,3.3633,3.3633,3.3633,3.3633,3.3633,3.3633,3.3633,3.001,3.001,3.001,3.001,3.001,3.001,3.001,3.001,3.6685,3.6685,3.6685,3.6685,3.6685,3.6685,3.6685,3.6685,3.4329,3.4329,3.4329,3.4329,3.4329,3.4329,3.4329,3.4329,3.9159,3.9159,3.9159,3.9159,3.9159,3.9159,3.9159,3.9159,3.6201,3.6201,3.6201,3.6201,3.6201,3.6201,3.6201,3.6201,2.8568,2.8568,2.8568,2.8568,2.8568,2.8568,2.8568,2.8568,2.3469,2.3469,2.3469,2.3469,2.3469,2.3469,2.3469,2.3469,1.9139,1.9139,1.9139,1.9139,1.9139,1.9139,1.9139,1.9139,2.3003,2.3003,2.3003,2.3003,2.3003,2.3003,2.3003,2.3003,2.9206,2.9206,2.9206,2.9206,2.9206,2.9206,2.9206,2.9206,2.9432,2.9432,2.9432,2.9432,2.9432,2.9432,2.9432,2.9432,3.036,3.036,3.036,3.036,3.036,3.036,3.036,3.036,2.8022,2.8022,2.8022,2.8022,2.8022,2.8022,2.8022,2.8022,2.7887,2.7887,2.7887,2.7887,2.7887,2.7887,2.7887,2.7887,2.9029,2.9029,2.9029,2.9029,2.9029,2.9029,2.9029,2.9029,2.9203,2.9203,2.9203,2.9203,2.9203,2.9203,2.9203,2.9203,2.8515,2.8515,2.8515,2.8515,2.8515,2.8515,2.8515,2.8515,2.9362,2.9362,2.9362,2.9362,2.9362,2.9362,2.9362,2.9362,2.9135,2.9135,2.9135,2.9135,2.9135,2.9135,2.9135,2.9135,2.9499,2.9499,2.9499,2.9499,2.9499,2.9499,2.9499,2.9499,3.032,3.032,3.032,3.032,3.032,3.032,3.032,3.032,3.1325,3.1325,3.1325,3.1325,3.1325,3.1325,3.1325,3.1325,3.085,3.085,3.085,3.085
-85.5,7.6697,7.6697,7.6697,7.6697,7.9197,7.9197,7.9197,7.9197,7.9197,7.9197,7.9197,7.9197,7.269,7.269,7.269,7.269,7.269,7.269,7.269,7.269,8.3022,8.3022,8.3022,8.3022,8.3022,8.3022,8.3022,8.3022,8.7736,8.7736,8.7736,8.7736,8.7736,8.7736,8.7736,8.7736,9.2933,9.2933,9.2933,9.2933,9.2933,9.2933,9.2933,9.2933,8.7809,8.7809,8.7809,8.7809,8.7809,8.7809,8.7809,8.7809,8.5141,8.5141,8.5141,8.5141,8.5141,8.5141,8.5141,8.5141,7.5472,7.5472,7.5472,7.5472,7.5472,7.5472,7.5472,7.5472,8.2292,8.2292,8.2292,8.2292,8.2292,8.2292,8.2292,8.2292,8.2879,8.2879,8.2879,8.2879,8.2879,8.2879,8.2879,8.2879,8.6161,8.6161,8.6161,8.6161,8.6161,8.6161,8.6161,8.6161,8.6033,8.6033,8.6033,8.6033,8.6033,8.6033,8.6033,8.6033,8.4243,8.4243,8.4243,8.4243,8.4243,8.4243,8.4243,8.4243,8.2308,8.2308,8.2308,8.2308,8.2308,8.2308,8.2308,8.2308,7.9455,7.9455,7.9455,7.9455,7.9455,7.9455,7.9455,7.9455,8.077,8.077,8.077,8.077,8.077,8.077,8.077,8.077,8.0443,8.0443,8.0443,8.0443,8.0443,8.0443,8.0443,8.0443,7.9392,7.9392,7.9392,7.9392,7.9392,7.9392,7.9392,7.9392,7.546,7.546,7.546,7.546,7.546,7.546,7.546,7.546,7.4267,7.4267,7.4267,7.4267,7.4267,7.4267,7.4267,7.4267,6.937,6.937,6.937,6.937,6.937,6.937,6.937,6.937,7.1174,7.1174,7.1174,7.1174,7.1174,7.1174,7.1174,7.1174,6.5505,6.5505,6.5505,6.5505,6.5505,6.5505,6.5505,6.5505,7.913,7.913,7.913,7.913,7.913,7.913,7.913,7.913,9.8605,9.8605,9.8605,9.8605,9.8605,9.8605,9.8605,9.8605,7.8733,7.8733,7.8733,7.8733,7.8733,7.8733,7.8733,7.8733,7.4532,7.4532,7.4532,7.4532,7.4532,7.4532,7.4532,7.4532,6.3687,6.3687,6.3687,6.3687,6.3687,6.3687,6.3687,6.3687,7.5397,7.5397,7.5397,7.5397,7.5397,7.5397,7.5397,7.5397,6.6473,6.6473,6.6473,6.6473,6.6473,6.6473,6.6473,6.6473,8.8776,8.8776,8.8776,8.8776,8.8776,8.8776,8.8776,8.8776,7.8384,7.8384,7.8384,7.8384,7.8384,7.8384,7.8384,7.8384,8.1729,8.1729,8.1729,8.1729,8.1729,8.1729,8.1729,8.1729,8.0063,8.0063,8.0063,8.0063,8.0063,8.0063,8.0063,8.0063,6.7829,6.7829,6.7829,6.7829,6.7829,6.7829,6.7829,6.7829,6.8052,6.8052,6.8052,6.8052,6.8052,6.8052,6.8052,6.8052,6.3791,6.3791,6.3791,6.3791,6.3791,6.3791,6.3791,6.3791,6.7975,6.7975,6.7975,6.7975,6.7975,6.7975,6.7975,6.7975,6.9227,6.9227,6.9227,6.9227,6.9227,6.9227,6.9227,6.9227,7.0044,7.0044,7.0044,7.0044,7.0044,7.0044,7.0044,7.0044,6.6288,6.6288,6.6288,6.6288,6.6288,6.6288,6.6288,6.6288,6.5397,6.5397,6.5397,6.5397,6.5397,6.5397,6.5397,6.5397,6.286,6.286,6.286,6.286,6.286,6.286,6.286,6.286,7.1903,7.1903,7.1903,7.1903,7.1903,7.1903,7.1903,7.1903,7.6697,7.6697,7.6697,7.6697
-84.5,13.697,13.697,13.697,13.697,11.786,11.786,11.786,11.786,11.786,11.786,11.786,11.786,11.167,11.167,11.167,11.167,11.167,11.167,11.167,11.167,11.114,11.114,11.114,11.114,11.114,11.114,11.114,11.114,11.822,11.822,11.822,11.822,11.822,11.822,11.822,11.822,12.503,12.503,12.503,12.503,12.503,12.503,12.503,12.503,12.281,12.281,12.281,12.281,12.281,12.281,12.281,12.281,12.32,12.32,12.32,12.32,12.32,12.32,12.32,12.32,12.504,12.504,12.504,12.504,12.504,12.504,12.504,12.504,12.602,12.602,12.602,12.602,12.602,12.602,12.602,12.602,11.569,11.569,11.569,11.569,11.569,11.569,11.569,11.569,11.317,11.317,11.317,11.317,11.317,11.317,11.317,11.317,11.556,11.556,11.556,11.556,11.556,11.556,11.556,11.556,14.573,14.573,14.573,14.573,14.573,14.573,14.573,14.573,12.895,12.895,12.895,12.895,12.895,12.895,12.895,12.895,12.932,12.932,12.932,12.932,12.932,12.932,12.932,12.932,12.256,12.256,12.256,12.256,12.256,12.256,12.256,12.256,12.295,12.295,12.295,12.295,12.295,12.295,12.295,12.295,12.592,12.592,12.592,12.592,12.592,12.592,12.592,12.592,13.297,13.297,13.297,13.297,13.297,13.297,13.297,13.297,11.471,11.471,11.471,11.471,11.471,11.471,11.471,11.471,11.621,11.621,11.621,11.621,11.621,11.621,11.621,11.621,13.191,13.191,13.191,13.191,13.191,13.191,13.191,13.191,13.49,13.49,13.49,13.49,13.49,13.49,13.49,13.49,12.971,12.971,12.971,12.971,12.971,12.971,12.971,12.971,11.375,11.375,11.375,11.375,11.375,11.375,11.375,11.375,11.43,11.43,11.43,11.43,11.43,11.43,11.43,11.43,11.801,11.801,11.801,11.801,11.801,11.801,11.801,11.801,9.4864,9.4864,9.4864,9.4864,9.4864,9.4864,9.4864,9.4864,8.9063,8.9063,8.9063,8.9063,8.9063,8.9063,8.9063,8.9063,11.282,11.282,11.282,11.282,11.282,11.282,11.282,11.282,12.326,12.326,12.326,12.326,12.326,12.326,12.326,12.326,11.621,11.621,11.621,11.621,11.621,11.621,11.621,11.621,11.082,11.082,11.082,11.082,11.082,11.082,11.082,11.082,9.6173,9.6173,9.6173,9.6173,9.6173,9.6173,9.6173,9.6173,11.365,11.365,11.365,11.365,11.365,11.365,11.365,11.365,11.79,11.79,11.79,11.79,11.79,11.79,11.79,11.79,12.788,12.788,12.788,12.788,12.788,12.788,12.788,12.788,12.174,12.174,12.174,12.174,12.174,12.174,12.174,12.174,11.042,11.042,11.042,11.042,11.042,11.042,11.042,11.042,11.332,11.332,11.332,11.332,11.332,11.332,11.332,11.332,11.602,11.602,11.602,11.602,11.602,11.602,11.602,11.602,11.767,11.767,11.767,11.767,11.767,11.767,11.767,11.767,11.809,11.809,11.809,11.809,11.809,11.809,11.809,11.809,12.409,12.409,12.409,12.409,12.409,12.409,12.409,12.409,13.697,13.697,13.697,13.697
-83.5,17.292,17.292,17.292,17.292,18.331,18.331,18.331,18.331,18.331,18.331,18.331,18.331,16.54,16.54,16.54,16.54,16.54,16.54,16.54,16.54,15.865,15.865,15.865,15.865,15.865,15.865,15.865,15.865,16.305,16.305,16.305,16.305,16.305,16.305,16.305,16.305,17.034,17.034,17.034,17.034,17.034,17.034,17.034,17.034,16.962,16.962,16.962,16.962,16.962,16.962,16.962,16.962,16.923,16.923,16.923,16.923,16.923,16.923,16.923,16.923,16.736,16.736,16.736,16.736,16.736,16.736,16.736,16.736,16.457,16.457,16.457,16.457,16.457,16.457,16.457,16.457,16.995,16.995,16.995,16.995,16.995,16.995,16.995,16.995,18.19,18.19,18.19,18.19,18.19,18.19,18.19,18.19,17.123,17.123,17.123,17.123,17.123,17.123,17.123,17.123,15.82,15.82,15.82,15.82,15.82,15.82,15.82,15.82,15.16,15.16,15.16,15.16,15.16,15.16,15.16,15.16,16.089,16.089,16.089,16.089,16.089,16.089,16.089,16.089,16.465,16.465,16.465,16.465,16.465,16.465,16.465,16.465,16.858,16.858,16.858,16.858,16.858,16.858,16.858,16.858,16.335,16.335,16.335,16.335,16.335,16.335,16.335,16.335,15.975,15.975,15.975,15.975,15.975,15.975,15.975,15.975,15.509,15.509,15.509,15.509,15.509,15.509,15.509,15.509,15.983,15.983,15.983,15.983,15.983,15.983,15.983,15.983,16.58,16.58,16.58,16.58,16.58,16.58,16.58,16.58,17.371,17.371,17.371,17.371,17.371,17.371,17.371,17.371,16.124,16.124,16.124,16.124,16.124,16.124,16.124,16.124,14.079,14.079,14.079,14.079,14.079,14.079,14.079,14.079,14.803,14.803,14.803,14.803,14.803,14.803,14.803,14.803,20.398,20.398,20.398,20.398,20.398,20.398,20.398,20.398,16.333,16.333,16.333,16.333,16.333,16.333,16.333,16.333,13.536,13.536,13.536,13.536,13.536,13.536,13.536,13.536,12.759,12.759,12.759,12.759,12.759,12.759,12.759,12.759,14.163,14.163,14.163,14.163,14.163,14.163,14.163,14.163,17.503,17.503,17.503,17.503,17.503,17.503,17.503,17.503,15.961,15.961,15.961,15.961,15.961,15.961,15.961,15.961,16.696,16.696,16.696,16.696,16.696,16.696,16.696,16.696,17.707,17.707,17.707,17.707,17.707,17.707,17.707,17.707,17.48,17.48,17.48,17.48,17.48,17.48,17.48,17.48,15.504,15.504,15.504,15.504,15.504,15.504,15.504,15.504,15.676,15.676,15.676,15.676,15.676,15.676,15.676,15.676,16.054,16.054,16.054,16.054,16.054,16.054,16.054,16.054,16.016,16.016,16.016,16.016,16.016,16.016,16.016,16.016,16.192,16.192,16.192,16.192,16.192,16.192,16.192,16.192,16.104,16.104,16.104,16.104,16.104,16.104,16.104,16.104,16.613,16.613,16.613,16.613,16.613,16.613,16.613,16.613,16.835,16.835,16.835,16.835,16.835,16.835,16.835,16.835,17.292,17.292,17.292,17.292
-82.5,20.851,20.851,20.851,20.851,22.544,22.544,22.544,22.544,22.544,22.544,22.544,22.544,21.641,21.641,21.641,21.641,21.641,21.641,21.641,21.641,20.556,20.556,20.556,20.556,20.556,20.556,20.556,20.556,20.887,20.887,20.887,20.887,20.887,20.887,20.887,20.887,21.616,21.616,21.616,21.616,21.616,21.616,21.616,21.616,21.449,21.449,21.449,21.449,21.449,21.449,21.449,21.449,20.574,20.574,20.574,20.574,20.574,20.574,20.574,20.574,20.88,20.88,20.88,20.88,20.88,20.88,20.88,20.88,20.525,20.525,20.525,20.525,20.525,20.525,20.525,20.525,23.593,23.593,23.593,23.593,23.593,23.593,23.593,23.593,21.477,21.477,21.477,21.477,21.477,21.477,21.477,21.477,21.06,21.06,21.06,21.06,21.06,21.06,21.06,21.06,22.739,22.739,22.739,22.739,22.739,22.739,22.739,22.739,22.147,22.147,22.147,22.147,22.147,22.147,22.147,22.147,21.745,21.745,21.745,21.745,21.745,21.745,21.745,21.745,21.257,21.257,21.257,21.257,21.257,21.257,21.257,21.257,20.857,20.857,20.857,20.857,20.857,20.857,20.857,20.857,20.683,20.683,20.683,20.683,20.683,20.683,20.683,20.683,20.439,20.439,20.439,20.439,20.439,20.439,20.439,20.439,19.56,19.56,19.56,19.56,19.56,19.56,19.56,19.56,21.91,21.91,21.91,21.91,21.91,21.91,21.91,21.91,21.548,21.548,21.548,21.548,21.548,21.548,21.548,21.548,21.206,21.206,21.206,21.206,21.206,21.206,21.206,21.206,20.449,20.449,20.449,20.449,20.449,20.449,20.449,20.449,18.686,18.686,18.686,18.686,18.686,18.686,18.686,18.686,23.224,23.224,23.224,23.224,23.224,23.224,23.224,23.224,21.147,21.147,21.147,21.147,21.147,21.147,21.147,21.147,20.697,20.697,20.697,20.697,20.697,20.697,20.697,20.697,19.268,19.268,19.268,19.268,19.268,19.268,19.268,19.268,20.608,20.608,20.608,20.608,20.608,20.608,20.608,20.608,20.406,20.406,20.406,20.406,20.406,20.406,20.406,20.406,20.304,20.304,20.304,20.304,20.304,20.304,20.304,20.304,21.666,21.666,21.666,21.666,21.666,21.666,21.666,21.666,21.061,21.061,21.061,21.061,21.061,21.061,21.061,21.061,19.719,19.719,19.719,19.719,19.719,19.719,19.719,19.719,18.207,18.207,18.207,18.207,18.207,18.207,18.207,18.207,18.945,18.945,18.945,18.945,18.945,18.945,18.945,18.945,20.714,20.714,20.714,20.714,20.714,20.714,20.714,20.714,20.799,20.799,20.799,20.799,20.799,20.799,20.799,20.799,20.132,20.132,20.132,20.132,20.132,20.132,20.132,20.132,20.343,20.343,20.343,20.343,20.343,20.343,20.343,20.343,20.509,20.509,20.509,20.509,20.509,20.509,20.509,20.509,20.601,20.601,20.601,20.601,20.601,20.601,20.601,20.601,20.969,20.969,20.969,20.969,20.969,20.969,20.969,20.969,20.851,20.851,20.851,20.851
-81.5,25.493,25.493,25.493,25.493,26.26,26.26,26.26,26.26,26.26,26.26,26.26,26.26,26.113,26.113,26.113,26.113,26.113,26.113,26.113,26.113,25.091,25.091,25.091,25.091,25.091,25.091,25.091,25.091,25.752,25.752,25.752,25.752,25.752,25.752,25.752,25.752,25.652,25.652,25.652,25.652,25.652,25.652,25.652,25.652,25.574,25.574,25.574,25.574,25.574,25.574,25.574,25.574,25.976,25.976,25.976,25.976,25.976,25.976,25.976,25.976,26.505,26.505,26.505,26.505,26.505,26.505,26.505,26.505,27.862,27.862,27.862,27.862,27.862,27.862,27.862,27.862,25.722,25.722,25.722,25.722,25.722,25.722,25.722,25.722,26.854,26.854,26.854,26.854,26.854,26.854,26.854,26.854,28.32,28.32,28.32,28.32,28.32,28.32,28.32,28.32,28.758,28.758,28.758,28.758,28.758,28.758,28.758,28.758,26.828,26.828,26.828,26.828,26.828,26.828,26.828,26.828,25.448,25.448,25.448,25.448,25.448,25.448,25.448,25.448,24.618,24.618,24.618,24.618,24.618,24.618,24.618,24.618,24.916,24.916,24.916,24.916,24.916,24.916,24.916,24.916,24.291,24.291,24.291,24.291,24.291,24.291,24.291,24.291,25.905,25.905,25.905,25.905,25.905,25.905,25.905,25.905,26.597,26.597,26.597,26.597,26.597,26.597,26.597,26.597,24.442,24.442,24.442,24.442,24.442,24.442,24.442,24.442,24.854,24.854,24.854,24.854,24.854,24.854,24.854,24.854,25.361,25.361,25.361,25.361,25.361,25.361,25.361,25.361,24.736,24.736,24.736,24.736,24.736,24.736,24.736,24.736,22.993,22.993,22.993,22.993,22.993,22.993,22.993,22.993,26.259,26.259,26.259,26.259,26.259,26.259,26.259,26.259,25.369,25.369,25.369,25.369,25.369,25.369,25.369,25.369,23.825,23.825,23.825,23.825,23.825,23.825,23.825,23.825,20.863,20.863,20.863,20.863,20.863,20.863,20.863,20.863,22.31,22.31,22.31,22.31,22.31,22.31,22.31,22.31,22.945,22.945,22.945,22.945,22.945,22.945,22.945,22.945,22.331,22.331,22.331,22.331,22.331,22.331,22.331,22.331,23.784,23.784,23.784,23.784,23.784,23.784,23.784,23.784,25.573,25.573,25.573,25.573,25.573,25.573,25.573,25.573,27.536,27.536,27.536,27.536,27.536,27.536,27.536,27.536,26.267,26.267,26.267,26.267,26.267,26.267,26.267,26.267,25.045,25.045,25.045,25.045,25.045,25.045,25.045,25.045,25.026,25.026,25.026,25.026,25.026,25.026,25.026,25.026,25.5,25.5,25.5,25.5,25.5,25.5,25.5,25.5,24.974,24.974,24.974,24.974,24.974,24.974,24.974,24.974,24.986,24.986,24.986,24.986,24.986,24.986,24.986,24.986,25.806,25.806,25.806,25.806,25.806,25.806,25.806,25.806,25.004,25.004,25.004,25.004,25.004,25.004,25.004,25.004,25.833,25.833,25.833,25.833,25.833,25.833,25.833,25.833,25.493,25.493,25.493,25.493
-80.5,29.038,29.038,29.038,29.038,29.568,29.568,29.568,29.568,29.568,29.568,29.568,29.568,30.1,30.1,30.1,30.1,30.1,30.1,30.1,30.1,30.633,30.633,30.633,30.633,30.633,30.633,30.633,30.633,30.111,30.111,30.111,30.111,30.111,30.111,30.111,30.111,30.464,30.464,30.464,30.464,30.464,30.464,30.464,30.464,31.359,31.359,31.359,31.359,31.359,31.359,31.359,31.359,32.845,32.845,32.845,32.845,32.845,32.845,32.845,32.845,33.101,33.101,33.101,33.101,33.101,33.101,33.101,33.101,32.316,32.316,32.316,32.316,32.316,32.316,32.316,32.316,32.753,32.753,32.753,32.753,32.753,32.753,32.753,32.753,32.73,32.73,32.73,32.73,32.73,32.73,32.73,32.73,32.494,32.494,32.494,32.494,32.494,32.494,32.494,32.494,32.078,32.078,32.078,32.078,32.078,32.078,32.078,32.078,31.158,31.158,31.158,31.158,31.158,31.158,31.158,31.158,29.598,29.598,29.598,29.598,29.598,29.598,29.598,29.598,30.295,30.295,30.295,30.295,30.295,30.295,30.295,30.295,30.077,30.077,30.077,30.077,30.077,30.077,30.077,30.077,31.016,31.016,31.016,31.016,31.016,31.016,31.016,31.016,28.458,28.458,28.458,28.458,28.458,28.458,28.458,28.458,29.015,29.015,29.015,29.015,29.015,29.015,29.015,29.015,30.437,30.437,30.437,30.437,30.437,30.437,30.437,30.437,30.896,30.896,30.896,30.896,30.896,30.896,30.896,30.896,29.838,29.838,29.838,29.838,29.838,29.838,29.838,29.838,28.75,28.75,28.75,28.75,28.75,28.75,28.75,28.75,27.276,27.276,27.276,27.276,27.276,27.276,27.276,27.276,30.137,30.137,30.137,30.137,30.137,30.137,30.137,30.137,28.02,28.02,28.02,28.02,28.02,28.02,28.02,28.02,30.564,30.564,30.564,30.564,30.564,30.564,30.564,30.564,30.405,30.405,30.405,30.405,30.405,30.405,30.405,30.405,28.208,28.208,28.208,28.208,28.208,28.208,28.208,28.208,28.289,28.289,28.289,28.289,28.289,28.289,28.289,28.289,27.424,27.424,27.424,27.424,27.424,27.424,27.424,27.424,27.263,27.263,27.263,27.263,27.263,27.263,27.263,27.263,28.972,28.972,28.972,28.972,28.972,28.972,28.972,28.972,29.064,29.064,29.064,29.064,29.064,29.064,29.064,29.064,31.549,31.549,31.549,31.549,31.549,31.549,31.549,31.549,31.871,31.871,31.871,31.871,31.871,31.871,31.871,31.871,30.221,30.221,30.221,30.221,30.221,30.221,30.221,30.221,29.527,29.527,29.527,29.527,29.527,29.527,29.527,29.527,29.381,29.381,29.381,29.381,29.381,29.381,29.381,29.381,29.402,29.402,29.402,29.402,29.402,29.402,29.402,29.402,29.934,29.934,29.934,29.934,29.934,29.934,29.934,29.934,29.613,29.613,29.613,29.613,29.613,29.613,29.613,29.613,30.397,30.397,30.397,30.397,30.397,30.397,30.397,30.397,29.038,29.038,29.038,29.038
-79.5,34.247,34.247,34.247,34.247,34.482,34.482,34.482,34.482,35.724,35.724,35.724,35.724,36.675,36.675,36.675,36.675,35.31,35.31,35.31,35.31,36.436,36.436,36.436,36.436,35.905,35.905,35.905,35.905,34.956,34.956,34.956,34.956,34.73,34.73,34.73,34.73,35.383,35.383,35.383,35.383,36.341,36.341,36.341,36.341,37.101,37.101,37.101,37.101,37.547,37.547,37.547,37.547,37.84,37.84,37.84,37.84,38.129,38.129,38.129,38.129,38.664,38.664,38.664,38.664,37.619,37.619,37.619,37.619,37.933,37.933,37.933,37.933,37.255,37.255,37.255,37.255,36.689,36.689,36.689,36.689,37.282,37.282,37.282,37.282,37.256,37.256,37.256,37.256,37.354,37.354,37.354,37.354,39.061,39.061,39.061,39.061,37.536,37.536,37.536,37.536,37.283,37.283,37.283,37.283,36.517,36.517,36.517,36.517,36.101,36.101,36.101,36.101,35.16,35.16,35.16,35.16,35.527,35.527,35.527,35.527,35.4,35.4,35.4,35.4,36.178,36.178,36.178,36.178,39.506,39.506,39.506,39.506,37.212,37.212,37.212,37.212,36.063,36.063,36.063,36.063,32.661,32.661,32.661,32.661,32.476,32.476,32.476,32.476,32.886,32.886,32.886,32.886,33.667,33.667,33.667,33.667,34.064,34.064,34.064,34.064,32.46,32.46,32.46,32.46,31.311,31.311,31.311,31.311,32.357,32.357,32.357,32.357,32.272,32.272,32.272,32.272,32.902,32.902,32.902,32.902,32.742,32.742,32.742,32.742,32.129,32.129,32.129,32.129,32.028,32.028,32.028,32.028,31.308,31.308,31.308,31.308,29.181,29.181,29.181,29.181,32.802,32.802,32.802,32.802,35.039,35.039,35.039,35.039,33.342,33.342,33.342,33.342,33.848,33.848,33.848,33.848,32.727,32.727,32.727,32.727,28.508,28.508,28.508,28.508,31.974,31.974,31.974,31.974,34.257,34.257,34.257,34.257,33.295,33.295,33.295,33.295,32.386,32.386,32.386,32.386,35.242,35.242,35.242,35.242,34.309,34.309,34.309,34.309,34.776,34.776,34.776,34.776,32.803,32.803,32.803,32.803,31.901,31.901,31.901,31.901,30.84,30.84,30.84,30.84,31.463,31.463,31.463,31.463,33.217,33.217,33.217,33.217,33.697,33.697,33.697,33.697,32.964,32.964,32.964,32.964,31.398,31.398,31.398,31.398,32.603,32.603,32.603,32.603,33.899,33.899,33.899,33.899,33.915,33.915,33.915,33.915,34.407,34.407,34.407,34.407,35.002,35.002,35.002,35.002,35.243,35.243,35.243,35.243,34.643,34.643,34.643,34.643,35.18,35.18,35.18,35.18,33.925,33.925,33.925,33.925,33.891,33.891,33.891,33.891,33.543,33.543,33.543,33.543,32.45,32.45,32.45,32.45,33.296,33.296,33.296,33.296,32.995,32.995,32.995,32.995,35.036,35.036,35.036,35.036,34.904,34.904,34.904,34.904,36.128,36.128,36.128,36.128,34.087,34.087,34.087,34.087,34.511,34.511,34.511,34.511
-78.5,39.105,39.105,39.105,39.105,40.681,40.681,40.681,40.681,39.792,39.792,39.792,39.792,40.084,40.084,40.084,40.084,40.022,40.022,40.022,40.022,39.622,39.622,39.622,39.622,39.671,39.671,39.671,39.671,39.84,39.84,39.84,39.84,40.743,40.743,40.743,40.743,41.271,41.271,41.271,41.271,41.378,41.378,41.378,41.378,41.58,41.58,41.58,41.58,42.165,42.165,42.165,42.165,42.524,42.524,42.524,42.524,42.442,42.442,42.442,42.442,45.806,45.806,45.806,45.806,42.107,42.107,42.107,42.107,41.838,41.838,41.838,41.838,41.163,41.163,41.163,41.163,41.665,41.665,41.665,41.665,42.359,42.359,42.359,42.359,42.387,42.387,42.387,42.387,42.224,42.224,42.224,42.224,43.118,43.118,43.118,43.118,42.769,42.769,42.769,42.769,42.133,42.133,42.133,42.133,42.249,42.249,42.249,42.249,41.796,41.796,41.796,41.796,41.023,41.023,41.023,41.023,40.367,40.367,40.367,40.367,39.966,39.966,39.966,39.966,40.912,40.912,40.912,40.912,41.314,41.314,41.314,41.314,42.176,42.176,42.176,42.176,41.1,41.1,41.1,41.1,39.379,39.379,39.379,39.379,42.366,42.366,42.366,42.366,42.72,42.72,42.72,42.72,41.693,41.693,41.693,41.693,42.562,42.562,42.562,42.562,38.96,38.96,38.96,38.96,33.949,33.949,33.949,33.949,35.306,35.306,35.306,35.306,37.012,37.012,37.012,37.012,37.75,37.75,37.75,37.75,37.171,37.171,37.171,37.171,35.246,35.246,35.246,35.246,35.379,35.379,35.379,35.379,34.8,34.8,34.8,34.8,33.12,33.12,33.12,33.12,39.57,39.57,39.57,39.57,36.872,36.872,36.872,36.872,36.802,36.802,36.802,36.802,38.468,38.468,38.468,38.468,38.626,38.626,38.626,38.626,34.145,34.145,34.145,34.145,39.481,39.481,39.481,39.481,41.637,41.637,41.637,41.637,38.668,38.668,38.668,38.668,37.069,37.069,37.069,37.069,37.203,37.203,37.203,37.203,37.687,37.687,37.687,37.687,41.399,41.399,41.399,41.399,40.428,40.428,40.428,40.428,40.511,40.511,40.511,40.511,39.868,39.868,39.868,39.868,38.41,38.41,38.41,38.41,36.482,36.482,36.482,36.482,37.174,37.174,37.174,37.174,37.99,37.99,37.99,37.99,39.994,39.994,39.994,39.994,37.983,37.983,37.983,37.983,38.004,38.004,38.004,38.004,38.2,38.2,38.2,38.2,38.77,38.77,38.77,38.77,38.75,38.75,38.75,38.75,38.923,38.923,38.923,38.923,38.628,38.628,38.628,38.628,38.988,38.988,38.988,38.988,37.908,37.908,37.908,37.908,37.575,37.575,37.575,37.575,37.468,37.468,37.468,37.468,37.444,37.444,37.444,37.444,38.885,38.885,38.885,38.885,38.069,38.069,38.069,38.069,44.346,44.346,44.346,44.346,40.607,40.607,40.607,40.607,42.338,42.338,42.338,42.338,39.865,39.865,39.865,39.865,39.706,39.706,39.706,39.706
-77.5,45.224,45.224,45.224,45.224,44.945,44.945,44.945,44.945,45.103,45.103,45.103,45.103,43.974,43.974,43.974,43.974,43.854,43.854,43.854,43.854,44.846,44.846,44.846,44.846,45.467,45.467,45.467,45.467,45.079,45.079,45.079,45.079,46.369,46.369,46.369,46.369,46.919,46.919,46.919,46.919,47.336,47.336,47.336,47.336,46.22,46.22,46.22,46.22,47.015,47.015,47.015,47.015,47.167,47.167,47.167,47.167,46.505,46.505,46.505,46.505,50.085,50.085,50.085,50.085,46.928,46.928,46.928,46.928,46.166,46.166,46.166,46.166,48.231,48.231,48.231,48.231,49.189,49.189,49.189,49.189,49.378,49.378,49.378,49.378,49.074,49.074,49.074,49.074,49.064,49.064,49.064,49.064,50.274,50.274,50.274,50.274,48.171,48.171,48.171,48.171,46.709,46.709,46.709,46.709,46.776,46.776,46.776,46.776,46.926,46.926,46.926,46.926,46.007,46.007,46.007,46.007,44.295,44.295,44.295,44.295,44.064,44.064,44.064,44.064,44.931,44.931,44.931,44.931,45.002,45.002,45.002,45.002,50.021,50.021,50.021,50.021,47.093,47.093,47.093,47.093,47.188,47.188,47.188,47.188,46.842,46.842,46.842,46.842,48.102,48.102,48.102,48.102,46.708,46.708,46.708,46.708,45.531,45.531,45.531,45.531,43.542,43.542,43.542,43.542,39.002,39.002,39.002,39.002,38.956,38.956,38.956,38.956,34.165,34.165,34.165,34.165,36.585,36.585,36.585,36.585,38.216,38.216,38.216,38.216,36.185,36.185,36.185,36.185,37.171,37.171,37.171,37.171,35.479,35.479,35.479,35.479,35.86,35.86,35.86,35.86,41.502,41.502,41.502,41.502,44.112,44.112,44.112,44.112,43.283,43.283,43.283,43.283,40.18,40.18,40.18,40.18,41.582,41.582,41.582,41.582,39.462,39.462,39.462,39.462,45.331,45.331,45.331,45.331,47.436,47.436,47.436,47.436,48.211,48.211,48.211,48.211,41.032,41.032,41.032,41.032,43.04,43.04,43.04,43.04,43.208,43.208,43.208,43.208,44.513,44.513,44.513,44.513,45.559,45.559,45.559,45.559,48.437,48.437,48.437,48.437,47.185,47.185,47.185,47.185,46.049,46.049,46.049,46.049,42.846,42.846,42.846,42.846,40.55,40.55,40.55,40.55,41.582,41.582,41.582,41.582,41.551,41.551,41.551,41.551,42.068,42.068,42.068,42.068,43.293,43.293,43.293,43.293,44.144,44.144,44.144,44.144,44.247,44.247,44.247,44.247,44.248,44.248,44.248,44.248,44.042,44.042,44.042,44.042,44.447,44.447,44.447,44.447,41.023,41.023,41.023,41.023,39.118,39.118,39.118,39.118,37.663,37.663,37.663,37.663,41.893,41.893,41.893,41.893,42.979,42.979,42.979,42.979,42.081,42.081,42.081,42.081,44.65,44.65,44.65,44.65,44.084,44.084,44.084,44.084,47.617,47.617,47.617,47.617,47.681,47.681,47.681,47.681,46.406,46.406,46.406,46.406,45.954,45.954,45.954,45.954
-76.5,49.039,49.039,49.039,49.039,49.43,49.43,49.43,49.43,50.57,50.57,50.57,50.57,49.607,49.607,49.607,49.607,49.03,49.03,49.03,49.03,49.378,49.378,49.378,49.378,50.269,50.269,50.269,50.269,52.749,52.749,52.749,52.749,52.662,52.662,52.662,52.662,52.564,52.564,52.564,52.564,52.326,52.326,52.326,52.326,51.647,51.647,51.647,51.647,51.681,51.681,51.681,51.681,50.904,50.904,50.904,50.904,49.544,49.544,49.544,49.544,54.149,54.149,54.149,54.149,50.645,50.645,50.645,50.645,53.386,53.386,53.386,53.386,54.421,54.421,54.421,54.421,55.59,55.59,55.59,55.59,55.044,55.044,55.044,55.044,54.107,54.107,54.107,54.107,54.148,54.148,54.148,54.148,55.168,55.168,55.168,55.168,54.185,54.185,54.185,54.185,52.027,52.027,52.027,52.027,52.382,52.382,52.382,52.382,51.872,51.872,51.872,51.872,51.221,51.221,51.221,51.221,48.672,48.672,48.672,48.672,49.242,49.242,49.242,49.242,50.398,50.398,50.398,50.398,51.431,51.431,51.431,51.431,53.066,53.066,53.066,53.066,52.322,52.322,52.322,52.322,52.363,52.363,52.363,52.363,53.075,53.075,53.075,53.075,51.824,51.824,51.824,51.824,48.668,48.668,48.668,48.668,48.343,48.343,48.343,48.343,45.676,45.676,45.676,45.676,41.044,41.044,41.044,41.044,40.299,40.299,40.299,40.299,35.761,35.761,35.761,35.761,42.654,42.654,42.654,42.654,44.996,44.996,44.996,44.996,47.844,47.844,47.844,47.844,44.848,44.848,44.848,44.848,43.915,43.915,43.915,43.915,44.838,44.838,44.838,44.838,45.268,45.268,45.268,45.268,41.691,41.691,41.691,41.691,41.504,41.504,41.504,41.504,48.101,48.101,48.101,48.101,49.059,49.059,49.059,49.059,48.221,48.221,48.221,48.221,49.022,49.022,49.022,49.022,54.668,54.668,54.668,54.668,49.908,49.908,49.908,49.908,50.114,50.114,50.114,50.114,50.312,50.312,50.312,50.312,52.019,52.019,52.019,52.019,48.991,48.991,48.991,48.991,51.605,51.605,51.605,51.605,52.962,52.962,52.962,52.962,53.037,53.037,53.037,53.037,53.289,53.289,53.289,53.289,53.067,53.067,53.067,53.067,44.942,44.942,44.942,44.942,45.252,45.252,45.252,45.252,47.929,47.929,47.929,47.929,47.84,47.84,47.84,47.84,47.333,47.333,47.333,47.333,47.944,47.944,47.944,47.944,48.557,48.557,48.557,48.557,48.893,48.893,48.893,48.893,47.614,47.614,47.614,47.614,44.491,44.491,44.491,44.491,44.659,44.659,44.659,44.659,45.733,45.733,45.733,45.733,41.812,41.812,41.812,41.812,45.169,45.169,45.169,45.169,47.005,47.005,47.005,47.005,48.54,48.54,48.54,48.54,49.274,49.274,49.274,49.274,50.993,50.993,50.993,50.993,50.893,50.893,50.893,50.893,48.939,48.939,48.939,48.939,49.924,49.924,49.924,49.924,51.832,51.832,51.832,51.832
-75.5,55.222,55.222,55.222,55.222,54.699,54.699,54.699,54.699,54.643,54.643,54.643,54.643,54.739,54.739,54.739,54.739,54.268,54.268,54.268,54.268,54.012,54.012,54.012,54.012,56.685,56.685,56.685,56.685,58.123,58.123,58.123,58.123,59.561,59.561,59.561,59.561,59.022,59.022,59.022,59.022,57.067,57.067,57.067,57.067,56.961,56.961,56.961,56.961,56.835,56.835,56.835,56.835,54.147,54.147,54.147,54.147,53.671,53.671,53.671,53.671,55.663,55.663,55.663,55.663,59.071,59.071,59.071,59.071,59.261,59.261,59.261,59.261,59.201,59.201,59.201,59.201,60.197,60.197,60.197,60.197,57.409,57.409,57.409,57.409,59.806,59.806,59.806,59.806,59.656,59.656,59.656,59.656,59.07,59.07,59.07,59.07,60.306,60.306,60.306,60.306,57.843,57.843,57.843,57.843,57.967,57.967,57.967,57.967,57.215,57.215,57.215,57.215,56.644,56.644,56.644,56.644,55.402,55.402,55.402,55.402,56.379,56.379,56.379,56.379,55.897,55.897,55.897,55.897,56.88,56.88,56.88,56.88,59.104,59.104,59.104,59.104,58.929,58.929,58.929,58.929,57.466,57.466,57.466,57.466,56.226,56.226,56.226,56.226,53.718,53.718,53.718,53.718,53.644,53.644,53.644,53.644,56.792,56.792,56.792,56.792,48.333,48.333,48.333,48.333,41.421,41.421,41.421,41.421,40.867,40.867,40.867,40.867,42.253,42.253,42.253,42.253,47.919,47.919,47.919,47.919,51.476,51.476,51.476,51.476,54.316,54.316,54.316,54.316,51.043,51.043,51.043,51.043,52.017,52.017,52.017,52.017,50.544,50.544,50.544,50.544,55.554,55.554,55.554,55.554,46.887,46.887,46.887,46.887,50.323,50.323,50.323,50.323,53.174,53.174,53.174,53.174,58.942,58.942,58.942,58.942,59.308,59.308,59.308,59.308,55.096,55.096,55.096,55.096,58.946,58.946,58.946,58.946,57.607,57.607,57.607,57.607,56.663,56.663,56.663,56.663,53.518,53.518,53.518,53.518,55.975,55.975,55.975,55.975,56.901,56.901,56.901,56.901,56.909,56.909,56.909,56.909,57.847,57.847,57.847,57.847,58.809,58.809,58.809,58.809,58.062,58.062,58.062,58.062,60.108,60.108,60.108,60.108,56.611,56.611,56.611,56.611,45.718,45.718,45.718,45.718,47.117,47.117,47.117,47.117,51.21,51.21,51.21,51.21,51.917,51.917,51.917,51.917,51.161,51.161,51.161,51.161,52.282,52.282,52.282,52.282,52.017,52.017,52.017,52.017,49.676,49.676,49.676,49.676,51.568,51.568,51.568,51.568,49.252,49.252,49.252,49.252,45.111,45.111,45.111,45.111,46.034,46.034,46.034,46.034,46.296,46.296,46.296,46.296,49.968,49.968,49.968,49.968,51.824,51.824,51.824,51.824,54.024,54.024,54.024,54.024,55.388,55.388,55.388,55.388,59.13,59.13,59.13,59.13,60.574,60.574,60.574,60.574,52.026,52.026,52.026,52.026,55.087,55.087,55.087,55.087
-74.5,61.136,61.136,61.136,61.136,61.394,61.394,61.394,61.394,59.999,59.999,59.999,59.999,60.871,60.871,60.871,60.871,58.985,58.985,58.985,58.985,59.602,59.602,59.602,59.602,62.962,62.962,62.962,62.962,64.15,64.15,64.15,64.15,62.819,62.819,62.819,62.819,62.5,62.5,62.5,62.5,63.972,63.972,63.972,63.972,63.12,63.12,63.12,63.12,62.437,62.437,62.437,62.437,59.471,59.471,59.471,59.471,59.619,59.619,59.619,59.619,58.336,58.336,58.336,58.336,63.831,63.831,63.831,63.831,61.008,61.008,61.008,61.008,63.044,63.044,63.044,63.044,63.761,63.761,63.761,63.761,64.765,64.765,64.765,64.765,62.586,62.586,62.586,62.586,64.07,64.07,64.07,64.07,61.714,61.714,61.714,61.714,62.319,62.319,62.319,62.319,65.033,65.033,65.033,65.033,65.186,65.186,65.186,65.186,62.461,62.461,62.461,62.461,62.24,62.24,62.24,62.24,60.871,60.871,60.871,60.871,62.174,62.174,62.174,62.174,61.852,61.852,61.852,61.852,61.311,61.311,61.311,61.311,64.48,64.48,64.48,64.48,61.963,61.963,61.963,61.963,60.241,60.241,60.241,60.241,60.401,60.401,60.401,60.401,60.099,60.099,60.099,60.099,58.996,58.996,58.996,58.996,59.583,59.583,59.583,59.583,51.163,51.163,51.163,51.163,47.63,47.63,47.63,47.63,50.408,50.408,50.408,50.408,45.309,45.309,45.309,45.309,52.136,52.136,52.136,52.136,58.503,58.503,58.503,58.503,58.077,58.077,58.077,58.077,58.154,58.154,58.154,58.154,58.092,58.092,58.092,58.092,62.359,62.359,62.359,62.359,61.722,61.722,61.722,61.722,54.587,54.587,54.587,54.587,56.849,56.849,56.849,56.849,55.551,55.551,55.551,55.551,54.299,54.299,54.299,54.299,51.117,51.117,51.117,51.117,54.345,54.345,54.345,54.345,48.274,48.274,48.274,48.274,61.551,61.551,61.551,61.551,61.737,61.737,61.737,61.737,57.391,57.391,57.391,57.391,59.856,59.856,59.856,59.856,65.366,65.366,65.366,65.366,65.822,65.822,65.822,65.822,66.773,66.773,66.773,66.773,64.069,64.069,64.069,64.069,63.206,63.206,63.206,63.206,64.445,64.445,64.445,64.445,65.529,65.529,65.529,65.529,61.141,61.141,61.141,61.141,53.4,53.4,53.4,53.4,54.916,54.916,54.916,54.916,57.585,57.585,57.585,57.585,57.184,57.184,57.184,57.184,54.854,54.854,54.854,54.854,55.677,55.677,55.677,55.677,54.627,54.627,54.627,54.627,55.682,55.682,55.682,55.682,52.322,52.322,52.322,52.322,48.339,48.339,48.339,48.339,46.244,46.244,46.244,46.244,48.846,48.846,48.846,48.846,52.187,52.187,52.187,52.187,55.32,55.32,55.32,55.32,58.64,58.64,58.64,58.64,59.519,59.519,59.519,59.519,61.748,61.748,61.748,61.748,63.639,63.639,63.639,63.639,61.843,61.843,61.843,61.843,60.682,60.682,60.682,60.682
-73.5,66.531,66.531,66.531,66.531,67.223,67.223,67.223,67.223,67.324,67.324,67.324,67.324,67.229,67.229,67.229,67.229,64.725,64.725,64.725,64.725,64.951,64.951,64.951,64.951,65.322,65.322,65.322,65.322,65.477,65.477,65.477,65.477,68.474,68.474,68.474,68.474,67.735,67.735,67.735,67.735,67.343,67.343,67.343,67.343,67.665,67.665,67.665,67.665,67.157,67.157,67.157,67.157,66.007,66.007,66.007,66.007,63.946,63.946,63.946,63.946,61.442,61.442,61.442,61.442,59.061,59.061,59.061,59.061,64.791,64.791,64.791,64.791,67.423,67.423,67.423,67.423,69.206,69.206,69.206,69.206,69.97,69.97,69.97,69.97,67.5,67.5,67.5,67.5,66.866,66.866,66.866,66.866,66.99,66.99,66.99,66.99,69.839,69.839,69.839,69.839,67.415,67.415,67.415,67.415,68.912,68.912,68.912,68.912,68.453,68.453,68.453,68.453,68.184,68.184,68.184,68.184,68.116,68.116,68.116,68.116,68.714,68.714,68.714,68.714,69.154,69.154,69.154,69.154,67.945,67.945,67.945,67.945,68.207,68.207,68.207,68.207,66.583,66.583,66.583,66.583,64.445,64.445,64.445,64.445,64.098,64.098,64.098,64.098,63.337,63.337,63.337,63.337,65.143,65.143,65.143,65.143,67.787,67.787,67.787,67.787,65.061,65.061,65.061,65.061,61.124,61.124,61.124,61.124,54.947,54.947,54.947,54.947,51.249,51.249,51.249,51.249,63.979,63.979,63.979,63.979,67.817,67.817,67.817,67.817,63.762,63.762,63.762,63.762,62.77,62.77,62.77,62.77,62.638,62.638,62.638,62.638,65.386,65.386,65.386,65.386,62.338,62.338,62.338,62.338,59.879,59.879,59.879,59.879,58.792,58.792,58.792,58.792,63.804,63.804,63.804,63.804,58.156,58.156,58.156,58.156,59.497,59.497,59.497,59.497,65.696,65.696,65.696,65.696,62.028,62.028,62.028,62.028,65.342,65.342,65.342,65.342,62.965,62.965,62.965,62.965,55.929,55.929,55.929,55.929,46.335,46.335,46.335,46.335,64.959,64.959,64.959,64.959,67.092,67.092,67.092,67.092,68.433,68.433,68.433,68.433,69.376,69.376,69.376,69.376,68.653,68.653,68.653,68.653,67.881,67.881,67.881,67.881,63.804,63.804,63.804,63.804,63.946,63.946,63.946,63.946,61.615,61.615,61.615,61.615,60.517,60.517,60.517,60.517,60.824,60.824,60.824,60.824,62.644,62.644,62.644,62.644,60.762,60.762,60.762,60.762,61.962,61.962,61.962,61.962,61.845,61.845,61.845,61.845,63.19,63.19,63.19,63.19,61.146,61.146,61.146,61.146,55.145,55.145,55.145,55.145,51.667,51.667,51.667,51.667,50.991,50.991,50.991,50.991,60.448,60.448,60.448,60.448,60.251,60.251,60.251,60.251,61.036,61.036,61.036,61.036,63.256,63.256,63.256,63.256,64.982,64.982,64.982,64.982,73.173,73.173,73.173,73.173,65.716,65.716,65.716,65.716,66.573,66.573,66.573,66.573
-72.5,71.881,71.881,71.881,71.881,72.777,72.777,72.777,72.777,70.875,70.875,70.875,70.875,68.765,68.765,68.765,68.765,68.592,68.592,68.592,68.592,67.015,67.015,67.015,67.015,66.869,66.869,66.869,66.869,70.844,70.844,70.844,70.844,69.996,69.996,69.996,69.996,69.68,69.68,69.68,69.68,70.349,70.349,70.349,70.349,71.491,71.491,71.491,71.491,71.722,71.722,71.722,71.722,71.174,71.174,71.174,71.174,69.485,69.485,69.485,69.485,66.785,66.785,66.785,66.785,66.07,66.07,66.07,66.07,68.57,68.57,68.57,68.57,72.176,72.176,72.176,72.176,74.983,74.983,74.983,74.983,73.822,73.822,73.822,73.822,73.659,73.659,73.659,73.659,74.221,74.221,74.221,74.221,76.025,76.025,76.025,76.025,77.549,77.549,77.549,77.549,74.354,74.354,74.354,74.354,72.703,72.703,72.703,72.703,73.425,73.425,73.425,73.425,75.082,75.082,75.082,75.082,74.89,74.89,74.89,74.89,74.319,74.319,74.319,74.319,74.331,74.331,74.331,74.331,72.867,72.867,72.867,72.867,72.363,72.363,72.363,72.363,71.897,71.897,71.897,71.897,69.516,69.516,69.516,69.516,67.204,67.204,67.204,67.204,70.368,70.368,70.368,70.368,70.734,70.734,70.734,70.734,73.588,73.588,73.588,73.588,71.892,71.892,71.892,71.892,72.961,72.961,72.961,72.961,58.554,58.554,58.554,58.554,54.501,54.501,54.501,54.501,65.599,65.599,65.599,65.599,70.242,70.242,70.242,70.242,68.429,68.429,68.429,68.429,66.455,66.455,66.455,66.455,65.261,65.261,65.261,65.261,66.392,66.392,66.392,66.392,63.591,63.591,63.591,63.591,62.615,62.615,62.615,62.615,62.832,62.832,62.832,62.832,63.536,63.536,63.536,63.536,64.14,64.14,64.14,64.14,65.436,65.436,65.436,65.436,65.382,65.382,65.382,65.382,64.504,64.504,64.504,64.504,62.561,62.561,62.561,62.561,67.227,67.227,67.227,67.227,66.146,66.146,66.146,66.146,56.074,56.074,56.074,56.074,71.375,71.375,71.375,71.375,72.721,72.721,72.721,72.721,72.864,72.864,72.864,72.864,69.18,69.18,69.18,69.18,70.513,70.513,70.513,70.513,73.395,73.395,73.395,73.395,69.766,69.766,69.766,69.766,61.841,61.841,61.841,61.841,61.566,61.566,61.566,61.566,55.697,55.697,55.697,55.697,67.298,67.298,67.298,67.298,64.723,64.723,64.723,64.723,66.14,66.14,66.14,66.14,66.004,66.004,66.004,66.004,65.352,65.352,65.352,65.352,66.544,66.544,66.544,66.544,65.96,65.96,65.96,65.96,62.51,62.51,62.51,62.51,56.435,56.435,56.435,56.435,51.762,51.762,51.762,51.762,57.722,57.722,57.722,57.722,64.217,64.217,64.217,64.217,64.76,64.76,64.76,64.76,67.073,67.073,67.073,67.073,68.853,68.853,68.853,68.853,72.016,72.016,72.016,72.016,70.467,70.467,70.467,70.467,70.872,70.872,70.872,70.872
-71.5,71.139,71.139,71.139,71.139,78.077,78.077,78.077,78.077,73.169,73.169,73.169,73.169,73.895,73.895,73.895,73.895,75.866,75.866,75.866,75.866,71.172,71.172,71.172,71.172,75.475,75.475,75.475,75.475,74.933,74.933,74.933,74.933,77.113,77.113,77.113,77.113,76.708,76.708,76.708,76.708,75.317,75.317,75.317,75.317,74.434,74.434,74.434,74.434,74.643,74.643,74.643,74.643,75.209,75.209,75.209,75.209,75.254,75.254,75.254,75.254,72.749,72.749,72.749,72.749,73.578,73.578,73.578,73.578,70.731,70.731,70.731,70.731,77.357,77.357,77.357,77.357,77.882,77.882,77.882,77.882,78.125,78.125,78.125,78.125,76.708,76.708,76.708,76.708,76.772,76.772,76.772,76.772,77.711,77.711,77.711,77.711,77.879,77.879,77.879,77.879,76.809,76.809,76.809,76.809,78.029,78.029,78.029,78.029,78.637,78.637,78.637,78.637,80.065,80.065,80.065,80.065,79.993,79.993,79.993,79.993,79.21,79.21,79.21,79.21,79.369,79.369,79.369,79.369,78.738,78.738,78.738,78.738,77.766,77.766,77.766,77.766,75.906,75.906,75.906,75.906,72.84,72.84,72.84,72.84,71.84,71.84,71.84,71.84,74.687,74.687,74.687,74.687,76.685,76.685,76.685,76.685,78.29,78.29,78.29,78.29,70.106,70.106,70.106,70.106,75.58,75.58,75.58,75.58,53.619,53.619,53.619,53.619,50.118,50.118,50.118,50.118,62.394,62.394,62.394,62.394,70.273,70.273,70.273,70.273,71.467,71.467,71.467,71.467,68.275,68.275,68.275,68.275,65.545,65.545,65.545,65.545,68.439,68.439,68.439,68.439,68.305,68.305,68.305,68.305,70.334,70.334,70.334,70.334,70.529,70.529,70.529,70.529,71.331,71.331,71.331,71.331,69.243,69.243,69.243,69.243,69.078,69.078,69.078,69.078,67.881,67.881,67.881,67.881,74.294,74.294,74.294,74.294,70.748,70.748,70.748,70.748,67.382,67.382,67.382,67.382,67.594,67.594,67.594,67.594,64.435,64.435,64.435,64.435,73.57,73.57,73.57,73.57,75.786,75.786,75.786,75.786,71.463,71.463,71.463,71.463,74.751,74.751,74.751,74.751,73.445,73.445,73.445,73.445,76.085,76.085,76.085,76.085,73.037,73.037,73.037,73.037,61.8,61.8,61.8,61.8,57.388,57.388,57.388,57.388,60.931,60.931,60.931,60.931,74.845,74.845,74.845,74.845,67.497,67.497,67.497,67.497,69.842,69.842,69.842,69.842,70.063,70.063,70.063,70.063,69.699,69.699,69.699,69.699,69.707,69.707,69.707,69.707,69.308,69.308,69.308,69.308,67.781,67.781,67.781,67.781,64.525,64.525,64.525,64.525,55.405,55.405,55.405,55.405,58.157,58.157,58.157,58.157,65.565,65.565,65.565,65.565,68.206,68.206,68.206,68.206,67.483,67.483,67.483,67.483,70.442,70.442,70.442,70.442,74.068,74.068,74.068,74.068,74.533,74.533,74.533,74.533,75.116,75.116,75.116,75.116
-70.5,77.62,77.62,77.62,77.62,73.723,73.723,73.723,73.723,77.616,77.616,77.616,77.616,74.517,74.517,74.517,74.517,77.569,77.569,77.569,77.569,72.159,72.159,72.159,72.159,77.174,77.174,77.174,77.174,76.523,76.523,76.523,76.523,78.717,78.717,78.717,78.717,80.066,80.066,80.066,80.066,81.867,81.867,81.867,81.867,79.39,79.39,79.39,79.39,78.955,78.955,78.955,78.955,77.742,77.742,77.742,77.742,78.438,78.438,78.438,78.438,78.562,78.562,78.562,78.562,78.124,78.124,78.124,78.124,76.756,76.756,76.756,76.756,82.479,82.479,82.479,82.479,84.512,84.512,84.512,84.512,81.751,81.751,81.751,81.751,83.742,83.742,83.742,83.742,82.986,82.986,82.986,82.986,81.13,81.13,81.13,81.13,82.447,82.447,82.447,82.447,83.899,83.899,83.899,83.899,83.641,83.641,83.641,83.641,82.965,82.965,82.965,82.965,84.48,84.48,84.48,84.48,84.47,84.47,84.47,84.47,84.421,84.421,84.421,84.421,84.43,84.43,84.43,84.43,83.576,83.576,83.576,83.576,82.772,82.772,82.772,82.772,79.305,79.305,79.305,79.305,78.861,78.861,78.861,78.861,78.689,78.689,78.689,78.689,79.131,79.131,79.131,79.131,79.946,79.946,79.946,79.946,80.753,80.753,80.753,80.753,68.909,68.909,68.909,68.909,49.771,49.771,49.771,49.771,40.565,40.565,40.565,40.565,48.729,48.729,48.729,48.729,58.24,58.24,58.24,58.24,71.652,71.652,71.652,71.652,68.545,68.545,68.545,68.545,70.54,70.54,70.54,70.54,62.997,62.997,62.997,62.997,62.385,62.385,62.385,62.385,64.243,64.243,64.243,64.243,70.008,70.008,70.008,70.008,70.733,70.733,70.733,70.733,73.269,73.269,73.269,73.269,70.302,70.302,70.302,70.302,70.611,70.611,70.611,70.611,65.385,65.385,65.385,65.385,76.116,76.116,76.116,76.116,67.12,67.12,67.12,67.12,66.742,66.742,66.742,66.742,67.683,67.683,67.683,67.683,69.839,69.839,69.839,69.839,73.849,73.849,73.849,73.849,78.947,78.947,78.947,78.947,77.129,77.129,77.129,77.129,81.132,81.132,81.132,81.132,80.133,80.133,80.133,80.133,77.94,77.94,77.94,77.94,73.842,73.842,73.842,73.842,69.452,69.452,69.452,69.452,65.496,65.496,65.496,65.496,73.472,73.472,73.472,73.472,71.972,71.972,71.972,71.972,72.268,72.268,72.268,72.268,74.733,74.733,74.733,74.733,73.929,73.929,73.929,73.929,80.27,80.27,80.27,80.27,75.5,75.5,75.5,75.5,73.75,73.75,73.75,73.75,73.092,73.092,73.092,73.092,68.214,68.214,68.214,68.214,50.871,50.871,50.871,50.871,50.823,50.823,50.823,50.823,67.64,67.64,67.64,67.64,73.208,73.208,73.208,73.208,69.705,69.705,69.705,69.705,71.751,71.751,71.751,71.751,75.82,75.82,75.82,75.82,77.922,77.922,77.922,77.922,78.49,78.49,78.49,78.49
-69.5,62.442,62.442,41.492,41.492,40.864,40.864,46.867,46.867,63.082,63.082,74.935,74.935,76.984,76.984,81.098,81.098,74.485,74.485,66.275,66.275,73.324,73.324,64.293,64.293,65.772,65.772,68.008,68.008,72.706,72.706,84.268,84.268,86.327,86.327,87.232,87.232,89.971,89.971,87.633,87.633,83.884,83.884,84.121,84.121,85.838,85.838,84.423,84.423,85.175,85.175,82.947,82.947,83.834,83.834,82.971,82.971,85.937,85.937,83.949,83.949,83.305,83.305,83.262,83.262,82.54,82.54,87.96,87.96,85.915,85.915,85.98,85.98,85.61,85.61,84.718,84.718,87.216,87.216,90.587,90.587,87.597,87.597,86.34,86.34,92.659,92.659,89.614,89.614,88.158,88.158,92.07,92.07,90.283,90.283,93.997,93.997,89.052,89.052,87.234,87.234,86.457,86.457,85.285,85.285,86.625,86.625,87.526,87.526,86.377,86.377,86.453,86.453,87.952,87.952,88.622,88.622,89.038,89.038,89.056,89.056,88.624,88.624,88.825,88.825,88.492,88.492,88.531,88.531,87.248,87.248,88.932,88.932,88.194,88.194,87.151,87.151,86.357,86.357,85.673,85.673,85.461,85.461,85.781,85.781,85.274,85.274,82.392,82.392,84.636,84.636,82.614,82.614,85.132,85.132,84.942,84.942,84.263,84.263,77.146,77.146,69.851,69.851,70.374,70.374,66.253,66.253,52.379,52.379,53.293,53.293,51.625,51.625,46.916,46.916,40.093,40.093,55.743,55.743,69.447,69.447,73.864,73.864,73.114,73.114,73.73,73.73,74.199,74.199,72.951,72.951,65.479,65.479,59.996,59.996,59.804,59.804,60.852,60.852,63.904,63.904,61.186,61.186,63.559,63.559,69.288,69.288,71.123,71.123,69.292,69.292,71.986,71.986,67.581,67.581,64.236,64.236,63.765,63.765,65.296,65.296,63.96,63.96,65.308,65.308,60.602,60.602,75.181,75.181,73.126,73.126,79.608,79.608,73.531,73.531,71.255,71.255,64.957,64.957,61.396,61.396,68.91,68.91,68.854,68.854,66.114,66.114,68.482,68.482,62.959,62.959,70.48,70.48,69.818,69.818,75.27,75.27,69.88,69.88,74.051,74.051,77.732,77.732,76.541,76.541,78.627,78.627,79.424,79.424,75.663,75.663,74.861,74.861,75.318,75.318,74.852,74.852,75.459,75.459,71.446,71.446,68.213,68.213,67.26,67.26,69.903,69.903,74.326,74.326,73.103,73.103,69.553,69.553,75.027,75.027,79.465,79.465,83.355,83.355,79.4,79.4,81.552,81.552,80.998,80.998,80.275,80.275,86.146,86.146,84.691,84.691,81.911,81.911,77.135,77.135,73.582,73.582,75.694,75.694,73.927,73.927,64.563,64.563,54.963,54.963,44.99,44.99,45.873,45.873,40.141,40.141,43.002,43.002,63.452,63.452,75.173,75.173,78.483,78.483,78.999,78.999,79.025,79.025,82.627,82.627,74.37,74.37,71.067,71.067,68.918,68.918,67.993,67.993,71.61,71.61,74.478,74.478,65.503,65.503,66.914,66.914
-68.5,34.503,34.503,36.74,36.74,54.344,54.344,77.491,77.491,83.129,83.129,85.603,85.603,86.426,86.426,82.35,82.35,80.941,80.941,80.644,80.644,76.191,76.191,67.736,67.736,66.368,66.368,63.925,63.925,69.29,69.29,71.655,71.655,77.458,77.458,84.19,84.19,89.298,89.298,88.795,88.795,86.299,86.299,86.427,86.427,87.905,87.905,86.703,86.703,86.517,86.517,88.145,88.145,89.72,89.72,89.069,89.069,89.326,89.326,88.371,88.371,86.551,86.551,85.649,85.649,84.232,84.232,86.821,86.821,87.938,87.938,73.365,73.365,78.514,78.514,85.035,85.035,85.695,85.695,91.631,91.631,93.969,93.969,94.324,94.324,94.787,94.787,93.819,93.819,96.737,96.737,96.543,96.543,89.522,89.522,96.393,96.393,98.275,98.275,95.945,95.945,95.946,95.946,91.516,91.516,90.918,90.918,91.362,91.362,89.564,89.564,90.885,90.885,92.582,92.582,93.118,93.118,94.183,94.183,94.555,94.555,93.818,93.818,93.576,93.576,93.43,93.43,93.263,93.263,91.971,91.971,93.579,93.579,93.225,93.225,92.06,92.06,92.063,92.063,91.311,91.311,91.384,91.384,88.835,88.835,89.28,89.28,91.604,91.604,88.087,88.087,91.27,91.27,94.789,94.789,95.21,95.21,89.396,89.396,83.684,83.684,84.843,84.843,82.697,82.697,69.37,69.37,57.2,57.2,41.774,41.774,34.981,34.981,35.629,35.629,41.856,41.856,53.862,53.862,74.034,74.034,80.483,80.483,82.789,82.789,83.33,83.33,81.168,81.168,72.312,72.312,61.358,61.358,73.897,73.897,77.694,77.694,76.674,76.674,80.143,80.143,73.712,73.712,72.439,72.439,73.405,73.405,72.189,72.189,69.86,69.86,70.705,70.705,66.402,66.402,68.924,68.924,65.529,65.529,68.936,68.936,67.178,67.178,70.28,70.28,67.726,67.726,66.068,66.068,65.196,65.196,67.347,67.347,66.454,66.454,68.962,68.962,62.303,62.303,55.4,55.4,61.93,61.93,62.929,62.929,66.375,66.375,71.313,71.313,70.824,70.824,68.462,68.462,65.173,65.173,64.326,64.326,61.848,61.848,70.715,70.715,75.687,75.687,78.444,78.444,81.155,81.155,80.271,80.271,80.424,80.424,76.567,76.567,80.664,80.664,80.357,80.357,80.499,80.499,76.524,76.524,69.812,69.812,66.147,66.147,65.964,65.964,65.291,65.291,70.254,70.254,61.343,61.343,67.996,67.996,86.787,86.787,87.93,87.93,83.354,83.354,87.756,87.756,85.847,85.847,83.744,83.744,85.857,85.857,84.861,84.861,87.463,87.463,84.811,84.811,78.166,78.166,75.691,75.691,69.15,69.15,58.51,58.51,51.74,51.74,33.814,33.814,31.344,31.344,33.803,33.803,40.288,40.288,60.927,60.927,74.792,74.792,82.683,82.683,84.48,84.48,83.913,83.913,84.444,84.444,78.845,78.845,75.37,75.37,79.271,79.271,76.399,76.399,69.015,69.015,78.412,78.412,59.72,59.72,38.661,38.661
-67.5,42.395,42.395,58.138,58.138,80.159,80.159,82.053,82.053,79.764,79.764,85.794,85.794,79.187,79.187,83.939,83.939,86.045,86.045,84.721,84.721,81.517,81.517,72.168,72.168,66.092,66.092,62.673,62.673,70.975,70.975,76.407,76.407,70.546,70.546,72.033,72.033,80.014,80.014,79.965,79.965,83.764,83.764,86.996,86.996,88.748,88.748,87.627,87.627,86.599,86.599,90.002,90.002,90.609,90.609,91.061,91.061,92.077,92.077,91.054,91.054,86.828,86.828,76.587,76.587,79.693,79.693,59.558,59.558,53.988,53.988,68.897,68.897,84.279,84.279,83.627,83.627,87.54,87.54,92.997,92.997,90.752,90.752,100.07,100.07,96.638,96.638,97.94,97.94,100.99,100.99,99.756,99.756,100.3,100.3,95.958,95.958,102.46,102.46,102.24,102.24,99.257,99.257,96.102,96.102,99.208,99.208,94.026,94.026,92.974,92.974,93.035,93.035,91.092,91.092,93.378,93.378,94.157,94.157,95.26,95.26,96.671,96.671,97.5,97.5,97.757,97.757,96.835,96.835,94.842,94.842,96.985,96.985,98.716,98.716,98.449,98.449,96.022,96.022,94.826,94.826,94.541,94.541,95.617,95.617,89.825,89.825,80.563,80.563,89.918,89.918,91.243,91.243,90.183,90.183,93.524,93.524,96.533,96.533,95.581,95.581,93.71,93.71,72.711,72.711,49.993,49.993,54.48,54.48,70.356,70.356,47.677,47.677,42.358,42.358,53.98,53.98,64.95,64.95,71.979,71.979,75.76,75.76,81.277,81.277,83.594,83.594,82.237,82.237,81.544,81.544,79.907,79.907,84.838,84.838,87.013,87.013,87.277,87.277,83.605,83.605,83.83,83.83,80.452,80.452,78.462,78.462,74.688,74.688,71.457,71.457,67.056,67.056,67.631,67.631,72.25,72.25,74.536,74.536,76.886,76.886,76.245,76.245,74.831,74.831,72.394,72.394,70.294,70.294,69.459,69.459,68.108,68.108,68.067,68.067,61.407,61.407,53.198,53.198,38.98,38.98,39.155,39.155,40.996,40.996,48.787,48.787,61.788,61.788,63.326,63.326,60.386,60.386,63.716,63.716,65.089,65.089,64.387,64.387,68.046,68.046,75.066,75.066,77.693,77.693,85.761,85.761,81.346,81.346,75.71,75.71,80.464,80.464,85.777,85.777,85.709,85.709,85.437,85.437,84.43,84.43,80.089,80.089,71.388,71.388,70.15,70.15,71.044,71.044,76.015,76.015,75.121,75.121,80.467,80.467,91.688,91.688,85.922,85.922,90.184,90.184,94.734,94.734,92.34,92.34,89.868,89.868,87.579,87.579,85.047,85.047,87.725,87.725,89.464,89.464,83.456,83.456,76.825,76.825,75.46,75.46,77.898,77.898,81.539,81.539,80.725,80.725,69.666,69.666,58.305,58.305,59.332,59.332,68.78,68.78,78.421,78.421,82.535,82.535,84.372,84.372,85.955,85.955,83.813,83.813,80.34,80.34,75.929,75.929,84.437,84.437,77.733,77.733,70.807,70.807,82.346,82.346,61.143,61.143,41.229,41.229
-66.5,43.644,43.644,71.71,71.71,80.258,80.258,72.506,72.506,72.548,72.548,77.211,77.211,86.284,86.284,84.327,84.327,83.691,83.691,83.383,83.383,79.878,79.878,72.896,72.896,66.12,66.12,64.215,64.215,69.589,69.589,72.674,72.674,64.647,64.647,68.96,68.96,70.753,70.753,77.152,77.152,73.709,73.709,78.721,78.721,97.008,97.008,87.497,87.497,81.008,81.008,82.65,82.65,94.013,94.013,94.664,94.664,93.411,93.411,95.362,95.362,89.836,89.836,94.214,94.214,89.207,89.207,82.003,82.003,68.701,68.701,84.919,84.919,85.076,85.076,83.464,83.464,88.568,88.568,92.378,92.378,88.992,88.992,96.761,96.761,93.843,93.843,98.151,98.151,91.921,91.921,96.643,96.643,101.87,101.87,100.76,100.76,101.07,101.07,104.69,104.69,98.356,98.356,101.81,101.81,98.671,98.671,92.623,92.623,82.55,82.55,87.034,87.034,93.529,93.529,80.109,80.109,68.754,68.754,58.302,58.302,68.117,68.117,85.691,85.691,93.376,93.376,86.644,86.644,59.788,59.788,91.748,91.748,93.128,93.128,93.113,93.113,91.689,91.689,81.286,81.286,76.037,76.037,77.474,77.474,75.421,75.421,81.276,81.276,87.338,87.338,93.399,93.399,95.624,95.624,97.333,97.333,97.971,97.971,91.133,91.133,87.431,87.431,77.62,77.62,67.056,67.056,76.829,76.829,82.919,82.919,83.257,83.257,71.944,71.944,82.46,82.46,82.275,82.275,84.097,84.097,86.005,86.005,81.556,81.556,79.661,79.661,83.116,83.116,81.224,81.224,83.855,83.855,88.847,88.847,85.996,85.996,91.389,91.389,90.457,90.457,95.457,95.457,93.795,93.795,88.488,88.488,84.245,84.245,82.286,82.286,79.829,79.829,74.902,74.902,76.439,76.439,80.782,80.782,87.893,87.893,83.558,83.558,77.27,77.27,70.368,70.368,64.887,64.887,63.923,63.923,68.915,68.915,67.273,67.273,64.63,64.63,55.036,55.036,44.459,44.459,37.778,37.778,36.194,36.194,39.828,39.828,50.797,50.797,64.969,64.969,58.75,58.75,55.594,55.594,49.943,49.943,57.846,57.846,63.34,63.34,67.155,67.155,72.791,72.791,87.592,87.592,93.268,93.268,83.632,83.632,78.957,78.957,82.665,82.665,81.927,81.927,82.968,82.968,86.065,86.065,85.778,85.778,83.352,83.352,71.931,71.931,70.776,70.776,78.526,78.526,78.889,78.889,83.062,83.062,88.476,88.476,89.738,89.738,93.55,93.55,100.15,100.15,99.068,99.068,94.203,94.203,94.166,94.166,93.034,93.034,88.392,88.392,89.082,89.082,92.688,92.688,81.254,81.254,61.173,61.173,68.977,68.977,86.775,86.775,93.694,93.694,93.605,93.605,92.797,92.797,88.483,88.483,84.013,84.013,88.632,88.632,90.864,90.864,88.571,88.571,85.315,85.315,87.002,87.002,82.463,82.463,82.922,82.922,85.92,85.92,78.261,78.261,72.128,72.128,76.212,76.212,69.084,69.084,41.711,41.711
-65.5,43.528,43.528,58.25,58.25,78.106,78.106,84.889,84.889,86.54,86.54,79.809,79.809,74.217,74.217,80.648,80.648,79.749,79.749,76.483,76.483,71.727,71.727,68.63,68.63,68.196,68.196,68.275,68.275,69.453,69.453,66.731,66.731,64.252,64.252,68.746,68.746,65.062,65.062,62.578,62.578,70.872,70.872,78.07,78.07,79.612,79.612,86.387,86.387,75.969,75.969,55.34,55.34,59.291,59.291,68.34,68.34,77.258,77.258,84.523,84.523,88.563,88.563,96.625,96.625,78.352,78.352,68.336,68.336,71.566,71.566,79.965,79.965,83.15,83.15,84.986,84.986,85.785,85.785,89.765,89.765,91.245,91.245,91.3,91.3,93.452,93.452,95.985,95.985,100.77,100.77,108.95,108.95,113.14,113.14,111.2,111.2,113.49,113.49,112.4,112.4,103.89,103.89,101.49,101.49,105.05,105.05,103.62,103.62,93.293,93.293,94.127,94.127,91.224,91.224,88.987,88.987,82.354,82.354,61.981,61.981,58.021,58.021,54.382,54.382,64.061,64.061,76.107,76.107,64.507,64.507,48.603,48.603,46.45,46.45,63.459,63.459,57.333,57.333,56.18,56.18,62.839,62.839,66.12,66.12,71.556,71.556,79.563,79.563,85.851,85.851,91.587,91.587,98.342,98.342,97.485,97.485,97.037,97.037,96.349,96.349,97.381,97.381,86.175,86.175,70.547,70.547,76.463,76.463,91.87,91.87,87.18,87.18,92.198,92.198,95.732,95.732,96.854,96.854,92.637,92.637,85.188,85.188,81.193,81.193,89.571,89.571,90.168,90.168,86.501,86.501,79.258,79.258,85.06,85.06,87.718,87.718,77.973,77.973,83.695,83.695,82.643,82.643,85.534,85.534,91.358,91.358,93.657,93.657,95.836,95.836,89.049,89.049,84.532,84.532,83.488,83.488,83.813,83.813,92.737,92.737,86.548,86.548,79.859,79.859,66.886,66.886,62.329,62.329,67.244,67.244,66.878,66.878,69.974,69.974,69.094,69.094,67.822,67.822,58.684,58.684,50.23,50.23,45.529,45.529,41.236,41.236,46.47,46.47,51.213,51.213,54.554,54.554,57.313,57.313,50.325,50.325,47.892,47.892,50.666,50.666,57.457,57.457,59.349,59.349,79.922,79.922,89.767,89.767,85.481,85.481,75.713,75.713,75.988,75.988,83.853,83.853,86.992,86.992,77.916,77.916,89.262,89.262,87.793,87.793,75.948,75.948,69.318,69.318,71.645,71.645,80.118,80.118,74.376,74.376,74.991,74.991,91.176,91.176,96.756,96.756,101.18,101.18,94.77,94.77,95.531,95.531,96.522,96.522,98.126,98.126,99.722,99.722,103.43,103.43,99.597,99.597,99.613,99.613,97.975,97.975,102.38,102.38,99.34,99.34,97.45,97.45,93.333,93.333,92.821,92.821,96.995,96.995,93.21,93.21,93.514,93.514,99.344,99.344,92.738,92.738,88.836,88.836,88.499,88.499,84.133,84.133,83.898,83.898,85.681,85.681,74.523,74.523,73.197,73.197,66.715,66.715,72.249,72.249,51.193,51.193
-64.5,52.514,52.514,43.044,43.044,53.272,53.272,60.598,60.598,59.657,59.657,63.512,63.512,66.308,66.308,75.794,75.794,79.029,79.029,75.716,75.716,70.924,70.924,63.552,63.552,63.661,63.661,65.259,65.259,66.487,66.487,62.537,62.537,58.097,58.097,57.147,57.147,60.233,60.233,62.16,62.16,72.044,72.044,75.184,75.184,73.679,73.679,74.002,74.002,83.733,83.733,72.639,72.639,55.162,55.162,76.475,76.475,85.712,85.712,88.887,88.887,97.023,97.023,100.54,100.54,83.971,83.971,79.541,79.541,87.832,87.832,90.979,90.979,99.006,99.006,100.27,100.27,90.143,90.143,91.749,91.749,94.236,94.236,96.461,96.461,94.51,94.51,95.947,95.947,102.15,102.15,106.47,106.47,106.28,106.28,102.64,102.64,107.43,107.43,103.01,103.01,100.45,100.45,105.07,105.07,109.04,109.04,109.14,109.14,99.638,99.638,98.788,98.788,97.187,97.187,90.776,90.776,87.936,87.936,81.239,81.239,68.075,68.075,51.402,51.402,46.622,46.622,48.795,48.795,45.81,45.81,33.871,33.871,34.352,34.352,43.888,43.888,54.518,54.518,67.739,67.739,82.774,82.774,88.513,88.513,88.466,88.466,87.602,87.602,96.812,96.812,101.49,101.49,99.216,99.216,100.53,100.53,98.028,98.028,90.405,90.405,91.178,91.178,89.724,89.724,70.694,70.694,75.276,75.276,82.565,82.565,92.771,92.771,97.572,97.572,99.331,99.331,98.947,98.947,93.634,93.634,85.442,85.442,81.751,81.751,89.215,89.215,81.358,81.358,86.516,86.516,83.205,83.205,86.962,86.962,88.688,88.688,80.338,80.338,74.246,74.246,67.661,67.661,66.842,66.842,70.344,70.344,90.09,90.09,102,102,103.48,103.48,100.01,100.01,92.507,92.507,93.474,93.474,90.338,90.338,83.196,83.196,80.4,80.4,72.465,72.465,84.513,84.513,87.034,87.034,86.554,86.554,85.896,85.896,82.613,82.613,75.913,75.913,68.485,68.485,65.69,65.69,67.399,67.399,63.645,63.645,55.023,55.023,53.181,53.181,55.719,55.719,52.538,52.538,53.073,53.073,49.252,49.252,48.245,48.245,50.125,50.125,52.718,52.718,59.663,59.663,74.879,74.879,81.14,81.14,71.098,71.098,72.466,72.466,73.574,73.574,76.198,76.198,82.748,82.748,87.529,87.529,91.903,91.903,84.393,84.393,72.639,72.639,65.01,65.01,73.267,73.267,79.816,79.816,71.861,71.861,83.709,83.709,93.878,93.878,97.375,97.375,103.02,103.02,86.41,86.41,92.75,92.75,97.634,97.634,107.96,107.96,109.76,109.76,104.29,104.29,106.21,106.21,104.95,104.95,102.16,102.16,104.22,104.22,105.76,105.76,102.37,102.37,103.62,103.62,97.816,97.816,99.828,99.828,93.906,93.906,94.705,94.705,90.185,90.185,92.263,92.263,93.796,93.796,90.697,90.697,87.194,87.194,91.274,91.274,80.9,80.9,81.189,81.189,72.959,72.959,67.6,67.6,60.217,60.217
-63.5,79.178,79.178,72.034,72.034,74.79,74.79,64.938,64.938,50.568,50.568,51.401,51.401,68.744,68.744,71.14,71.14,70.158,70.158,72.456,72.456,66.849,66.849,59.573,59.573,60.079,60.079,61.409,61.409,61.927,61.927,68.751,68.751,72.595,72.595,74.84,74.84,73.319,73.319,75.24,75.24,75.715,75.715,76.799,76.799,76.669,76.669,72.89,72.89,73.509,73.509,83.293,83.293,71.833,71.833,58.178,58.178,86.778,86.778,91.086,91.086,91.263,91.263,106.08,106.08,98.757,98.757,84.831,84.831,97.326,97.326,95.258,95.258,102.41,102.41,108.25,108.25,95.293,95.293,87.481,87.481,92.421,92.421,89.828,89.828,82.857,82.857,86.645,86.645,94.027,94.027,95.708,95.708,97.025,97.025,98.361,98.361,95.543,95.543,98.923,98.923,98.996,98.996,101.05,101.05,107.11,107.11,106.93,106.93,107.94,107.94,106.06,106.06,103.84,103.84,101.04,101.04,93.039,93.039,91.171,91.171,86.311,86.311,76.806,76.806,61.994,61.994,47.663,47.663,51.917,51.917,49.828,49.828,52.016,52.016,61.379,61.379,74.997,74.997,85.491,85.491,96.8,96.8,105.34,105.34,108.67,108.67,105.79,105.79,109.5,109.5,106.26,106.26,102.53,102.53,104.12,104.12,92.271,92.271,87.27,87.27,83.195,83.195,79.992,79.992,74.627,74.627,64.553,64.553,73.895,73.895,83.387,83.387,95.837,95.837,98.475,98.475,103.59,103.59,103.26,103.26,97.329,97.329,85.767,85.767,80.487,80.487,80.122,80.122,88.845,88.845,88.727,88.727,90.231,90.231,87.792,87.792,90.376,90.376,82.802,82.802,69.407,69.407,65.868,65.868,66.265,66.265,74.651,74.651,90.728,90.728,101.91,101.91,105.12,105.12,102.16,102.16,93.955,93.955,83,83,89.922,89.922,80.264,80.264,90.155,90.155,82.667,82.667,68.417,68.417,90.771,90.771,97.257,97.257,94.631,94.631,89.494,89.494,85.199,85.199,76.971,76.971,69.328,69.328,68.321,68.321,68.838,68.838,59.738,59.738,57.474,57.474,54.369,54.369,50.677,50.677,48.555,48.555,45.586,45.586,47.974,47.974,45.807,45.807,45.616,45.616,51.21,51.21,60.588,60.588,58.362,58.362,62.024,62.024,60.872,60.872,65.991,65.991,90.239,90.239,97.345,97.345,94.45,94.45,94.807,94.807,80.261,80.261,70.829,70.829,68.749,68.749,78.143,78.143,82.221,82.221,84.633,84.633,98.144,98.144,103.31,103.31,106.15,106.15,94.967,94.967,91.709,91.709,101.77,101.77,108.62,108.62,108.75,108.75,103.31,103.31,108.52,108.52,108.96,108.96,109.35,109.35,107.56,107.56,105.59,105.59,108.1,108.1,108.93,108.93,103.36,103.36,103.33,103.33,91.093,91.093,90.176,90.176,88.16,88.16,97.833,97.833,104.27,104.27,95.377,95.377,94.825,94.825,95.013,95.013,89.027,89.027,84.628,84.628,80.079,80.079,64.017,64.017,74.539,74.539
-62.5,88.763,88.763,76.065,76.065,70.263,70.263,51.353,51.353,43.413,43.413,44.086,44.086,44.846,44.846,45.954,45.954,50.426,50.426,57.194,57.194,67.801,67.801,76.384,76.384,77.493,77.493,70.851,70.851,74.117,74.117,73.948,73.948,67.708,67.708,68.997,68.997,72.009,72.009,81.181,81.181,78.856,78.856,78.163,78.163,72.113,72.113,68.175,68.175,71.456,71.456,75.035,75.035,75.058,75.058,66.076,66.076,79.189,79.189,98.423,98.423,93.568,93.568,96.891,96.891,98.219,98.219,94.562,94.562,95.321,95.321,97.061,97.061,103.79,103.79,106.98,106.98,105.85,105.85,91.54,91.54,98.511,98.511,86.915,86.915,69.012,69.012,77.774,77.774,76.302,76.302,71.302,71.302,86.724,86.724,98.069,98.069,91.04,91.04,86.66,86.66,83.788,83.788,82.004,82.004,85.434,85.434,93.414,93.414,106.7,106.7,110.88,110.88,109.56,109.56,108.75,108.75,108.24,108.24,101.36,101.36,92.023,92.023,83.941,83.941,74.64,74.64,61.272,61.272,53.562,53.562,60.831,60.831,69.193,69.193,75.722,75.722,82.618,82.618,93.538,93.538,99.995,99.995,109.08,109.08,113.46,113.46,111.11,111.11,113.22,113.22,110.8,110.8,105.75,105.75,103.56,103.56,97.255,97.255,90.651,90.651,70.529,70.529,66.331,66.331,73.227,73.227,69.807,69.807,67.383,67.383,67.861,67.861,80.307,80.307,95.066,95.066,101.91,101.91,106.17,106.17,101.9,101.9,87.838,87.838,80.677,80.677,70.872,70.872,73.044,73.044,84.339,84.339,99.728,99.728,96.815,96.815,90.749,90.749,84.402,84.402,75.457,75.457,70.993,70.993,62.937,62.937,70.593,70.593,80.885,80.885,92.746,92.746,98.252,98.252,99.884,99.884,99.1,99.1,93.074,93.074,92.641,92.641,77.006,77.006,86.261,86.261,88.133,88.133,66.658,66.658,90.04,90.04,85.432,85.432,104.51,104.51,101.1,101.1,96.933,96.933,91.571,91.571,83.344,83.344,90.34,90.34,84.757,84.757,73.544,73.544,66.807,66.807,59.208,59.208,57.761,57.761,47.541,47.541,42.066,42.066,45.344,45.344,47.062,47.062,48.921,48.921,50.907,50.907,53.783,53.783,51.781,51.781,55.375,55.375,57.78,57.78,63.54,63.54,97.441,97.441,99.765,99.765,98.912,98.912,99.751,99.751,94.822,94.822,80.492,80.492,75.482,75.482,69.531,69.531,76.567,76.567,73.296,73.296,91.236,91.236,110.06,110.06,105.46,105.46,102.96,102.96,92.451,92.451,92.443,92.443,109.32,109.32,111.35,111.35,108.36,108.36,112.51,112.51,114.09,114.09,113.13,113.13,113.18,113.18,111.72,111.72,113.83,113.83,115.01,115.01,111.75,111.75,94.622,94.622,90.082,90.082,88.861,88.861,90.417,90.417,95.127,95.127,101.03,101.03,101.45,101.45,97.315,97.315,92.787,92.787,88.581,88.581,86.885,86.885,81.795,81.795,72.829,72.829,83.072,83.072
-61.5,82.271,82.271,82.114,82.114,79.783,79.783,55.436,55.436,53.863,53.863,57.832,57.832,51.729,51.729,56.609,56.609,67.555,67.555,75.355,75.355,80.315,80.315,82.198,82.198,78.094,78.094,77.089,77.089,74.774,74.774,69.343,69.343,70.714,70.714,72.479,72.479,83.632,83.632,83.68,83.68,75.739,75.739,61.905,61.905,58.313,58.313,48.999,48.999,57.276,57.276,69.064,69.064,72.178,72.178,81.575,81.575,83.042,83.042,95.603,95.603,105.1,105.1,92.337,92.337,98.746,98.746,96.667,96.667,87.663,87.663,88.837,88.837,92.501,92.501,95.906,95.906,103.13,103.13,99.243,99.243,106.64,106.64,91.209,91.209,70.556,70.556,77.534,77.534,71.652,71.652,66.897,66.897,64.15,64.15,71.734,71.734,83.594,83.594,81.078,81.078,85.373,85.373,79.206,79.206,70.48,70.48,82.655,82.655,95.861,95.861,110.34,110.34,113.31,113.31,110.53,110.53,109.24,109.24,107.62,107.62,102.43,102.43,97.478,97.478,92.324,92.324,82.89,82.89,77.08,77.08,74.49,74.49,82.76,82.76,89.12,89.12,93.693,93.693,102.29,102.29,108.19,108.19,112.02,112.02,113.68,113.68,112.2,112.2,110.28,110.28,104.19,104.19,91.307,91.307,87.904,87.904,97.973,97.973,92.666,92.666,81.741,81.741,76.329,76.329,89.397,89.397,89.879,89.879,77.996,77.996,73.063,73.063,72.516,72.516,84.016,84.016,93.991,93.991,106.16,106.16,105.06,105.06,100.8,100.8,88.195,88.195,88.478,88.478,84.882,84.882,79.815,79.815,84.968,84.968,94.824,94.824,96.108,96.108,92.682,92.682,88.988,88.988,67.01,67.01,71.902,71.902,76.818,76.818,82.446,82.446,87.669,87.669,99.515,99.515,97.978,97.978,91.053,91.053,83.505,83.505,82.468,82.468,72.876,72.876,72.587,72.587,78.143,78.143,77.656,77.656,68.69,68.69,85.678,85.678,109.42,109.42,118.32,118.32,104.11,104.11,99.374,99.374,85.054,85.054,83.672,83.672,70.725,70.725,49.019,49.019,48.162,48.162,48.742,48.742,52.154,52.154,48.228,48.228,44.687,44.687,45.128,45.128,41.198,41.198,46.646,46.646,48.962,48.962,54.394,54.394,75.65,75.65,66.908,66.908,72.195,72.195,81.395,81.395,102.33,102.33,107.48,107.48,103.99,103.99,102.26,102.26,95.687,95.687,92.329,92.329,77.898,77.898,73.087,73.087,77.769,77.769,77.638,77.638,72.971,72.971,91.85,91.85,98.062,98.062,104.8,104.8,94.488,94.488,88.144,88.144,107.38,107.38,110.42,110.42,112.47,112.47,116.53,116.53,116.5,116.5,116.5,116.5,116.01,116.01,117.28,117.28,117.16,117.16,116.75,116.75,116.5,116.5,109.19,109.19,111.33,111.33,103.66,103.66,101.79,101.79,103.2,103.2,98.562,98.562,92.753,92.753,94.956,94.956,93.382,93.382,90.528,90.528,89.025,89.025,94.397,94.397,83.757,83.757,84.856,84.856
-60.5,71.513,71.513,86.434,86.434,77.011,77.011,60.688,60.688,61.841,61.841,73.941,73.941,80.581,80.581,84.27,84.27,86.283,86.283,88.361,88.361,92.272,92.272,91.46,91.46,93.248,93.248,92.597,92.597,85.157,85.157,78.306,78.306,74.296,74.296,77.569,77.569,76.219,76.219,76.387,76.387,76.577,76.577,81.613,81.613,70.186,70.186,71.178,71.178,65.741,65.741,69.075,69.075,74.489,74.489,91.842,91.842,85.213,85.213,86.223,86.223,103.23,103.23,103.74,103.74,99.371,99.371,101.92,101.92,101.43,101.43,95.026,95.026,88.633,88.633,86.616,86.616,88.547,88.547,95.873,95.873,104.76,104.76,105.72,105.72,99.798,99.798,98.313,98.313,77.012,77.012,61.776,61.776,66.303,66.303,61.299,61.299,49.133,49.133,71.81,71.81,83.381,83.381,74.881,74.881,60.124,60.124,65.508,65.508,80.528,80.528,99.048,99.048,112.65,112.65,113.01,113.01,112.76,112.76,113.37,113.37,114.1,114.1,107.12,107.12,105.82,105.82,95.449,95.449,99.56,99.56,101.02,101.02,104.3,104.3,107.06,107.06,106.4,106.4,105.51,105.51,109.4,109.4,114.08,114.08,110.88,110.88,101.95,101.95,90.548,90.548,82.063,82.063,88.765,88.765,99.663,99.663,103.67,103.67,101.13,101.13,94.736,94.736,98.705,98.705,103.21,103.21,100.16,100.16,99.554,99.554,97.575,97.575,93.184,93.184,85.973,85.973,88.125,88.125,91.483,91.483,99.431,99.431,99.397,99.397,98.476,98.476,96.094,96.094,91.521,91.521,93.637,93.637,103.44,103.44,95.801,95.801,92.041,92.041,104.36,104.36,100.32,100.32,93.972,93.972,92.738,92.738,97.123,97.123,82.716,82.716,82.672,82.672,90.491,90.491,96.042,96.042,96.581,96.581,97.773,97.773,88.18,88.18,85.727,85.727,67.902,67.902,62.666,62.666,58.593,58.593,77.836,77.836,95.243,95.243,116.84,116.84,115.58,115.58,110.9,110.9,107.65,107.65,94.268,94.268,69.793,69.793,72.466,72.466,68.102,68.102,72.906,72.906,64.472,64.472,52.422,52.422,45.875,45.875,44.475,44.475,44.074,44.074,43.171,43.171,47.192,47.192,58.505,58.505,77.314,77.314,88.94,88.94,90.084,90.084,96.672,96.672,102.2,102.2,108.46,108.46,110.05,110.05,107.45,107.45,107.09,107.09,103.83,103.83,95.176,95.176,87.149,87.149,82.695,82.695,72.065,72.065,83.882,83.882,91.935,91.935,93.402,93.402,87.893,87.893,97.394,97.394,103.72,103.72,94.538,94.538,104.55,104.55,107.72,107.72,113.99,113.99,118.93,118.93,119.23,119.23,119.75,119.75,120.79,120.79,121.92,121.92,123.19,123.19,125.39,125.39,125.68,125.68,122.16,122.16,120.66,120.66,119.66,119.66,110.13,110.13,102.77,102.77,93.668,93.668,87.724,87.724,94.252,94.252,97.482,97.482,100.17,100.17,92.986,92.986,86.072,86.072,83.678,83.678,77.906,77.906
-59.5,93.714,93.714,84.441,84.441,75.887,75.887,85.249,85.249,69.368,69.368,79.678,79.678,89.716,89.716,82.146,82.146,87.744,87.744,99.382,99.382,99.004,99.004,100.22,100.22,96.266,96.266,86.621,86.621,82.933,82.933,91.974,91.974,94.453,94.453,93.517,93.517,94.28,94.28,85.531,85.531,78.153,78.153,69.176,69.176,73.234,73.234,78.135,78.135,76.622,76.622,85.247,85.247,85.414,85.414,83.199,83.199,76.784,76.784,79.43,79.43,88.689,88.689,106.16,106.16,104.09,104.09,103.4,103.4,95.717,95.717,95.579,95.579,91.49,91.49,86.715,86.715,84.174,84.174,82.674,82.674,93.002,93.002,92.876,92.876,92.999,92.999,87.946,87.946,74.339,74.339,55.76,55.76,62.244,62.244,55.613,55.613,64.2,64.2,65.429,65.429,74.501,74.501,76.112,76.112,69.44,69.44,73.31,73.31,72.734,72.734,74.82,74.82,104.78,104.78,113.11,113.11,117.83,117.83,115.02,115.02,115.2,115.2,107.99,107.99,106.23,106.23,104.83,104.83,101.68,101.68,104.15,104.15,105.18,105.18,110.22,110.22,114.44,114.44,115.45,115.45,114.3,114.3,107.93,107.93,101.49,101.49,90.863,90.863,95.734,95.734,106.39,106.39,108.59,108.59,114.52,114.52,110.74,110.74,107.45,107.45,109.84,109.84,112.12,112.12,112.1,112.1,112.24,112.24,114.19,114.19,116.64,116.64,106.74,106.74,102.99,102.99,96.519,96.519,96.524,96.524,97.962,97.962,90.917,90.917,87.266,87.266,94.218,94.218,95.605,95.605,104.53,104.53,114.64,114.64,112.14,112.14,104.97,104.97,101.27,101.27,102.32,102.32,110.94,110.94,108.46,108.46,102.47,102.47,89.036,89.036,90.474,90.474,88.093,88.093,96.977,96.977,103.9,103.9,106.61,106.61,84.01,84.01,85.625,85.625,75.393,75.393,80.664,80.664,80.701,80.701,97.841,97.841,102.21,102.21,108.73,108.73,118.07,118.07,118.46,118.46,112.84,112.84,95.648,95.648,68.455,68.455,80.829,80.829,91.437,91.437,93.536,93.536,82.784,82.784,62.276,62.276,46.941,46.941,45.155,45.155,44.829,44.829,44.467,44.467,52.504,52.504,66.07,66.07,66.435,66.435,65.825,65.825,86.102,86.102,102.44,102.44,110.26,110.26,111.82,111.82,118.93,118.93,113.43,113.43,112.52,112.52,114.78,114.78,109.68,109.68,92.747,92.747,86.826,86.826,74.377,74.377,78.346,78.346,87.327,87.327,100.07,100.07,96.38,96.38,91.184,91.184,104.88,104.88,97.999,97.999,105.74,105.74,109.42,109.42,116.22,116.22,120.68,120.68,122.04,122.04,122.29,122.29,122.82,122.82,124.07,124.07,123.42,123.42,124.42,124.42,123.98,123.98,125.84,125.84,124.58,124.58,124.95,124.95,121.51,121.51,114.59,114.59,109.81,109.81,103.19,103.19,101.1,101.1,98.75,98.75,86.6,86.6,78.079,78.079,66.639,66.639,81.448,81.448,99.137,99.137
-58.5,97.854,97.854,84.302,84.302,81.492,81.492,91.039,91.039,94.475,94.475,95.608,95.608,85.604,85.604,91.369,91.369,99.729,99.729,109.21,109.21,104.35,104.35,112.72,112.72,104.32,104.32,103.28,103.28,107.14,107.14,112.67,112.67,110.97,110.97,113.52,113.52,110.28,110.28,110.31,110.31,105.34,105.34,102.48,102.48,102.79,102.79,90.722,90.722,93.217,93.217,91.035,91.035,80.159,80.159,92.113,92.113,82.601,82.601,79.583,79.583,83.932,83.932,103.63,103.63,114.84,114.84,111.54,111.54,102.66,102.66,92.892,92.892,100.04,100.04,90.659,90.659,80.066,80.066,82.658,82.658,81.965,81.965,74.351,74.351,65.284,65.284,69.33,69.33,60.067,60.067,58.911,58.911,66.598,66.598,64.644,64.644,60.676,60.676,64.319,64.319,70.273,70.273,72.378,72.378,82.717,82.717,70.63,70.63,62.263,62.263,60.151,60.151,83.942,83.942,111.38,111.38,116.2,116.2,118.61,118.61,122.79,122.79,118.43,118.43,120.15,120.15,111.73,111.73,104.98,104.98,98.321,98.321,103.21,103.21,109.61,109.61,113.72,113.72,114.3,114.3,111.45,111.45,105.19,105.19,99.801,99.801,113.1,113.1,123.63,123.63,121.98,121.98,121.91,121.91,119.18,119.18,115.21,115.21,119.57,119.57,127.16,127.16,127.51,127.51,123.26,123.26,121.11,121.11,117.6,117.6,114.63,114.63,111.12,111.12,113.37,113.37,109,109,103.7,103.7,99.177,99.177,97.17,97.17,96.105,96.105,102.45,102.45,113.13,113.13,118.83,118.83,119.25,119.25,122.97,122.97,112.26,112.26,110.32,110.32,109.48,109.48,109.95,109.95,119.57,119.57,114.37,114.37,98.489,98.489,92.657,92.657,85.731,85.731,86.414,86.414,90.499,90.499,86.894,86.894,74.015,74.015,75.17,75.17,86.477,86.477,80.716,80.716,90.006,90.006,107.65,107.65,110.22,110.22,114.02,114.02,123.32,123.32,122.27,122.27,117.15,117.15,98.553,98.553,69.429,69.429,58.834,58.834,75.371,75.371,80.784,80.784,75.686,75.686,54.855,54.855,48.107,48.107,55.702,55.702,53.314,53.314,62.236,62.236,70.728,70.728,56.505,56.505,68.03,68.03,79.54,79.54,97.824,97.824,104.05,104.05,113.36,113.36,121.74,121.74,126.67,126.67,120.39,120.39,117.68,117.68,113.32,113.32,117.24,117.24,111.7,111.7,100.68,100.68,83.931,83.931,75.221,75.221,83.362,83.362,89.318,89.318,92.891,92.891,82.648,82.648,99.711,99.711,99.237,99.237,98.129,98.129,111.88,111.88,111.98,111.98,122.78,122.78,123.26,123.26,122.32,122.32,118.2,118.2,112.16,112.16,112.51,112.51,113.39,113.39,114.06,114.06,115.88,115.88,121.62,121.62,121.26,121.26,119.45,119.45,116.96,116.96,110.86,110.86,108.91,108.91,99.509,99.509,86.437,86.437,66.742,66.742,71.331,71.331,70.014,70.014,86.537,86.537,102.29,102.29
-57.5,97.787,97.787,96.721,96.721,98.278,98.278,96.025,96.025,93.578,93.578,100.47,100.47,102.54,102.54,97.979,97.979,93.548,93.548,114.15,114.15,120.72,120.72,121.97,121.97,123.95,123.95,123.41,123.41,122.83,122.83,126.53,126.53,127.56,127.56,127.5,127.5,120.27,120.27,119,119,121.6,121.6,123.12,123.12,121.37,121.37,102.64,102.64,99.592,99.592,93.332,93.332,96.497,96.497,97.141,97.141,94.851,94.851,89.569,89.569,91.034,91.034,90.926,90.926,106.18,106.18,109.19,109.19,106.74,106.74,98.526,98.526,91.665,91.665,85.84,85.84,77.068,77.068,77.717,77.717,79.646,79.646,75.263,75.263,71.672,71.672,68.81,68.81,63.945,63.945,60.323,60.323,75.419,75.419,64.317,64.317,52.872,52.872,51.301,51.301,53.473,53.473,57.663,57.663,56.056,56.056,46.153,46.153,47.588,47.588,60.529,60.529,83.621,83.621,101.49,101.49,111.31,111.31,119.19,119.19,120.73,120.73,118.4,118.4,123.01,123.01,109.19,109.19,99.561,99.561,96.259,96.259,99.687,99.687,103.63,103.63,104.61,104.61,105.76,105.76,105.72,105.72,112.46,112.46,124.61,124.61,129.19,129.19,134.95,134.95,130.45,130.45,122.42,122.42,118.3,118.3,120.35,120.35,128.56,128.56,126.54,126.54,125.96,125.96,121.38,121.38,115.08,115.08,122.88,122.88,115.29,115.29,112.12,112.12,113.44,113.44,107.61,107.61,106.98,106.98,107.86,107.86,110.2,110.2,108.36,108.36,110.93,110.93,117.43,117.43,122.32,122.32,142.03,142.03,133.77,133.77,132.68,132.68,126.04,126.04,117.02,117.02,111.93,111.93,118.25,118.25,120.66,120.66,107.22,107.22,95.49,95.49,93.82,93.82,85.507,85.507,86.324,86.324,89.607,89.607,96.993,96.993,92.622,92.622,86.95,86.95,86.77,86.77,105.52,105.52,116.64,116.64,123.02,123.02,121.53,121.53,127.47,127.47,126.91,126.91,117.14,117.14,93.252,93.252,63.931,63.931,59.589,59.589,43.907,43.907,59.752,59.752,57.312,57.312,67.942,67.942,59.326,59.326,73.155,73.155,79.645,79.645,78.222,78.222,64.543,64.543,58.519,58.519,64.46,64.46,90.872,90.872,103.21,103.21,115.23,115.23,124.17,124.17,124.05,124.05,128.03,128.03,119.89,119.89,116.78,116.78,115.34,115.34,114.47,114.47,117.29,117.29,108.79,108.79,87.307,87.307,73.763,73.763,73.28,73.28,79.564,79.564,79.578,79.578,79.392,79.392,90.138,90.138,107.26,107.26,96.296,96.296,122,122,107.23,107.23,111.33,111.33,117.52,117.52,109.25,109.25,106.19,106.19,104.32,104.32,112.32,112.32,112.9,112.9,120.3,120.3,112.18,112.18,112.72,112.72,114.62,114.62,116.84,116.84,110.84,110.84,110.93,110.93,106.98,106.98,111.5,111.5,86.928,86.928,63.172,63.172,61.351,61.351,62.676,62.676,73.078,73.078,85.312,85.312
-56.5,105.92,105.92,107.03,107.03,102.3,102.3,98.524,98.524,102.69,102.69,109.01,109.01,113.61,113.61,105.27,105.27,106.25,106.25,128.19,128.19,133.28,133.28,133.63,133.63,135.73,135.73,134.08,134.08,135.75,135.75,125.42,125.42,125.67,125.67,120.99,120.99,120.66,120.66,120.43,120.43,119.01,119.01,120.86,120.86,121.58,121.58,117.01,117.01,96.974,96.974,99.411,99.411,101.55,101.55,100.48,100.48,98.876,98.876,93.997,93.997,89.848,89.848,83.461,83.461,92.606,92.606,95.047,95.047,117.89,117.89,109.7,109.7,108.64,108.64,97.305,97.305,87.889,87.889,79.635,79.635,72.816,72.816,90.075,90.075,86.544,86.544,75.129,75.129,76.492,76.492,78.088,78.088,65.551,65.551,62.645,62.645,53.12,53.12,51.282,51.282,44.237,44.237,41.896,41.896,46.974,46.974,46.596,46.596,44.12,44.12,52.088,52.088,72.819,72.819,92.763,92.763,107.77,107.77,120.9,120.9,120.37,120.37,106.84,106.84,121.88,121.88,115.42,115.42,103.61,103.61,94.756,94.756,93.733,93.733,94.903,94.903,96.437,96.437,106.52,106.52,115.8,115.8,128.73,128.73,139.26,139.26,139.6,139.6,126.33,126.33,125.73,125.73,125.97,125.97,121.6,121.6,115.07,115.07,114.92,114.92,115.14,115.14,122.08,122.08,120.43,120.43,122.11,122.11,122.55,122.55,124.83,124.83,123.06,123.06,121.75,121.75,114.27,114.27,105.77,105.77,105.8,105.8,109.11,109.11,111.79,111.79,113.37,113.37,113.89,113.89,122.76,122.76,135.18,135.18,135.35,135.35,132.75,132.75,132.09,132.09,117.18,117.18,111.16,111.16,109.61,109.61,114.37,114.37,113.1,113.1,100.93,100.93,91.207,91.207,100.34,100.34,87.077,87.077,92.024,92.024,91.552,91.552,90.252,90.252,92.162,92.162,94.775,94.775,102.42,102.42,117.43,117.43,122.06,122.06,127.91,127.91,135.04,135.04,125.24,125.24,115.91,115.91,82.085,82.085,70.061,70.061,56.199,56.199,47.237,47.237,44.866,44.866,46.845,46.845,56.264,56.264,59.866,59.866,68.235,68.235,64.738,64.738,63.823,63.823,71.528,71.528,86.617,86.617,98.948,98.948,115.43,115.43,120.31,120.31,125.21,125.21,124.94,124.94,126.93,126.93,121.96,121.96,123.17,123.17,115.01,115.01,113.35,113.35,110.92,110.92,113.82,113.82,103.63,103.63,102.8,102.8,91.996,91.996,80.68,80.68,68.852,68.852,61.628,61.628,69.214,69.214,92.543,92.543,113.44,113.44,106.26,106.26,121.43,121.43,111.18,111.18,78.721,78.721,87.927,87.927,84.843,84.843,90.631,90.631,103.81,103.81,110.86,110.86,110.33,110.33,122.27,122.27,126.35,126.35,127.5,127.5,130.51,130.51,131.3,131.3,123.78,123.78,120.39,120.39,115.1,115.1,106.96,106.96,80.658,80.658,69.407,69.407,50.307,50.307,74.192,74.192,87.105,87.105,96.843,96.843
-55.5,103.64,103.64,98.879,98.879,99.941,99.941,99.613,99.613,92.512,92.512,105.07,105.07,107.18,107.18,101,101,129.88,129.88,137.37,137.37,139.93,139.93,141.99,141.99,142.03,142.03,138.11,138.11,131.06,131.06,119.65,119.65,120.51,120.51,118.75,118.75,114.73,114.73,110.94,110.94,107.75,107.75,112.43,112.43,118.1,118.1,119.17,119.17,113.87,113.87,95.946,95.946,92.52,92.52,96.607,96.607,98.265,98.265,101.74,101.74,101.07,101.07,90.508,90.508,86.766,86.766,93.364,93.364,113.84,113.84,114.43,114.43,124.46,124.46,116.33,116.33,103.98,103.98,96.575,96.575,87.966,87.966,84.652,84.652,71.972,71.972,55,55,67.465,67.465,55.524,55.524,55.962,55.962,60.974,60.974,59.674,59.674,54.85,54.85,41.696,41.696,40.68,40.68,41.954,41.954,40.344,40.344,43.725,43.725,56.613,56.613,79.491,79.491,90.728,90.728,104.13,104.13,114.48,114.48,114.6,114.6,111.46,111.46,115.92,115.92,119.26,119.26,112.7,112.7,103.64,103.64,97.16,97.16,93.135,93.135,101.5,101.5,118.43,118.43,135.99,135.99,145.56,145.56,142.59,142.59,100.7,100.7,93.798,93.798,107.09,107.09,114.95,114.95,115.46,115.46,104.89,104.89,99.839,99.839,98.761,98.761,112.24,112.24,121.58,121.58,124.52,124.52,126.19,126.19,125.81,125.81,126.48,126.48,119.24,119.24,119.45,119.45,118.2,118.2,110.87,110.87,113.48,113.48,112.51,112.51,118.87,118.87,119.35,119.35,126.48,126.48,132.67,132.67,134.75,134.75,136.53,136.53,130.21,130.21,121.71,121.71,111.77,111.77,99.08,99.08,102.82,102.82,109.29,109.29,109.26,109.26,99.941,99.941,96.966,96.966,106.94,106.94,110.4,110.4,89.164,89.164,85.568,85.568,88.858,88.858,94.64,94.64,99.348,99.348,111.79,111.79,127.1,127.1,137.79,137.79,136.98,136.98,123.63,123.63,111.32,111.32,79.696,79.696,61.208,61.208,56.291,56.291,58.68,58.68,59.844,59.844,59.315,59.315,67.709,67.709,77.337,77.337,81.044,81.044,87.362,87.362,92.852,92.852,105.01,105.01,113.05,113.05,123.92,123.92,121.47,121.47,122.61,122.61,126.85,126.85,124.73,124.73,118.9,118.9,121.05,121.05,116,116,116.21,116.21,110.34,110.34,105.56,105.56,100.6,100.6,88.63,88.63,107.91,107.91,96.11,96.11,92.642,92.642,75.026,75.026,51.54,51.54,49.765,49.765,87.875,87.875,133.7,133.7,129.61,129.61,120.69,120.69,116.94,116.94,86.574,86.574,85.341,85.341,101.12,101.12,88.823,88.823,93.563,93.563,85.496,85.496,104.12,104.12,100.11,100.11,111.62,111.62,123.06,123.06,126.77,126.77,126.13,126.13,133.02,133.02,131.82,131.82,129.18,129.18,116.8,116.8,95.544,95.544,83.795,83.795,69.783,69.783,82.598,82.598,104.25,104.25,110.99,110.99
-54.5,85.721,85.721,89.365,89.365,108,108,107.7,107.7,106.99,106.99,90.983,90.983,111.42,111.42,114.96,114.96,134.13,134.13,136.23,136.23,141.53,141.53,144.77,144.77,141.47,141.47,127.87,127.87,112.23,112.23,106.07,106.07,108.42,108.42,104.48,104.48,104.97,104.97,106.64,106.64,107.55,107.55,102.38,102.38,111.84,111.84,116.54,116.54,114.96,114.96,111.62,111.62,95.289,95.289,88.885,88.885,97.654,97.654,96.007,96.007,106.09,106.09,102.12,102.12,99.993,99.993,98.059,98.059,115.98,115.98,112.92,112.92,127.89,127.89,129.09,129.09,122.01,122.01,113.12,113.12,94.147,94.147,92.16,92.16,94.211,94.211,86.157,86.157,78.239,78.239,63.735,63.735,64.023,64.023,69.498,69.498,60.911,60.911,49.921,49.921,44.545,44.545,38.671,38.671,47.249,47.249,55.632,55.632,55.94,55.94,59.195,59.195,82.529,82.529,96.354,96.354,106.22,106.22,105.52,105.52,102.29,102.29,109.41,109.41,108.52,108.52,121.79,121.79,125.72,125.72,118.77,118.77,111.36,111.36,109.34,109.34,116.84,116.84,132.69,132.69,144.34,144.34,150.17,150.17,131.89,131.89,105.77,105.77,101.54,101.54,104.77,104.77,104.29,104.29,110.32,110.32,109.95,109.95,106.58,106.58,103.62,103.62,114.94,114.94,117.4,117.4,125.41,125.41,130.36,130.36,125.14,125.14,119.75,119.75,118.51,118.51,116.2,116.2,115,115,116.81,116.81,109.52,109.52,111.43,111.43,124.25,124.25,127.3,127.3,126.31,126.31,116.74,116.74,113.85,113.85,116.7,116.7,125.89,125.89,128.85,128.85,117.96,117.96,102.13,102.13,92.601,92.601,96.924,96.924,110.07,110.07,107.53,107.53,93.001,93.001,104.36,104.36,105.77,105.77,86.672,86.672,88.713,88.713,90.721,90.721,97.548,97.548,106.27,106.27,122.87,122.87,131.67,131.67,132.04,132.04,127.32,127.32,113.86,113.86,94.302,94.302,68.754,68.754,64.074,64.074,75.903,75.903,71.242,71.242,53.222,53.222,56.03,56.03,65.127,65.127,93.549,93.549,107.16,107.16,116.76,116.76,120.27,120.27,126.16,126.16,128.92,128.92,125.12,125.12,128.11,128.11,133.16,133.16,126.13,126.13,126.16,126.16,120.92,120.92,108.88,108.88,104.77,104.77,107.16,107.16,105.81,105.81,106.39,106.39,83.365,83.365,100.43,100.43,107.82,107.82,109.06,109.06,83.997,83.997,65.229,65.229,60.398,60.398,55.416,55.416,61.314,61.314,128.51,128.51,136.96,136.96,135.07,135.07,130.72,130.72,117.12,117.12,104.02,104.02,108.27,108.27,111.27,111.27,74.583,74.583,83.418,83.418,109.2,109.2,111.68,111.68,123.13,123.13,124.42,124.42,123.11,123.11,112.31,112.31,121.11,121.11,129.63,129.63,140.07,140.07,138.38,138.38,120.91,120.91,110.3,110.3,110.4,110.4,108.88,108.88,115.58,115.58,112.29,112.29
-53.5,81.532,81.532,67.268,67.268,93.442,93.442,111.27,111.27,102.88,102.88,90.052,90.052,122.96,122.96,122.76,122.76,134.53,134.53,138.96,138.96,146.22,146.22,149.39,149.39,133.54,133.54,111.79,111.79,98.177,98.177,94.199,94.199,98.555,98.555,94.223,94.223,95.274,95.274,94.749,94.749,103.62,103.62,106.87,106.87,111.52,111.52,108.57,108.57,106.91,106.91,109.07,109.07,111.2,111.2,83.705,83.705,92.238,92.238,111.98,111.98,114.81,114.81,102.93,102.93,103.17,103.17,101.42,101.42,118.19,118.19,125.05,125.05,126.75,126.75,132.89,132.89,137.57,137.57,136.7,136.7,130.39,130.39,119.59,119.59,108.99,108.99,100.71,100.71,90.672,90.672,84.869,84.869,66.486,66.486,68.039,68.039,55.922,55.922,58.496,58.496,46.571,46.571,50.418,50.418,63.354,63.354,75.619,75.619,67.125,67.125,77.801,77.801,96.689,96.689,105.01,105.01,112.75,112.75,105.3,105.3,85.032,85.032,102.01,102.01,99.913,99.913,117.65,117.65,126.43,126.43,116.46,116.46,117.91,117.91,119.1,119.1,112.67,112.67,115.14,115.14,118.4,118.4,130.65,130.65,141.29,141.29,120.54,120.54,102.98,102.98,86.519,86.519,94.116,94.116,106.42,106.42,114.66,114.66,100.91,100.91,102.89,102.89,112.22,112.22,119.13,119.13,117.61,117.61,122.84,122.84,124.74,124.74,124.69,124.69,123.35,123.35,117.86,117.86,127.03,127.03,127.93,127.93,120.36,120.36,125.27,125.27,118.07,118.07,117.3,117.3,112.53,112.53,105.78,105.78,103.42,103.42,112.4,112.4,128.78,128.78,124.35,124.35,113.87,113.87,101.37,101.37,86.684,86.684,86.274,86.274,85.283,85.283,91.192,91.192,100.55,100.55,91.501,91.501,95.021,95.021,94.823,94.823,90.736,90.736,95.555,95.555,109.07,109.07,123.78,123.78,132.83,132.83,134.62,134.62,130.72,130.72,123.14,123.14,97.471,97.471,80.262,80.262,63.207,63.207,64.246,64.246,58.474,58.474,58.894,58.894,63.171,63.171,78.192,78.192,106.99,106.99,129.1,129.1,129.08,129.08,136.2,136.2,130.9,130.9,129.67,129.67,131.51,131.51,135.78,135.78,137.98,137.98,136.48,136.48,127.36,127.36,130.26,130.26,117.6,117.6,113.91,113.91,117.99,117.99,116.16,116.16,116,116,90.034,90.034,81.403,81.403,103.54,103.54,115.81,115.81,82.841,82.841,59.414,59.414,50.291,50.291,61.279,61.279,63.204,63.204,66.14,66.14,97.256,97.256,125.44,125.44,108.68,108.68,110.98,110.98,122.86,122.86,113.81,113.81,117.06,117.06,77.963,77.963,97.659,97.659,102.08,102.08,119.93,119.93,117.18,117.18,129.77,129.77,134.05,134.05,127.54,127.54,113.65,113.65,109.07,109.07,119.23,119.23,138.65,138.65,144.15,144.15,136.07,136.07,132.18,132.18,128.68,128.68,119.57,119.57,113.92,113.92,95.587,95.587
-52.5,91.518,91.518,64.712,64.712,74.367,74.367,101.7,101.7,102.55,102.55,106.44,106.44,131.58,131.58,123.64,123.64,141.31,141.31,145.31,145.31,152.48,152.48,142.3,142.3,122.08,122.08,106.78,106.78,97.534,97.534,88.518,88.518,87.171,87.171,83.943,83.943,85.811,85.811,98.044,98.044,114.84,114.84,128.72,128.72,130.33,130.33,124.5,124.5,112.5,112.5,104.58,104.58,118.28,118.28,122.07,122.07,89.071,89.071,108.19,108.19,122.55,122.55,123.86,123.86,105.48,105.48,105.62,105.62,119.86,119.86,126.18,126.18,126.33,126.33,133.9,133.9,140.54,140.54,146.09,146.09,140.21,140.21,142.61,142.61,130.61,130.61,104.87,104.87,97.473,97.473,80.26,80.26,76.8,76.8,70.103,70.103,59.85,59.85,61.504,61.504,62.046,62.046,82.46,82.46,90.517,90.517,90.114,90.114,90.935,90.935,93.837,93.837,110.39,110.39,108.49,108.49,111.79,111.79,96.286,96.286,84.182,84.182,95.52,95.52,89.308,89.308,124.04,124.04,117.66,117.66,113.47,113.47,118.69,118.69,111.06,111.06,103.12,103.12,97.372,97.372,104.25,104.25,116.83,116.83,114.28,114.28,117.06,117.06,95.848,95.848,81.709,81.709,76.897,76.897,95.867,95.867,106.77,106.77,111.33,111.33,93.576,93.576,108.07,108.07,110.37,110.37,122.6,122.6,131.81,131.81,133.9,133.9,121.41,121.41,113.31,113.31,113.28,113.28,121.22,121.22,118.74,118.74,113.18,113.18,119.51,119.51,129.43,129.43,118.55,118.55,97.688,97.688,105.2,105.2,98.279,98.279,105.91,105.91,121.71,121.71,119.57,119.57,90.369,90.369,83.187,83.187,85.06,85.06,70.487,70.487,66.647,66.647,70.588,70.588,82.376,82.376,82.084,82.084,74.749,74.749,90.708,90.708,99.698,99.698,117.35,117.35,122.85,122.85,137.75,137.75,144.72,144.72,139,139,123.72,123.72,112.24,112.24,88.393,88.393,73.663,73.663,63.851,63.851,67.728,67.728,58.459,58.459,56.264,56.264,75.69,75.69,110.5,110.5,142,142,148.45,148.45,147.2,147.2,143.23,143.23,136.64,136.64,143.47,143.47,144.47,144.47,145.48,145.48,140.71,140.71,134.69,134.69,132.31,132.31,131.94,131.94,114.9,114.9,118.17,118.17,108.57,108.57,112.53,112.53,118.12,118.12,118.78,118.78,76.081,76.081,60.306,60.306,65.992,65.992,42.907,42.907,35.715,35.715,38.437,38.437,47.873,47.873,56.499,56.499,66.427,66.427,66.731,66.731,68.658,68.658,77.398,77.398,88.815,88.815,114.2,114.2,115.28,115.28,106.43,106.43,98.593,98.593,108.72,108.72,103.83,103.83,109.97,109.97,119.7,119.7,121.18,121.18,120.49,120.49,118.49,118.49,115.69,115.69,112.54,112.54,106.75,106.75,125.06,125.06,143.7,143.7,149.88,149.88,147.18,147.18,145.31,145.31,130.07,130.07,118.38,118.38,96.787,96.787
-51.5,72.877,72.877,58.374,58.374,54.523,54.523,110.85,110.85,109.27,109.27,122.68,122.68,131.71,131.71,132.62,132.62,142.78,142.78,146.67,146.67,153.05,153.05,134.31,134.31,117.04,117.04,97.103,97.103,98.185,98.185,94.059,94.059,80.923,80.923,85.344,85.344,76.221,76.221,67.798,67.798,89.894,89.894,129.29,129.29,145.53,145.53,135.13,135.13,119.53,119.53,111.2,111.2,110.36,110.36,124.96,124.96,120.72,120.72,105.76,105.76,122.67,122.67,138.79,138.79,120.02,120.02,112.46,112.46,117.87,117.87,130.78,130.78,124.14,124.14,122.59,122.59,140.1,140.1,147.55,147.55,150.62,150.62,147.62,147.62,135.15,135.15,107.79,107.79,93.656,93.656,84.312,84.312,75.736,75.736,61.04,61.04,55.844,55.844,61.331,61.331,71.492,71.492,96.462,96.462,110,110,117.16,117.16,108.4,108.4,117.33,117.33,125.3,125.3,105.7,105.7,110.54,110.54,83.923,83.923,78.067,78.067,94.109,94.109,86.664,86.664,108.19,108.19,117.24,117.24,116.93,116.93,113.76,113.76,105.66,105.66,108.97,108.97,105.5,105.5,102.85,102.85,99.247,99.247,108.88,108.88,110.21,110.21,83.885,83.885,68.237,68.237,67.344,67.344,89.583,89.583,112.3,112.3,106.5,106.5,108.26,108.26,110.62,110.62,119.28,119.28,128.67,128.67,123.46,123.46,116.18,116.18,98.362,98.362,114.63,114.63,106.21,106.21,91.237,91.237,84.695,84.695,89.099,89.099,112.15,112.15,121.35,121.35,99.082,99.082,93.777,93.777,97.482,97.482,97.132,97.132,92.376,92.376,93.265,93.265,95.19,95.19,78.081,78.081,58.514,58.514,67.29,67.29,73.664,73.664,62.198,62.198,62.113,62.113,73.19,73.19,79.935,79.935,87.392,87.392,96.469,96.469,102.57,102.57,117.23,117.23,129.31,129.31,140.05,140.05,137.1,137.1,128.36,128.36,111.47,111.47,90.257,90.257,73.172,73.172,68.319,68.319,56.699,56.699,57.869,57.869,64.696,64.696,66.608,66.608,93.733,93.733,126.67,126.67,158.75,158.75,159.64,159.64,153.97,153.97,153.16,153.16,148.95,148.95,146.53,146.53,144.68,144.68,137,137,131.01,131.01,133.74,133.74,140.25,140.25,131.24,131.24,121.74,121.74,107.96,107.96,100.41,100.41,121.53,121.53,113.17,113.17,107.43,107.43,73.933,73.933,58.048,58.048,45.163,45.163,35.867,35.867,38.605,38.605,46.231,46.231,44.742,44.742,49.037,49.037,47.953,47.953,47.892,47.892,53.683,53.683,69.281,69.281,85.946,85.946,117.63,117.63,129.49,129.49,114.06,114.06,104.79,104.79,102.41,102.41,102.04,102.04,106.32,106.32,117.34,117.34,110.96,110.96,109.06,109.06,108.4,108.4,114.82,114.82,117.75,117.75,120.82,120.82,132.72,132.72,142.88,142.88,151.62,151.62,150.52,150.52,151.69,151.69,135.92,135.92,122.6,122.6,93.114,93.114
-50.5,70.244,70.244,55.099,55.099,63.662,63.662,121.7,121.7,119.91,119.91,113.71,113.71,137.94,137.94,131.3,131.3,143.17,143.17,152.94,152.94,154.07,154.07,132.73,132.73,105.9,105.9,103.74,103.74,108.89,108.89,107.98,107.98,101.31,101.31,101.15,101.15,87.192,87.192,64.41,64.41,64.926,64.926,90.357,90.357,135.12,135.12,140.13,140.13,119.82,119.82,110.54,110.54,106.82,106.82,121.86,121.86,128.41,128.41,117.31,117.31,131.84,131.84,138.7,138.7,126.16,126.16,128.47,128.47,128.98,128.98,128.75,128.75,124.56,124.56,122.63,122.63,130.9,130.9,139,139,150,150,150.41,150.41,137.87,137.87,130.1,130.1,111.24,111.24,105.69,105.69,86.888,86.888,62.298,62.298,51.82,51.82,62.688,62.688,79.188,79.188,105.64,105.64,132.74,132.74,122.1,122.1,131.33,131.33,142.43,142.43,125.78,125.78,121.28,121.28,112.83,112.83,80.38,80.38,57.913,57.913,87.698,87.698,103.02,103.02,94.559,94.559,125.8,125.8,113.43,113.43,102.05,102.05,93.105,93.105,92.388,92.388,106.42,106.42,117.34,117.34,128.33,128.33,122.93,122.93,100.38,100.38,83.039,83.039,61.181,61.181,52.933,52.933,81.315,81.315,99.586,99.586,103.71,103.71,115.61,115.61,126.01,126.01,121.91,121.91,136.78,136.78,123.72,123.72,116.5,116.5,117.38,117.38,94.978,94.978,86.102,86.102,69.031,69.031,86.683,86.683,99.515,99.515,104.17,104.17,95.808,95.808,90.918,90.918,91.482,91.482,99.997,99.997,106.26,106.26,74.629,74.629,66.566,66.566,69.439,69.439,73.322,73.322,62.257,62.257,58.467,58.467,56.331,56.331,58.22,58.22,67.051,67.051,81.322,81.322,87.817,87.817,95.42,95.42,107.83,107.83,118.74,118.74,129.6,129.6,138.24,138.24,139.04,139.04,133.78,133.78,111.95,111.95,88.609,88.609,68.397,68.397,60.08,60.08,62.424,62.424,58.63,58.63,59.16,59.16,59.169,59.169,79.194,79.194,110.65,110.65,146,146,164.61,164.61,161.75,161.75,159.07,159.07,153.04,153.04,144.45,144.45,142.97,142.97,135.15,135.15,136.04,136.04,126.85,126.85,130.5,130.5,132.89,132.89,128.96,128.96,123.68,123.68,97.97,97.97,92.662,92.662,120.31,120.31,116.08,116.08,101.29,101.29,95.515,95.515,85.256,85.256,47.293,47.293,34.743,34.743,40.394,40.394,48.096,48.096,41.802,41.802,39.241,39.241,39.418,39.418,43.817,43.817,55.23,55.23,68.297,68.297,81.216,81.216,101.89,101.89,116.23,116.23,118.84,118.84,98.6,98.6,96.974,96.974,100.39,100.39,119.79,119.79,116.36,116.36,120.61,120.61,109.66,109.66,113.39,113.39,111.73,111.73,118.25,118.25,120.45,120.45,142.53,142.53,149.74,149.74,164.69,164.69,164.61,164.61,157.13,157.13,140.52,140.52,128.17,128.17,100.91,100.91
-49.5,74.631,74.631,51.401,51.401,72.022,72.022,136.31,136.31,116.5,116.5,129.24,129.24,138.13,138.13,130.59,130.59,147.9,147.9,161.63,161.63,162.6,162.6,114.52,114.52,102.03,102.03,109.23,109.23,117.82,117.82,116.71,116.71,114.15,114.15,115.87,115.87,118.84,118.84,92.955,92.955,71.341,71.341,71.023,71.023,115.98,115.98,126.75,126.75,136.09,136.09,109.12,109.12,97.966,97.966,116.43,116.43,133.74,133.74,127.22,127.22,129.78,129.78,138.28,138.28,128.62,128.62,128.93,128.93,129.47,129.47,109.72,109.72,124.32,124.32,118.93,118.93,108.01,108.01,115.92,115.92,136.22,136.22,145.81,145.81,156.28,156.28,140.32,140.32,137.35,137.35,116.09,116.09,98.976,98.976,69.782,69.782,56.924,56.924,60.819,60.819,82.689,82.689,122.51,122.51,133.92,133.92,130.9,130.9,160.39,160.39,139.62,139.62,122.31,122.31,116.52,116.52,113.17,113.17,89.839,89.839,57.879,57.879,85.958,85.958,111.68,111.68,113.98,113.98,122.07,122.07,100.9,100.9,77.991,77.991,68.769,68.769,63.929,63.929,61.264,61.264,70.266,70.266,73.567,73.567,71.972,71.972,71.257,71.257,60.686,60.686,59.282,59.282,48.242,48.242,72.673,72.673,84.736,84.736,83.592,83.592,119.23,119.23,121.66,121.66,121.94,121.94,140.37,140.37,121.63,121.63,114.62,114.62,115.45,115.45,83.014,83.014,79.14,79.14,77.359,77.359,104.76,104.76,107.21,107.21,103.63,103.63,109.85,109.85,113.21,113.21,117.67,117.67,118.78,118.78,113.13,113.13,88.299,88.299,62.175,62.175,49.788,49.788,51.982,51.982,57.476,57.476,59.71,59.71,60.375,60.375,61.316,61.316,72.493,72.493,88.756,88.756,99.497,99.497,106.52,106.52,118.92,118.92,125.34,125.34,134.87,134.87,151.51,151.51,137.17,137.17,124.33,124.33,107.85,107.85,82.587,82.587,67.383,67.383,59.53,59.53,61.203,61.203,54.007,54.007,54.447,54.447,61.872,61.872,85.752,85.752,119.29,119.29,152.56,152.56,162.63,162.63,160.78,160.78,160.22,160.22,154.66,154.66,146.07,146.07,140.92,140.92,136.89,136.89,126.65,126.65,125.88,125.88,133.81,133.81,137.44,137.44,130.93,130.93,120.06,120.06,100.46,100.46,107.54,107.54,129.31,129.31,137.79,137.79,116.99,116.99,105.71,105.71,91.558,91.558,65.334,65.334,35.921,35.921,37.025,37.025,40.314,40.314,35.743,35.743,35.007,35.007,39.647,39.647,57.651,57.651,60.073,60.073,59.21,59.21,70.566,70.566,80.293,80.293,92.728,92.728,127.83,127.83,104.67,104.67,91.664,91.664,113.89,113.89,118.39,118.39,124.6,124.6,132.81,132.81,113.71,113.71,97.473,97.473,86.036,86.036,106.33,106.33,123,123,145.99,145.99,157,157,157.46,157.46,168.68,168.68,154.18,154.18,131.6,131.6,118.15,118.15,106.74,106.74
-48.5,87.027,87.027,54.238,54.238,71.68,71.68,129.73,129.73,118.39,118.39,145.86,145.86,127.27,127.27,114.13,114.13,161.46,161.46,166.17,166.17,160.51,160.51,102.83,102.83,106.27,106.27,120.78,120.78,119.51,119.51,119.76,119.76,120.1,120.1,136.03,136.03,128.08,128.08,111.13,111.13,88.709,88.709,64.505,64.505,79.571,79.571,97.265,97.265,113.85,113.85,112.04,112.04,99.23,99.23,99.965,99.965,138.7,138.7,134.82,134.82,136.26,136.26,130.94,130.94,118.37,118.37,117.76,117.76,94.684,94.684,69.751,69.751,105.44,105.44,99.232,99.232,107.76,107.76,117.53,117.53,129.44,129.44,144.06,144.06,164.75,164.75,133.89,133.89,119.55,119.55,99.86,99.86,75.758,75.758,62.099,62.099,56.126,56.126,59.463,59.463,86.441,86.441,118.01,118.01,118.27,118.27,153.92,153.92,151.41,151.41,136.14,136.14,129.66,129.66,122.75,122.75,118.84,118.84,102.28,102.28,61.646,61.646,61.124,61.124,113.54,113.54,118.55,118.55,129.25,129.25,106.04,106.04,86.528,86.528,75.298,75.298,72.586,72.586,72.84,72.84,52.806,52.806,59.575,59.575,84.285,84.285,63.67,63.67,45.98,45.98,36.572,36.572,46.288,46.288,59.361,59.361,69.071,69.071,70.408,70.408,94.136,94.136,104.66,104.66,140.77,140.77,150.73,150.73,119.34,119.34,117.78,117.78,101.6,101.6,68.708,68.708,76.856,76.856,89.695,89.695,84.137,84.137,101.42,101.42,123.6,123.6,132.76,132.76,131.8,131.8,125.3,125.3,96.805,96.805,88.023,88.023,77.712,77.712,77.3,77.3,67.85,67.85,61.479,61.479,65.8,65.8,70.192,70.192,74.565,74.565,88.455,88.455,94.941,94.941,101.46,101.46,103.37,103.37,100.93,100.93,100.73,100.73,130.97,130.97,130.84,130.84,121.99,121.99,106.04,106.04,90.281,90.281,80.375,80.375,68.777,68.777,63.47,63.47,62.99,62.99,61.353,61.353,52.402,52.402,54.476,54.476,62.844,62.844,91.519,91.519,115.11,115.11,147.96,147.96,161.62,161.62,162.89,162.89,156.5,156.5,151.58,151.58,140.06,140.06,134.06,134.06,123.29,123.29,122.4,122.4,136.95,136.95,130.51,130.51,133.57,133.57,128.96,128.96,124.65,124.65,102.93,102.93,116.58,116.58,137.81,137.81,143.66,143.66,112.38,112.38,100.49,100.49,81.767,81.767,62.823,62.823,41.115,41.115,34.239,34.239,32.576,32.576,33.429,33.429,38.028,38.028,48.865,48.865,58.522,58.522,57.401,57.401,63.253,63.253,69.949,69.949,67.064,67.064,73.753,73.753,93.728,93.728,120.97,120.97,104.41,104.41,99.802,99.802,89.21,89.21,97.561,97.561,105.49,105.49,88.993,88.993,69.933,69.933,98.764,98.764,114.78,114.78,141.04,141.04,162.53,162.53,161.91,161.91,156.22,156.22,162.33,162.33,167.07,167.07,130.93,130.93,117.89,117.89,128.94,128.94
-47.5,99.616,99.616,64.986,64.986,76.239,76.239,125.95,125.95,135.43,135.43,154.71,154.71,127.53,127.53,113.85,113.85,165.69,165.69,166.46,166.46,149.15,149.15,113.89,113.89,109.5,109.5,111.19,111.19,114.17,114.17,113.62,113.62,113.53,113.53,118.71,118.71,101.29,101.29,105.19,105.19,113.69,113.69,87.511,87.511,78.544,78.544,78.57,78.57,100.21,100.21,97.252,97.252,100.62,100.62,89.654,89.654,131.44,131.44,146.11,146.11,141.49,141.49,145.4,145.4,134.35,134.35,112.89,112.89,104.15,104.15,80.123,80.123,70.888,70.888,112.45,112.45,112.03,112.03,124.38,124.38,132.62,132.62,153.19,153.19,152.91,152.91,137.53,137.53,109.92,109.92,105.46,105.46,84.197,84.197,59.672,59.672,50.826,50.826,62.353,62.353,92.342,92.342,107.51,107.51,138.43,138.43,153.64,153.64,148.53,148.53,143.7,143.7,147.32,147.32,132.57,132.57,127.17,127.17,102.14,102.14,73.152,73.152,65.299,65.299,96.285,96.285,106.11,106.11,128.19,128.19,110.77,110.77,61.897,61.897,114.22,114.22,130.21,130.21,87.656,87.656,53.475,53.475,58.786,58.786,54.905,54.905,70.726,70.726,69.311,69.311,45.59,45.59,49.615,49.615,48.759,48.759,42.297,42.297,66.839,66.839,74.041,74.041,110.03,110.03,161.81,161.81,156.69,156.69,145.05,145.05,103.09,103.09,94.579,94.579,72.428,72.428,84.738,84.738,70.879,70.879,72.242,72.242,87.29,87.29,114.23,114.23,135.54,135.54,139.2,139.2,120.12,120.12,82.372,82.372,70.827,70.827,69.108,69.108,64.413,64.413,68.703,68.703,82.392,82.392,89.317,89.317,100.95,100.95,102.16,102.16,110.2,110.2,110.76,110.76,115.81,115.81,118.27,118.27,117.27,117.27,113.97,113.97,110.84,110.84,105.05,105.05,89.027,89.027,76.001,76.001,72.143,72.143,66.381,66.381,71.223,71.223,65.661,65.661,59.039,59.039,55.812,55.812,53.373,53.373,49.683,49.683,63.117,63.117,90.344,90.344,121.15,121.15,147.29,147.29,163.85,163.85,158.82,158.82,151.58,151.58,144.61,144.61,134.47,134.47,132.28,132.28,124.15,124.15,130.97,130.97,139.44,139.44,127.49,127.49,122.39,122.39,126.35,126.35,116.63,116.63,106.66,106.66,118.93,118.93,133.29,133.29,116.49,116.49,84.504,84.504,82.902,82.902,81.525,81.525,76.216,76.216,48.466,48.466,34.331,34.331,31.732,31.732,31.59,31.59,42.037,42.037,47.256,47.256,53.964,53.964,53.138,53.138,57.915,57.915,61.679,61.679,91.041,91.041,93.594,93.594,90.834,90.834,111.29,111.29,117.42,117.42,89.699,89.699,83.567,83.567,77.184,77.184,65.575,65.575,73.755,73.755,76.275,76.275,115.28,115.28,137.64,137.64,156.2,156.2,169.59,169.59,139.54,139.54,140.13,140.13,146.52,146.52,155.54,155.54,120.9,120.9,106.69,106.69,123.21,123.21
-46.5,85.431,85.431,72.982,72.982,87.488,87.488,124.77,124.77,152.03,152.03,164.67,164.67,137.23,137.23,129.09,129.09,164.96,164.96,174.4,174.4,150.54,150.54,123.82,123.82,111.37,111.37,109.63,109.63,107.58,107.58,95.404,95.404,97.146,97.146,92.094,92.094,74.662,74.662,97.294,97.294,125.79,125.79,109.21,109.21,91.517,91.517,64.237,64.237,88.53,88.53,97.689,97.689,95.321,95.321,98.499,98.499,104.8,104.8,133.84,133.84,142.88,142.88,142.19,142.19,143.82,143.82,136.24,136.24,127.09,127.09,114.41,114.41,117.36,117.36,131.28,131.28,133.53,133.53,132.85,132.85,126.88,126.88,138.34,138.34,137.37,137.37,127.04,127.04,101.06,101.06,104.33,104.33,70.735,70.735,60.47,60.47,45.92,45.92,58.268,58.268,81.855,81.855,109.85,109.85,152.63,152.63,169.37,169.37,159.9,159.9,154.8,154.8,148.46,148.46,143.32,143.32,125.34,125.34,88.398,88.398,69.222,69.222,69.693,69.693,76.6,76.6,109.39,109.39,118.58,118.58,115.58,115.58,73.188,73.188,85.453,85.453,134.85,134.85,108.85,108.85,72.299,72.299,60.036,60.036,75.038,75.038,79.765,79.765,69.927,69.927,46.933,46.933,42.39,42.39,51.108,51.108,44.736,44.736,51.911,51.911,66.149,66.149,105.08,105.08,164.93,164.93,162.17,162.17,145.85,145.85,91.589,91.589,76.314,76.314,71.723,71.723,55.568,55.568,46.678,46.678,76.053,76.053,96.008,96.008,120.44,120.44,128.65,128.65,121.14,121.14,110.73,110.73,106.96,106.96,83.761,83.761,79.133,79.133,94.198,94.198,85.551,85.551,70.621,70.621,59.173,59.173,71.591,71.591,94.25,94.25,112.75,112.75,123.52,123.52,127.14,127.14,124.28,124.28,122.8,122.8,117.57,117.57,113.47,113.47,92.428,92.428,72.63,72.63,68.624,68.624,70.651,70.651,71.939,71.939,75.238,75.238,65.282,65.282,56.67,56.67,50.468,50.468,50.205,50.205,49.151,49.151,75.913,75.913,105.28,105.28,140.64,140.64,161.35,161.35,158.91,158.91,145.64,145.64,147.57,147.57,137.78,137.78,121.03,121.03,119.21,119.21,131.46,131.46,138.51,138.51,135.97,135.97,130.83,130.83,124.82,124.82,133.48,133.48,106.25,106.25,106.35,106.35,114.04,114.04,137.49,137.49,121.2,121.2,80.351,80.351,73.932,73.932,58.527,58.527,71.839,71.839,50.676,50.676,33.146,33.146,32.03,32.03,31.935,31.935,33.494,33.494,43.841,43.841,51.624,51.624,46.246,46.246,43.749,43.749,47.537,47.537,60.152,60.152,87.58,87.58,71.545,71.545,71.795,71.795,72.553,72.553,71.753,71.753,61.311,61.311,60.898,60.898,64.817,64.817,67.563,67.563,105.83,105.83,130.15,130.15,159.82,159.82,156.2,156.2,138.84,138.84,110.78,110.78,124.64,124.64,140.33,140.33,149.83,149.83,106.97,106.97,87.747,87.747,92.728,92.728
-45.5,71.248,71.248,73.568,73.568,86.762,86.762,138.99,138.99,147.56,147.56,155.79,155.79,140.49,140.49,132.15,132.15,162.61,162.61,171.21,171.21,153.65,153.65,120.63,120.63,101.17,101.17,103.54,103.54,91.701,91.701,62.768,62.768,89.929,89.929,80.278,80.278,51.592,51.592,99.82,99.82,139.12,139.12,157.61,157.61,123.31,123.31,59.812,59.812,70.734,70.734,77.046,77.046,96.979,96.979,100.01,100.01,122.27,122.27,112.07,112.07,127.04,127.04,137.74,137.74,140.4,140.4,139.01,139.01,128.91,128.91,139.59,139.59,137.75,137.75,137.67,137.67,139.92,139.92,149.4,149.4,131.49,131.49,112.04,112.04,104.36,104.36,99.228,99.228,97.107,97.107,92.595,92.595,73.876,73.876,56.238,56.238,43.723,43.723,54.894,54.894,74.852,74.852,116.85,116.85,149.8,149.8,169.77,169.77,168.4,168.4,157.01,157.01,157.18,157.18,149.38,149.38,112.19,112.19,82.128,82.128,86.473,86.473,67.45,67.45,67.238,67.238,84.047,84.047,107.35,107.35,124.53,124.53,101.98,101.98,79.907,79.907,115.22,115.22,129.86,129.86,62.061,62.061,67.541,67.541,58.721,58.721,86.339,86.339,59.692,59.692,39.082,39.082,43.27,43.27,52.643,52.643,49.567,49.567,52.383,52.383,63.342,63.342,110.44,110.44,172.81,172.81,171.2,171.2,141.37,141.37,88.85,88.85,56.061,56.061,59.302,59.302,59.041,59.041,44.464,44.464,53.985,53.985,91.918,91.918,99.946,99.946,122,122,111.02,111.02,104.92,104.92,106.83,106.83,103.18,103.18,86.785,86.785,51.237,51.237,45.555,45.555,46.453,46.453,49.096,49.096,58.773,58.773,76.624,76.624,109.94,109.94,122.51,122.51,127.43,127.43,128.23,128.23,119.31,119.31,104.74,104.74,94.941,94.941,78.055,78.055,67.66,67.66,73.144,73.144,84.498,84.498,71.543,71.543,68.203,68.203,59.542,59.542,53.068,53.068,49.377,49.377,52.123,52.123,71.402,71.402,99.711,99.711,133.74,133.74,166.82,166.82,163.72,163.72,159.94,159.94,151.39,151.39,141.7,141.7,134.09,134.09,121.13,121.13,123.05,123.05,135.72,135.72,133.44,133.44,130.73,130.73,128.89,128.89,134.77,134.77,140.2,140.2,105.7,105.7,114.57,114.57,116.02,116.02,138.16,138.16,130.74,130.74,76.224,76.224,65.161,65.161,50.939,50.939,50.707,50.707,39.174,39.174,35.673,35.673,39.315,39.315,35.212,35.212,36.333,36.333,37.847,37.847,37.424,37.424,40.761,40.761,40.947,40.947,45.064,45.064,57.099,57.099,86.894,86.894,75.942,75.942,68.761,68.761,67.565,67.565,62.897,62.897,58.66,58.66,57.646,57.646,51.864,51.864,85.504,85.504,118.63,118.63,139.7,139.7,158.72,158.72,138.83,138.83,105.55,105.55,85.445,85.445,99.636,99.636,135.28,135.28,140.5,140.5,83.198,83.198,83.598,83.598,84.629,84.629
-44.5,74.808,66.053,67.601,74.859,78.534,105.1,128.36,152.23,160.55,160.06,156.97,150.49,141.46,123.69,107,135.33,155.74,159.87,163.48,161.64,156.42,146.48,115.99,109.69,102.01,77.919,84.806,99.986,90.261,59.352,47.16,73.242,96.93,58.332,79.644,61.646,40.388,40.701,84.46,116.09,129.54,137.59,151.56,154.71,131.51,91.123,72.565,54.276,59.051,74.728,93.175,83.195,74.609,64.638,77.134,103.29,113.98,125.76,119.07,108.72,120.54,125.56,123.89,128.16,127.71,128.39,128.38,127.88,128.08,127.68,136.26,138.73,149.61,148.64,151.13,152.08,151.22,141.98,129.49,109.92,97.237,77.51,92.889,95.087,105.41,97.187,96.552,79.219,68.349,69.049,70.816,57.769,60.647,55.477,54.28,47.278,44.074,48.817,56.24,65.56,81.499,100.49,114.25,128.77,142.82,152.53,172.41,171.38,167.1,162.92,153.08,155.54,166.71,168.63,160.4,131.59,116.03,101.37,88.087,83.555,101.54,105.99,80.86,63.678,55.975,64.042,73.399,75.79,75.725,79.283,76.55,87.271,89.59,76.915,72.791,72.156,95.012,135.11,136.07,116.6,94.717,68.786,56.032,57.122,62.452,61.439,88.527,104.78,90.467,59.198,49.373,54.3,67.368,53.486,46.959,50.962,55.128,53.64,54.535,66.681,55.036,89.491,124.65,155.26,178.2,190.27,185.35,176.51,171.6,148.92,117.3,75.74,59.348,60.39,50.505,45.613,51.178,60.535,48.674,38.466,57.623,70.964,78.45,82.733,95.636,116.12,105.88,110.52,124.1,110.96,95.267,98.378,105.81,105.64,97.665,73.393,51.894,68.808,78.181,83.247,58.501,46.729,48.544,48.784,54.501,58.412,55.62,55.305,68.885,96.422,119.13,128.81,134.23,130.49,128.59,130.23,127.24,114.79,105.92,92.3,90.475,92.295,88.799,85.49,77.634,73.195,78.576,90.873,89.613,92.127,92.266,90.869,83.132,72.836,65.548,67.819,67.265,64.17,52.808,53.364,59.164,61.826,72.588,88.598,99.843,116.67,136.85,153.15,171.39,171.87,170.75,160.68,161.53,161.47,150.48,145.81,144.24,150.68,147.48,144.42,137.76,135.04,129.94,128.22,120.76,118.7,124.06,135.13,136.79,119.68,111.43,111.56,120.36,130.76,140.88,150.74,148.9,124.8,117.4,117,123.59,113.71,118.81,114.85,120.5,129.87,103.74,95.371,73.04,66.629,61.419,63.76,62.435,52.728,45.633,35.968,34.498,34.827,38.349,36.815,34.061,31.711,31.697,31.136,30.489,30.355,30.223,30.03,31.334,33.505,34.072,34.644,34.925,36.744,43.253,60.523,76.677,81.254,81.203,81.498,77.041,73.777,50.127,39.171,39.254,43.43,43.903,49.542,51.841,52.628,49.624,42.641,50.841,70.44,101.28,114.88,125.21,142.04,138.57,151.63,129.86,110.89,106.95,74.031,70.98,62.54,90.261,94.484,80.367,108.68,110.38,99.909,76.993,60.595,44.807,53.803,55.233,72.029,73.79,79.409
-43.5,76.414,70.419,67.656,76.509,83.037,100.01,130.18,129.17,131.15,150.06,149.61,132.14,119.57,102.93,92.223,122.2,146.25,152.18,170.8,165.7,158.91,131.54,97.446,107.15,84.958,47.701,65.026,82.902,58.805,44.594,64.063,69.738,50.795,67.304,88.873,63.929,33.406,37.376,65.467,72.746,90.265,82.945,121.62,143.72,131.65,72.369,65.719,71.21,82.89,97.463,95.651,84.415,70.126,75.399,78.211,84.816,94.968,105.28,119.67,117.21,126,122.69,120.82,111.19,125.37,133.9,138.2,121.35,114.88,109.39,116.49,128.4,137.69,145.52,144.55,145.06,141.29,137.05,124.05,115.42,120.31,120.33,108.06,105.12,99.47,109.79,117.05,101.54,91.588,80.467,76.982,76.668,63.385,53.511,47.75,47.755,57.039,56.663,65.288,76.513,91.297,107.62,115.77,136.33,154.69,167.61,174.99,178.51,168.95,164.27,161.46,153.59,159.9,163.99,141.13,117.64,105.2,103.98,80.722,80.227,98.198,103.59,100.59,73.102,61.514,68.247,67.966,62.511,63.467,68.347,65.057,66.382,64.006,68.362,67.119,77.417,104.07,138.78,152.66,135.07,94.991,71.379,65.962,69.079,59.029,58.337,107.94,99.973,83.86,68.751,43.966,56.187,71.808,51.318,49.736,65.891,68.874,68.608,64.056,63.045,65.983,126.01,150.85,164.47,179.69,187.5,183.37,171.2,142.83,117.45,135.64,102.48,68.321,45.896,45.566,40.939,41.78,47.276,52.201,39.509,50.199,52.783,75.877,88.894,108.35,117.48,117,125.06,120.89,96.676,98.893,110.47,120.98,107.2,84.784,95.837,106.56,95.223,86.494,78.642,76.841,73.236,61.012,71.132,76.618,76.164,69.21,61.048,61.383,81.107,97.801,109.07,118.83,129.62,123.37,122.88,130.01,126.14,115.67,99.291,101.43,109.61,105.17,92.914,86.968,90.108,99.663,114.22,101.79,96.206,103.72,104.95,85.649,78.246,81.283,81.933,78.988,74.633,71.696,81.137,88.65,106.36,128.22,140.86,147.8,164.97,180.34,184.81,177.46,164.44,162.63,159.94,150.23,138.82,134.32,140.32,154.84,156.1,150.83,138.56,134.2,133.8,122.03,111.22,105.98,108.31,121.32,113.71,105.52,100.42,88.818,99.792,121.24,130.41,147.29,143.42,130.85,101.41,102.01,114.12,115.85,100.66,101.49,84.451,79.095,90.646,69.14,49.179,54.178,55.494,55.759,59.736,62.634,58.583,48.652,35.722,32.963,33.089,32.649,30.89,30.42,30.587,30.448,30.163,30.207,30.457,30.46,31.366,33.947,35.264,34.575,33.529,36.485,44.743,48.622,53.826,71.991,82.668,78.88,84.687,82.331,93.971,82.407,81.397,71.34,65.03,55.226,40.754,43.739,37.158,36.578,48.172,70.054,102.48,102.35,114.48,119.4,108.63,113.5,89.608,86.533,90.008,83.026,62.068,65.778,86.409,111.67,130.8,143.08,115.5,86.101,73.531,59.257,40.156,35.391,44.829,52.077,59.393,75.891,77.073
-42.5,77.424,74.084,69.682,66.077,72.127,93.698,104.27,99.404,80.449,88.659,118.1,95.858,92.099,79.947,79.82,114.85,146.22,156.47,181.4,153.59,132.72,131.11,83.325,84.472,76.355,68.245,62.358,65.383,48.187,43.911,46.972,44.458,37.586,50.78,69.459,52.768,36.731,32.039,39.469,36.899,39.82,41.348,109.93,135.87,133.65,115.72,123.49,106.7,99.001,98.321,86.967,92.949,104.84,104.19,107.38,90.322,117.1,113.56,110.83,114.1,116.21,117.67,115.8,118.92,113.98,116.51,119.57,114.36,110.24,97.469,97.767,94.396,104.61,127.8,141.92,141.08,141.89,131.13,130.87,125.82,135.69,142.18,141.37,132.67,132.54,131.71,122.93,119.16,103.83,82.91,67.569,67.862,64.426,53.386,47.074,48.569,52.352,66.86,81.96,98.872,111.87,119.16,132.36,164.59,176.95,185.2,178.58,171.57,159.56,143.14,138.45,128.11,127.18,110.42,109.23,92.517,82.957,88.3,94.754,89.531,87.459,92.861,101,96.88,82.963,67.606,70.308,69.37,66.624,67.516,68.054,73.146,71.789,63.285,59.864,81.107,112.66,145.32,173.69,136.86,93.207,65.414,66.545,77.109,68.371,91.621,105.95,93.962,65.642,71.786,52.797,40.61,40.763,40.947,83.858,95.792,102.93,69.734,84.398,95.429,109.57,158.77,163.5,164.4,172.15,175.65,163.84,162.92,135.85,109.07,100.47,106.05,77.585,56.819,43.227,40.273,38.254,56.498,49.307,38.729,46.499,74.731,102.18,96.397,107.51,119.21,125.64,125.43,137.99,126.2,114.75,108.5,114.43,118.54,109.88,115.74,115.59,127.68,141.12,141.85,131.82,127.28,132.69,135.72,121.32,97.952,80.314,77.619,74.534,72.459,79.143,88.283,97.173,102.13,128.91,132.04,122.85,129.52,118.75,110.72,119.26,123.51,118.19,109.84,116.95,122.87,131.3,126.57,112.76,111.42,102.8,82.447,83.763,95.64,102.3,103.96,107.96,114.23,122.72,132.78,149.63,168.96,176.62,184.97,194.8,191.41,193.56,176.5,167.6,160.74,149.9,130.21,118.01,127.92,142.1,153.93,142.45,133.13,135.24,129.75,125.73,120.29,111.47,105.15,104.25,102.86,112.56,110.15,107.56,92.609,73.549,89.159,103.5,138.15,138.58,125.75,116.82,116.52,122.84,124.24,107.04,88.858,76.109,66.89,61.344,87.168,71.411,49.975,50.195,56.066,53.853,52.118,50.568,54.588,52.105,42.178,39.022,30.368,30.052,30.036,29.935,29.815,30.349,29.848,29.828,30.314,30.057,30.508,33.625,47.826,46.796,53.648,67.78,80.917,80.268,77.416,76.441,75.773,70.277,77.976,71.98,78.81,69.211,66.236,59.691,50.523,45.801,46.228,57.585,66.755,92.822,123.68,100.54,96.48,111.35,106.45,96.416,99.439,87.028,101.02,100.33,85.175,69.838,48.443,65.742,104.49,144.8,143.39,138.61,107.6,110.14,86.62,73.763,39.794,43.454,56.201,56.752,62.834,70.086,76.928
-41.5,75.516,72.415,68.856,69.401,70.634,67.29,74.872,75.827,76.458,76.037,87.563,76.851,76.37,90.936,113.46,124.92,144.41,158.21,161.43,141.48,114.62,102.77,101.56,90.856,76.963,79.871,64.34,58.79,45.359,37.803,36.673,34.026,34.505,41.326,72.427,73.255,58.339,37.481,32.222,31.544,40.08,63.43,93.475,117.19,134.09,148.19,164.57,131.44,103.59,116.94,123,110.44,76.135,72.942,92.382,85.279,102.04,108.53,106.94,98.539,84.983,95.58,104.32,117.84,125.57,109.11,115.5,121.07,118.87,117.65,122.55,125.05,124.73,116.01,117.13,120.65,115.97,116.36,118.78,103.71,111.37,121.29,117.71,114.55,109.73,109.93,114.09,109.27,98.238,82.309,60.456,58.18,53.509,54.429,53.97,54.872,65.211,95.458,109.08,121.44,134.45,149.61,158.21,182.48,187.42,181.15,163.73,147.4,131.97,128.3,119.37,115.14,111.73,100.4,80.667,73.187,72.302,74.149,75.358,67.475,70.198,82.185,83.373,76.2,72.561,74.42,68.187,66.07,70.484,68.208,64.835,62.028,62.601,75.185,73.371,92.284,114.32,142.38,146.49,110.6,80.786,56.482,68.044,81.569,79.934,102.89,107.02,96.731,83.248,66.533,56.525,50.278,45.331,54.106,98.905,106.2,116.87,94.026,100.87,119.73,149.29,166.23,164.74,155.5,162.81,177.21,144.58,127.82,127.75,119.5,97.496,65.03,75.779,82.893,54.479,53.819,40.605,52.487,46.859,42.549,50.132,74.605,91.198,97.734,108.07,108.2,121.77,114.49,126.48,122.58,107.81,106.36,122.86,138.46,139.77,147.41,154.99,166.65,176.69,173.11,174.9,170.42,169.04,160.65,156.55,150.65,132.27,123.5,129.98,122.81,113.91,105.43,86.45,84.285,92.273,108.19,119.73,128.19,133.54,136.65,145.59,146.71,146.52,137.44,132.48,132.94,128.37,125.83,134.22,135.32,125.82,131,143.78,152.3,151.42,148.25,157.53,169.28,182.58,189.51,200.01,200.97,194.15,193.2,190.2,188.03,167.04,165.58,153.56,134.16,114.64,105.1,125.68,140.29,140.51,138.99,107.13,99.268,110.42,121.1,119.97,113.01,100.22,87.321,83.645,88.374,96.223,89.496,81.92,57.633,58.587,72.479,88.639,102.99,95.099,79.481,93.248,129.41,117.26,107.82,93.773,71.751,69.282,47.509,52.209,42.986,48.558,50.035,47.786,53.419,51.98,51.965,51.2,51.244,51.323,32.846,33.423,32.657,30.996,29.619,30.984,31.782,31.555,32.311,32.223,31.457,33.98,35.007,44.631,63.353,84.293,78.692,77.96,82.244,83.922,94.975,103.73,92.252,85.197,73.833,62.241,62.369,50.126,60.413,76.242,91.031,104.2,120.5,137.03,141.18,136.29,113.42,101.55,106.96,111,101.27,95.964,93.812,82.151,92.05,80.459,68.394,51.42,52.63,89.501,132.63,156.28,154.56,144.04,118.75,98.471,68.338,78.633,59.425,47.832,59.987,65.382,81.356,82.272,79.82
-40.5,81.72,78.54,69.91,70.938,73.614,76.78,74.972,70.712,66.24,74.564,80.939,65.216,72.829,93.327,127.17,138.41,136.76,144.62,140.21,127.06,114.29,109.39,127.94,107.07,96.549,93.946,66.599,65.038,64.078,48.581,38.114,38.702,45.472,45.297,43.731,68.28,68.825,39.214,33.276,40.723,61.216,85.798,91.381,120.05,139.69,164.26,162.39,150.11,144.64,137.03,127.69,80.599,64.423,67.511,96.144,96.188,95.321,85.189,81.206,50.867,67.124,94.267,120.45,131.94,140.47,132.76,135.88,150.91,150.55,145.91,135.63,106.22,89.832,84.934,87.444,95.773,91.99,93.837,99.475,97.734,93.402,94.696,82.9,80.235,78.804,77.083,80.552,87.668,83.267,74.273,67.927,63.005,62.794,66.448,81.522,96.553,105.62,118.62,128.75,147.45,164.36,170.11,187.94,185.9,175.51,147.88,130.91,111.22,119.33,121.45,116.63,114.14,107.19,80.049,67.526,73.901,72.522,81.908,80.873,75.384,68.76,64.286,70.137,66.665,74.283,68.719,73.016,75.209,75.226,68.056,62.776,56.437,55.203,66.636,82.342,107.06,121.14,117.42,131.36,92.486,52.045,59.251,78.01,91.086,93.625,80.025,89.193,79.221,86.986,68.519,73.387,61.929,97.644,50.225,61.007,80.389,107.38,90.06,99.809,112.87,146.66,172.72,164.95,142.54,145.19,161.1,143.73,129.18,119.99,114.41,102.51,84.381,63.806,48.314,49.387,64.916,64.478,42.551,54.282,50.649,61.287,60.407,82.476,89.818,93.214,105.46,109.25,104.78,117.05,119.65,100.55,113.83,139.25,156.18,159.4,157.13,170.85,181.06,181.01,173.17,168.42,158.7,161.87,178.56,175.32,151.18,139.2,139.18,135.84,131.26,126.81,111.61,105.52,108.19,116.81,119.52,117.99,127.2,139.44,144.02,141.37,143.54,144.21,132.78,125,132.38,140.15,141.23,139.73,135.28,134.93,138.53,151.68,161.86,168.89,176.52,182.9,195.99,200.6,198.75,192.61,191.15,185.1,176.88,174.63,164.98,159.04,145.79,130.88,111.85,103.86,119.12,116.44,115.14,101.14,83.514,82.048,81.152,89.319,99.686,111.39,112.59,94.219,88.269,86.211,81.346,93.601,79.435,52.032,40.694,59.307,50.057,51.301,69.894,73.463,94.952,99.406,111.64,90.259,79.456,65.621,61.443,51.99,45.216,40.478,35.107,46.663,79.639,51.036,52.637,52.339,50.881,50.955,52.482,51.944,53.107,57.103,59.122,40.045,39.118,43.822,50.419,55.416,45.831,45.135,59.694,82.294,101.28,114.65,129.5,135.71,144.6,152.69,158.56,171.87,166.37,152.35,132.97,122.5,114.42,114.33,126.88,132.38,142.32,146.02,149.64,141.77,117.18,101.21,79.423,78.631,74.513,88.208,93.434,90.98,78.463,80.541,79.603,76.266,84.123,95.61,89.087,76.197,68.449,97.054,117.95,127.29,127.92,138.16,92.008,87.404,92.141,54.034,45.998,47.296,54.909,71.396,74.505,79.567,83.067
-39.5,92.179,87.073,80.933,76.867,77.298,74.326,78.77,72.115,76.911,99.775,80.799,68.027,86.917,117.82,129.11,126.33,116.63,117.41,105.98,129.29,115.88,109.39,107.05,99.414,117.8,96.783,70.59,56.099,51.847,47.355,39.566,41.375,44.225,46.007,38.706,55.333,34.939,31.345,32.242,38.636,64.396,87.392,99.626,102.63,106.88,127.93,139.41,133.16,129.08,111.24,86.02,122.13,92.052,60.524,73.768,90.09,120.93,124.69,114.56,77.235,126.91,134.97,145,136.14,137.13,134.37,146.42,149.62,144.88,134.75,110.5,99.043,107.33,128.84,142.48,163.07,177.81,182.1,154.14,133.6,118.69,129.41,138.86,144.64,134.97,110.93,88.445,64.94,57.451,56.233,67.221,76.792,94.949,111.27,119.69,137.17,152.42,158.35,167.4,180.02,176.24,164.36,170.11,154.5,143.19,126.74,111.19,95.226,106.63,122.64,116.97,113.93,116.13,84.094,70.731,73.445,80.009,85.626,82.126,87.197,77.609,57.72,62.026,74.449,76.928,73.577,81.082,82.23,71.828,65.178,68.537,67.194,67.904,66.798,88.553,105.34,114.1,124.82,85.629,55.45,57.248,70.357,93.513,77.21,75.62,65.303,71.228,88.819,81.544,64.067,83.845,76.268,66.124,46.271,45.346,78.217,112.94,93.454,114.07,125.48,153.07,174.78,169.14,147.2,137.71,156.35,153.46,146.28,125.7,118.55,100.05,98.919,61.074,44.346,67.306,79.625,79.803,43.222,46.316,57.855,54.084,41.107,63.878,87.836,89.082,88.596,89.294,89.27,91.29,95.616,93.91,120.04,164.92,176.15,169.81,155.19,156.05,143.36,121.44,120.6,114.65,99.762,113.44,152.13,169.44,162.4,156.4,150.45,138.49,139.25,139,130.81,130.64,131.03,127.52,122.03,119.8,127.33,127.64,130.07,125.68,112.46,107.19,111.06,108.63,118.76,118.6,111.12,115.64,118.4,132.15,139.65,161.5,170.12,175.78,180.63,186.68,186.25,192.41,190.6,183.82,176.55,167.37,164.34,151.97,126.71,122.23,117.38,106.65,106.51,106.64,116.04,104.24,88.967,54.967,40.587,43.844,60.567,75.686,82.541,95.681,102.37,96.423,79.559,68.07,56.914,63.764,42.084,47.161,56.899,48.281,38.185,70.863,97.754,103.74,108.06,80.088,70.047,53.072,49.843,50.489,50.501,52.075,46.11,39.492,33.499,42.248,64.23,48.907,52.191,52.039,56.557,56.066,72.116,93.655,102.03,135.14,141.34,114.01,99.167,114.16,126.28,92.313,70.465,90.008,110.22,123.95,140.49,162.17,163.26,170.14,188.4,199.6,202.76,198.82,190.87,185.19,169.22,152.91,137.02,125.57,118.44,118.66,111.33,112.84,113.08,105.99,110.14,125.58,135,132.75,121.21,104.98,88.256,90.452,66.837,79.969,101.01,90.575,77.166,66.245,48.933,58.956,58.404,64.87,112.03,123.98,130.12,125.27,47.81,83.643,105.36,88.701,66.36,53.639,52.906,74.778,78.023,76.878,78.775
-38.5,103.26,112.38,96.083,97.868,101.36,105.76,87.695,83.485,101.33,89.917,86.385,104.86,115.78,111.09,129.82,115.28,109.09,114.81,116.87,107.58,110.99,124.04,95.874,99.951,101.49,92.587,57.807,41.472,43.519,45.895,40.419,43.686,39.014,40.024,40.606,53.424,50.607,46.258,55.047,50.009,61.977,75.33,79.652,80.133,76.212,80.244,87.395,98.886,125.64,118.65,134.54,122.64,69.202,63.478,100.38,136.48,119.16,134.33,113.85,130.27,138.8,148.12,151.82,127.65,138.72,148.2,143.02,134.66,136.82,127.9,132.13,144.53,149.89,147.17,162.8,187.75,195.6,186.14,177.68,173.24,165.79,174.83,175.91,171.99,170.98,158.36,145.42,135.76,119.13,116.77,105.17,114.28,131.78,146.53,150.21,144.82,139.08,131.28,120.9,120.83,118.01,114.1,110.36,93.61,92.864,89.935,82.829,86.369,99.667,114.67,127.1,144.74,112.22,94.677,99.635,101.48,86.016,66.808,78.466,79.108,76.306,67.451,76.975,87.094,72.948,76.507,84.593,74.806,64.61,67.175,61.364,70.914,69.358,72.556,88.746,105.76,114.39,81.497,68.892,64.733,69.865,82.515,97.701,98.053,101.57,104.38,107.97,95.197,76.442,76.134,80.494,89.291,55.212,51.479,49.668,75.735,119.01,115.23,123.44,134.91,119.53,167.21,166.76,155.31,148.31,142.4,118.16,136.82,141.43,123.13,110.31,99.446,93.177,53.846,47.418,86.044,87.432,80.799,55.354,45.375,44.459,49.551,69.97,83.524,80.859,83.017,75.057,81.156,86.719,81.96,95.414,125.82,172.8,187.24,174.34,115.62,82.542,81.768,119.89,121.16,86.188,52.837,63.421,115.47,139.42,129.22,150.61,168.02,175.65,163.37,162.48,162.09,154.4,149.96,140.31,123.75,120.73,115.2,117.64,101.09,88.841,91.643,90.242,91.316,93.621,100.51,104.07,113.46,122.65,126.76,128.01,141.74,159.83,163.84,168.65,163.85,172.56,163.92,164.15,147.76,133.37,122.41,123.06,118.95,120.75,100.47,102.96,103.54,109.97,96.688,98.447,99.564,98.638,69.278,37.4,34.735,36.522,34.707,37.633,44.738,50.235,59.985,63.419,51.977,40.883,48.204,46.163,53.235,59.174,74.123,57.205,56.836,96.902,103.59,94.937,57.577,44.4,39.263,35.952,40.039,35.414,35.501,44.483,42.034,41.18,33.909,40.279,53.75,47.116,49.25,53.245,68.979,111.04,142.05,173.42,172.89,170.06,172.43,167.53,185.61,194.4,175.31,135.07,139.58,108.6,105.72,129.28,144.14,156.96,170.69,177.93,194.39,209.9,212.77,200.62,189.22,181.38,159,134.42,118.32,123.42,137.88,115.8,112.91,110.29,94.509,89.967,102.54,116.06,110.22,109.79,112.97,110.84,101.64,96.597,77.707,77.942,81.305,65.365,46.113,42.933,69.507,93.931,54.095,59.321,111.18,120.27,127.12,115.4,61.61,75.132,61.6,104.93,71.211,68.508,69.422,96.926,92.467,94.614,94.649
-37.5,110.22,113.09,120.3,114.32,106.09,97.783,117.65,117.83,99.432,86.568,93.762,109.66,115.88,101.4,111.53,99.5,83.459,107.73,113.72,115.11,88.323,112.21,91.983,92.331,78.277,83.92,59.576,40.115,42.564,42.085,43.072,53.771,49.555,53.731,43.894,50.206,81.969,87.814,89.721,80.933,77.666,87.573,85.776,76.502,72.768,83.903,79.829,91.706,110.6,115.88,120.75,73.795,55.827,84.88,89.415,73.427,60.801,98.155,119.86,141.95,156.22,161.69,144.65,142.23,137.32,147.45,135.09,152.32,159.6,160.93,156.27,149.73,140.14,109.59,92.436,122.71,152.91,173.48,179.11,183.74,185.74,178.9,167.64,164.76,166.93,165.35,169.86,173.69,172.9,158.36,149.43,134.86,114.9,106.74,110.42,92.361,82.12,75.365,78.453,72.558,86.972,97.221,67.302,84.384,89.187,77.651,87.651,77.925,90.911,113.65,128.66,129.07,138.23,116.2,98.311,92.926,92.231,74.697,57.18,56.891,71.398,72.101,77.161,76.433,80.904,79.275,63.253,60.725,62.842,61.249,57.443,59.94,55.592,63.986,79.191,78.686,65.107,80.846,77.476,75.934,118.66,114.38,102.54,110.11,130.41,142.21,118.63,99.855,91.193,86.208,66.915,52.272,82.81,46.94,44.211,73.705,131.8,154.9,130.23,127,78.034,123.32,173.92,157.23,156.77,140.06,100.27,125.79,151.79,129.63,119.62,94.969,98.209,78.086,62.29,83.249,69.109,66.422,79.929,58.8,66.706,54.453,57.422,70.83,75.716,68.559,69.204,71.843,63.988,74.068,80.72,124.03,153.69,162.67,117.36,72.071,66.765,76.323,85.119,85.475,65.17,49.462,68.244,103.22,128.89,166.06,188.24,178.88,165.46,159.37,161.33,152.37,145.32,136.7,115.55,112.22,105.48,91.624,85.461,76.846,70.269,78.889,86.087,81.998,88.08,92.994,101.06,104.62,111.49,113.39,115.87,130.4,136.9,140.65,133.79,141.07,137.86,132.31,112.53,90.552,81.081,81.997,90.229,85.123,84.921,72.144,61.71,52.903,50.039,61.569,65.329,81.883,84.865,53.143,35.196,39.162,38.459,40.226,41.467,41.161,37.629,36.082,37.177,36.979,46.437,73.062,74.541,53.373,73.389,58.578,46.274,79.153,100.24,96.246,60.352,42.33,41.107,41.317,46.563,36.888,32.705,35.702,43.159,46.572,39.747,33.968,39.07,49.641,49.443,57.288,74.572,107.55,133.48,158.78,177.49,203.09,211.02,189.56,190.26,198.43,210.47,201.36,201.43,185.38,139.66,114.75,124.74,142.02,151.88,167.32,191.11,208.69,214.41,208.23,205.28,199.98,187.42,172.33,166.95,161.06,170.64,163.92,142.6,91.298,71.473,96.033,113.72,102.36,82.208,57.846,57.91,86.842,98.049,94.155,101.19,83.471,74.244,59.309,49.181,40.483,43.512,95.136,87.536,55.784,81.389,84.235,86.873,100.77,113.34,105.2,75.672,55.699,55.375,60.863,71.116,75.135,70.203,94.33,108.55,112.32
-36.5,106.15,108.21,106.31,106.38,106.77,118.18,111.46,94.274,91.136,86.766,102.42,99.045,90.456,75.248,89.641,82.779,67.217,99.138,103.19,93.046,64.736,69.248,89.605,74.326,64.79,72.06,63.993,54.842,40.593,37.133,39.014,54.145,61.633,82.072,48.201,46.543,51.59,53.226,57.946,65.994,62.614,62.196,63.056,57.515,52.074,64.214,75.872,79.989,103.25,103.42,74.482,88.821,108.22,98.292,105.5,117.01,122.07,131.31,134.75,156.4,149.72,163.43,150.4,125.54,142.63,160.72,161.27,168.09,160.01,146.06,125.53,112.97,83.258,89.59,94.922,111.64,150.68,174.75,198,219.05,195.07,171.31,156.33,165.53,165.1,167.65,163.92,151.06,139.62,126.82,104.43,102.24,115.11,118.46,129.22,121.85,102.75,89.045,84.246,73.543,69.304,66.505,56.24,64.562,64.31,65.739,86.827,65.224,80.654,101.31,116.94,129.02,131.17,106.36,101.18,89.45,72.987,58.918,57.429,54.946,58.451,58.411,63.548,70.873,73.581,69.718,64.267,54.59,55.492,53.713,59.013,63.359,74.367,87.996,64.268,47.84,61.834,98.069,120.12,136.42,137.45,130.32,118.07,125.96,134.43,123.79,117.36,108.14,97.952,81.439,56.647,36.357,57.175,61.648,48.079,80.157,115.64,178.65,134.39,87.519,83.162,72.952,134.94,147.76,127.83,134.84,118.11,149.63,152.92,134.29,107.61,104.57,97.015,109.69,97.445,73.237,55.173,50.702,66.229,58.471,58.384,54.011,58.654,60.528,83.647,60.992,63.081,81.546,73.841,56.315,64.526,90.652,108.55,94.494,81.239,67.891,63.95,65.175,65.507,69.02,61.135,44.168,60.962,103.48,150.59,188.61,191.18,190.25,190.39,175.81,171.67,148.39,132.26,131.92,116.74,104.47,80.401,70.429,70.768,68.893,72.399,88.339,92.6,92.467,92.708,91.379,100.27,106.06,103.17,103.73,116.88,118.82,121.78,115.96,112.87,114.89,114.23,115.49,100.75,89.28,71.48,72.293,84.742,84.258,72.285,55.153,50.929,48.295,59.221,66.719,78.733,65.567,66.057,39.604,38.451,49.62,75.213,61.598,43.652,44.197,44.878,60.783,48.936,39.136,39.31,40.702,59.967,102.25,67.317,36.218,39.436,78.899,95.311,49.528,37.911,50.202,43.364,40.951,47.427,38.583,38.542,47.75,59.054,46.946,40.368,34.393,35.677,47.084,52.262,64.373,93.943,97.804,116.61,137.09,177.58,205.4,224.55,205.37,193.8,182.32,201.81,203.38,172.72,128.14,116.74,95.65,99.309,127.29,137.03,147.18,185.61,199.21,204.76,204.9,209.73,203.43,188.95,149.95,127.19,152.67,178.76,133.76,80.964,52.477,48.262,75.246,71.636,77.659,66.541,45.051,74.508,79.44,64.503,71.049,78.446,64.779,59.4,56.515,50.47,43.892,59.566,137.97,64.676,98.717,103.1,94.532,76.779,77.199,74.059,78.927,105.04,104.78,68.738,80.82,107.9,109.94,110.58,106.97,107.74,104.02
-35.5,74.847,82.675,80.112,84.666,102.8,98.501,98.949,101.31,89.843,86.078,81.917,78.942,69.403,79.905,79.11,67.17,57.622,67.22,90.142,79.456,59.157,58.438,82.901,53.328,42.696,45.852,72.748,85.61,50.524,36.891,38.291,49.199,54.912,85.7,99.584,83.281,71.568,59.3,57.203,76.24,84.176,86.683,81.876,66.903,81.983,83.393,95.976,102.44,86.989,70.039,86.585,114.19,115.35,118.59,106.89,105.1,99.643,122.59,131.49,99.428,128.19,149.07,157.83,171.89,177.51,176.13,149.34,138.07,122.99,106.9,97.078,88.58,72.219,84.247,93.847,143.89,176.98,200.98,217.6,216.52,189.98,164.04,163.57,167.31,170.44,188.51,179.76,156.48,123.15,91.835,111.86,107.47,114.15,120.51,108.93,96.611,82.79,83.263,83.579,94.818,88.59,79.394,59.989,56.173,44.891,42.113,44.78,68.808,89.466,107.99,105.52,102.74,100.7,88.76,75.125,58.82,90.775,64.132,61.247,58.311,54.851,57.672,51.737,47.284,49.721,57.867,52.078,54.857,66.414,69.552,72.657,75.301,71.278,59.352,47.281,45.125,63.37,91.09,116.24,138.96,151.13,151.64,140.34,129.25,111.42,98.187,110.17,118.07,100.22,70.648,53.953,47.418,42.044,55.689,58.707,79.109,84.013,85.437,77.372,83.278,69.658,49.929,79.189,135.59,110.76,117.93,140.88,162.58,153.64,139.76,137.29,136.62,118.91,122.2,127.18,68.634,52.437,49.708,63.923,71.187,57.387,43.731,57.251,54.359,54.531,58.099,60.614,77.297,87.755,56.603,60.112,66.439,77.342,83.897,64.814,58.062,57.351,58.725,58.536,53.25,63.098,51.285,97.796,155.87,191.81,193.47,199.25,194.25,209.54,207.93,184.98,137.83,102.24,83.958,88.295,90.303,80.555,74.495,71.826,74.637,81.459,87.162,91.162,87.726,86.113,98.294,104.31,100.38,101.9,102.5,96.643,92.298,99.475,110.12,105.15,96.488,91.878,85.685,88.513,68.949,60.681,73.025,72.976,55.828,43.106,39.114,41.865,46.728,67.688,48.089,67.57,74.48,42.168,36.13,51.033,89.874,95.548,80.774,54.384,79.995,77.793,69.913,39.386,33.432,43.287,78.22,81.485,54.517,52.764,46.749,60.423,97.499,62.954,49.285,53.902,41.969,41.98,42.524,41.509,44.299,56.956,72.66,69.677,71.741,59.343,41.48,37.323,46.225,52.907,55.802,75.685,95.268,93.967,108.1,128.25,179.01,204.25,192.79,174.11,175.35,197.24,192.7,154.39,133.65,141.98,143.87,137.16,163.06,172.41,177.45,174.98,188.55,204.82,205.85,192.03,162.69,108.91,77.904,80.962,141.26,102.2,67.465,53.457,36.851,34.982,37.46,42.543,56.92,41.121,44.062,42.272,39.019,41.713,50.076,58.48,58.481,54.714,53.746,41.497,40.357,68.058,98.66,96.868,140.08,145.58,155,142.31,97.154,75.447,49.909,65.93,78.475,65.222,50.908,53.252,47.53,47.603,58.481,65.321,66.297
-34.5,81.49,90.99,93.082,80.022,91.739,96.627,95.608,79.64,58.21,52.773,55.262,61.961,85.02,105.37,89.035,57.857,61.298,85.118,103.83,110.97,78.297,65.951,72.603,61.999,45.314,37.452,42.908,84.573,76.584,44.021,41.365,41.17,43.38,46.585,69.654,91.453,83.326,79.081,81.772,68.172,68.402,88.896,137.17,125.53,135.67,130.1,126.6,105.87,106.09,115.39,102.88,87.354,101.2,80.678,84.824,105.18,88.377,84.23,104.57,99.765,101.22,121.12,157.66,147.47,135.73,137.88,127.72,115.66,97.47,77.808,74.618,67.77,87.495,101.58,82.191,106.93,145.25,167.22,190.66,174.91,156.38,153.74,150.74,162.85,164.99,170.77,155.12,127.34,113.29,106.43,106.44,95.904,87.417,81.017,63.853,61.32,66.079,74.843,84.861,94.188,90.578,67.751,65.029,55.657,56.227,58.92,65.202,75.772,95.846,86.086,79.228,95.234,73.431,73.116,71.959,65.92,91.684,91.516,79.691,57.583,62.399,81.365,82.822,53.561,44.308,57.397,59.853,67.047,69.929,66.294,68.019,49.513,37.474,37.267,38.896,57.111,55.237,83.288,136.51,151.99,146.16,149.99,135.78,122.87,104.84,99.42,106.77,109.72,82.826,74.873,65.631,90.977,98.047,85.222,56.366,74.794,73.351,69.316,73.082,85.849,68.271,56.488,55.83,103.01,98.524,113.19,154.62,185.92,159.35,140.16,120.41,108.75,117.3,119.85,108.77,88.169,65.551,53.88,47.263,60.948,54.408,60.674,60.423,49.46,48.139,63.352,74.512,57.367,59.595,78.337,77.234,66.57,62.037,54.412,52.677,54.764,51.791,48.555,49.823,63.367,60.639,96.937,169.62,190.16,173.04,167.75,164.77,167.51,160.16,167.96,150.64,96.863,86.854,86.648,85.653,74.568,63.862,69.045,75.116,75.164,72.882,73.709,83.001,95.668,101.75,105.76,85.891,94.134,101.51,90.334,95.003,95.244,93.341,99.535,89.802,71.862,68.209,57.787,59.051,57.086,52,62.201,57.792,43.88,38.163,38.708,39.271,41.526,42.877,70.886,58.894,39.359,34.866,39.859,73.589,133.45,85.738,49.735,39.515,43.275,41.223,34.928,33.711,37.603,47.891,76.679,46.752,53.327,79.226,67.911,62.609,43.943,45.235,68.327,43.087,39.1,43.456,43.877,42.683,52.792,82.228,83.248,76.135,80.467,59.155,51.327,41.656,37.524,49.329,51.864,106.68,103.42,88.749,113.16,102.53,147.91,185.25,190.7,164.69,150.17,151.51,166.66,135.36,152.65,165.05,168.76,163.58,175.99,189.04,191.27,188.94,184.06,186.55,166.63,142.36,86.655,48.718,56.941,79.181,137.02,104.56,84.397,56.497,39.697,40.357,47.751,76.557,42.765,36.552,42.082,38.035,55.036,49.241,41.09,50.323,56.163,56.724,42.235,43.43,62.66,114.21,128.46,131.84,151.77,171.84,153.68,126.62,122.9,110.6,107.3,124.2,108.79,111.78,130.7,122.04,126.75,119.42,107.59,91.7,83.351
-33.5,94.98,97.285,93.44,94.768,94.38,84.837,56.373,48.083,54.568,50.695,56.109,86.364,88.565,83.07,60.017,48.848,65.323,89.377,113.55,120.05,84.15,68.801,66.964,73.549,73.106,54.059,52.558,70.482,105.02,78.124,49.351,51.861,47.727,46.825,52.808,58.589,62.901,53.715,64.052,86.431,128.17,138.76,164.92,166.49,184.22,173.75,166.35,160.66,140.2,97.943,85.663,101.32,94.324,71.71,74.675,87.172,82.092,57.034,87.273,99.536,94.995,105.47,118.17,114.62,119.8,110.71,100.9,90.565,83.562,89.713,92.111,93.597,80.063,70.403,92.497,120.73,144.11,157.63,149.83,149.39,127.54,118.54,101.28,81.762,78.228,75.17,69.475,55.164,55.218,59.914,59.223,61.216,64.136,67.902,70.712,68.065,64.736,69.474,72.76,75.402,65.887,60.617,74.26,67.035,54.854,37.553,50.966,70.55,87.277,75.111,65.68,69.564,62.95,42.246,63.34,63.977,83.811,87.677,87.734,88.406,89.259,84.646,77.667,68.242,41.329,41.428,40.877,41.638,44.498,38.707,36.545,37.21,34.563,35.239,50.016,80.693,103.04,125.57,159.98,150.06,126.93,146.74,140.55,126.84,126.04,107.89,89.68,86.347,71.381,65.249,54.455,50.516,63.894,65.05,56.25,68.526,85.118,61.602,65.766,68.953,70.811,68.754,56.494,88.313,83.935,109.03,172,193.38,180.37,177.87,140.28,114.85,124.66,111.22,101.42,100.33,77.478,54.285,52.605,51.912,65.739,63.117,56.82,48.689,51.335,51.059,58.377,56.278,55.773,58.426,59.735,66.685,56.239,52.423,54.223,42.827,43.747,64.435,75.793,70.533,109.16,169.94,169.46,174.73,146.76,101.22,87.709,78.085,96.101,102.66,112.38,103.46,93.521,98.139,97.497,88.055,91.366,92.569,86.987,83.254,78.312,77.197,69.847,70.404,72.275,75.306,89.371,88.18,83.185,84.827,85.166,89.772,87.188,74.528,60.274,53.173,48.069,46.475,44.802,50.353,64.429,62,47.878,44.827,52.667,40.167,39.044,39.377,49.996,52.803,41.373,35.602,36.943,43.643,74.3,95.677,106.08,48.99,34.034,33.543,32.85,35.248,41.405,41.068,44.899,54.348,58.314,56.11,53.901,63.715,49.957,40.019,38.316,51.343,37.652,45.274,48.966,51.095,41.456,60.431,97.709,100.71,92.887,80.439,59.188,49.007,39.606,38.09,45.034,59.236,117.83,127.54,112.15,149.12,153.64,160.93,189.37,191.45,162.61,157.02,141.03,152.13,161.07,180.11,173.63,174.84,179.6,190.24,196.53,199.08,190.85,180.55,174.44,142.19,103.35,56,54.986,56.239,78.434,145.1,102.69,89.996,59.154,44.932,66.512,53.129,43.437,35.155,41.667,56.092,38.823,77.709,64.462,37.055,42.936,41.735,44.717,58.684,65.612,91.63,131.03,159.44,187.91,199.53,187.28,175.98,157.23,108.09,77.395,60.077,68.23,70.491,68.438,82.99,75.674,68.539,87.774,112.18,117.47,107.39
-32.5,68.461,82.108,89.214,99.284,92.175,71.964,74.012,97.761,107.59,112.98,90.992,78.223,61.138,40.062,35.575,37.424,51.529,68.799,108.21,91.971,66.729,71.349,70.544,70.19,70.466,61.65,69.219,89.01,100.42,107.33,79.575,58.069,60.484,59.193,50.153,43.047,46.48,62.168,80.71,98.759,94.174,87.472,214.64,220.47,220.76,208.35,196.62,179.4,159.89,110.22,110.31,114.65,108.22,90.018,80.845,60.359,69.884,71.333,103.46,105.22,101.22,99.227,110.67,111.36,110.23,103.62,115.68,118.43,154.91,134.81,115.89,99.799,134.32,162.69,132.6,129.52,133.39,132.45,118.11,87.55,62.856,54.972,52.013,51.986,48.598,52.917,42.013,42.864,43.073,44.253,52.663,52.247,54.065,62.797,71.521,68.722,71.604,64.202,69.211,60.101,50.706,70,76.515,58.771,55.601,73.138,77.983,65.532,51.081,56.342,40.659,42.098,49.234,37.726,68.162,43.068,70.019,76.687,73.69,65.87,65.099,62.25,59.05,57.275,60.293,49.062,43.047,38.445,36.534,35.998,35.965,35.106,39.119,56.118,91.278,102.51,102.44,110.66,130,152.31,157.84,162.9,159.09,151.32,124.04,88.2,76.762,70.058,60.063,54.754,51.262,56.625,47.687,79.222,58.597,71.191,84.67,68.592,74.942,66.714,68.017,71.868,69.279,69.205,67.279,138.31,189.45,181.78,173.22,168.84,146.55,132.65,140.94,120.06,100.98,123.4,112.1,87.678,65.761,51.893,59.821,61.702,55.198,54.659,47.637,50.889,54.687,47.015,53.388,56.571,44.558,45.038,50.024,46.886,41.4,44.207,56.265,91.736,85.964,113.08,159.59,152.52,119.21,98.466,84.383,68.692,57.51,56.674,83.343,58.226,62.56,69.382,72.502,60.859,54.377,59.679,60.505,58.334,62.615,67.546,60.067,63.861,70.329,69.722,86.72,75.497,58.25,75.929,69.907,65.858,59.49,45.326,48.197,43.954,41.532,42.385,45.085,42.778,52.748,52.826,57.013,56.539,44.8,55.557,42.891,45.056,43.877,43.213,43.669,47.139,35.817,34.17,36.99,48.925,93.621,130.48,102.6,47.441,34.668,33.958,37.577,37.085,36.825,39.61,44.36,38.078,55.462,49.485,76.388,86.102,48.916,44.036,43.817,43.325,39.922,52.908,72.506,69.294,47.335,63.032,95.737,103.82,91.759,79.74,64.962,47.78,38.554,37.611,43.259,53.354,88.695,159.94,144.93,126.16,155.21,153.43,162.14,186.91,175.17,158.09,155.33,182.19,184.32,179.27,191.74,188.48,187.13,189.88,206.24,206.49,191.49,167.88,135.17,96.258,54.436,47.876,47.086,49.68,70.712,103.45,75.752,68.168,54.955,40.252,52.917,40.515,37.988,39.106,38.913,54.254,39.024,55.191,40.541,39.008,40.362,71.92,89.621,72.93,48.071,106.64,168.34,216.41,207.67,178.96,165.19,173.51,167.47,142.43,125.74,103.2,76.846,93.678,87.447,85.705,72.083,68.198,53.933,56.794,74.085,89.711
-31.5,76.029,67.805,72.636,83.824,85.659,113.49,136.58,139.37,99.185,87.265,79.887,53.941,36.432,39.102,39.657,61.311,51.789,71.072,102.4,110.64,68.474,76.568,81.541,85.318,73.781,71.026,74.354,104.62,119.2,117.64,122.79,116.59,99.743,88.912,92.893,79.591,61.55,61.847,79.696,69.646,54.227,114.71,213.23,190.03,189.19,203.99,205.15,179.53,124.92,99.689,87.39,86.227,95.189,77.649,71.247,62.898,72.575,72.22,77.408,79.151,74.981,89.11,89.322,104.82,104.82,109.63,86.343,108.25,124.13,135.71,94.267,95.183,111.73,119.15,113.71,137.87,115.84,86.944,59.361,46.482,39.353,40.967,44.417,47.296,50.587,41.345,45.818,42.581,37.536,38.079,60.291,51.552,40.88,45.28,51.354,63.969,65.7,69.219,57.458,46.387,77.635,95.596,72.944,58.47,76.5,83.399,60.876,41.003,42.666,65.846,36.488,53.532,56.995,36.088,52.426,46.616,64.63,78.019,75.262,63.28,55.064,58.876,54.076,57.148,69.692,81.283,79.414,76.195,67.476,57.252,52.997,54.777,58.51,64.378,82.292,91.519,87.871,103.74,126.18,141.59,169.95,180.01,166.33,146.41,111.61,93.295,78.996,71.249,62.332,64.824,57.687,60.736,55.518,45.926,52.302,75.07,78.735,64.284,52.911,53.173,49.872,48.37,51.715,61.039,88.129,153.09,165.56,163.25,169.9,156.69,117.51,128.78,124.24,121.13,101.32,95.333,110.63,102.83,86.995,67.446,58.668,58.751,53.754,53.856,55.221,51.854,47.934,52.036,49.53,55.676,54.511,44.827,44.129,42.909,51.009,79.98,83.49,96.763,116.8,151.9,146.95,97.567,59.763,61.231,65.354,44.761,48.498,54.692,62.301,76.998,49.698,39.899,45.977,55.455,62.061,70.317,63.739,57.048,63.992,68.161,67.13,70.503,72.122,85.827,89.726,65.862,72.463,57.119,49.012,42.443,40.483,40.85,38.67,38.887,38.828,43.777,40.67,41.912,46.953,44.322,54.979,39.095,39.717,42.785,41.193,41.224,37.63,43.394,59.862,52.992,36.778,38.112,41.754,47.898,105.12,114.39,51.512,37.887,36.921,37.271,45.149,43.401,45.384,64.019,46.456,45.881,45.98,78.455,70.541,46.075,44.979,46.494,48.024,42.203,59.765,75.498,102.54,65.511,50.444,62.429,96.439,99.273,107.47,84.771,71.75,55.815,39.212,38.804,50.732,66.476,83.384,168.96,155.99,139.84,147.3,160.51,175.93,174.15,161.12,169.69,171.65,171.06,173.54,186.4,193.81,198.07,198.41,208.76,204.98,188.12,185.44,182.81,114.38,83.05,55.905,54.794,49.471,48.732,56.885,58.798,58.635,46.026,48.308,43.357,41.921,35.656,43.993,62.789,45.433,43.252,47.934,55.871,52.098,72.349,57.442,81.283,92.66,61.086,62.406,126.72,176.74,212.42,198.46,186.38,186.21,173.97,154.87,170.31,167.67,146.27,136.53,127.69,94.956,72.466,60.888,59.952,52.141,48.04,52.405,68.168
-30.5,51.969,54.838,58.741,60.186,69.694,125.96,125.14,83.062,44.588,59.89,47.172,36.762,38.567,45.393,69.429,54.134,54.369,87.116,96.3,80.622,81.941,91.501,75.765,70.25,65.432,74.396,75.869,95.211,138.61,148.07,150.31,156.07,142.14,127.85,130.59,120.15,85.39,87.318,71.541,63.502,77.854,151.05,177.33,160.1,145.59,207.85,221.22,209.74,187.97,180.24,125.89,98.321,84.284,64.62,69.04,67.377,72.789,89.903,93.887,99.715,91.37,78.762,74.635,64.83,71.291,52.256,61.17,56.454,78.637,69.944,81.346,91.647,114.79,118.53,95.599,86.574,62.289,42.979,39.48,40.839,35.778,47.874,57.465,66.685,44.038,39.529,39.676,41.718,42.346,45.208,64.1,46.333,37.381,37.762,41.217,58.909,60.379,65.58,53.957,59.278,70.264,57.122,53.246,50.451,61.374,83.965,85.424,62.059,51.621,49.844,44.656,60.316,49.715,47.331,37.785,63.388,77.506,81.208,65.616,54.473,54.684,57.059,58.811,69.072,67.332,79.261,82.006,77.456,76.889,72.319,67.836,69.076,71.607,82.797,94.23,103.67,114.02,115.95,123.57,154.44,192.49,177.12,166.61,131.48,100.23,84.738,80.45,73.971,70.76,66.309,58.523,63.028,57.24,43.589,57.1,71.933,49.95,42.286,39.335,45.308,53.347,49.351,42.079,67.247,107.61,157.58,175.78,162.34,162.68,130.41,117.39,133.97,137.7,90.083,104.05,113.48,106.49,91.315,93.449,76.538,68.089,51.026,43.973,44.662,46.165,47.672,52.88,48.748,40.557,44.257,53.757,51.504,52.481,61.798,90.544,107.1,112.26,120.64,142.26,134.37,86.154,54.08,50.805,76.571,61.279,45.266,49.691,42.008,36.679,38.347,48.22,54.628,51.72,54.268,50.817,63.652,67.131,67.606,64.875,58.219,56.279,65.9,112.44,70.661,55.833,50.695,53.266,43.494,41.835,39.689,42.12,39.564,41.188,40.675,42.555,41.62,45.111,39.199,38.989,37.261,38.626,40.366,39.428,37.893,35.499,37.958,35.493,47.383,45.371,42.481,38.956,53.589,58.182,46.38,71.961,83.767,92.174,56.699,40.284,42.624,54.086,41.916,43.293,76.014,52.586,49.476,53.923,54.98,47.635,47.838,49.309,53.195,47.309,44.065,72.831,79.22,81.453,88.741,59.935,50.6,89.068,103.39,117.84,108.87,74.101,56.374,43.03,48.905,49.78,63.141,76.153,175.2,161.21,152.61,125.75,169.43,180.53,163.29,165,152.73,162.7,184.6,193.52,203.85,210.19,204.19,200.63,212.71,199.54,180.98,157.91,133.04,87.048,59.983,49.957,46.439,44.796,46.236,48.143,43.956,44.844,64.321,59.289,43.841,39.232,41.081,47.801,46.984,51.266,50.639,42.737,53.973,78.758,73.421,70.479,71.161,69.207,49.972,68.749,100.63,151.02,187.85,209.78,204.55,145.77,143.16,148.83,171.72,193.36,175.19,155.11,93.005,87.3,68.659,51.177,50.783,51.07,45.659,49.877,51.88
-29.5,56.368,55.67,56.727,53.592,71.837,109.92,100.35,48.815,36.494,35.016,38.722,44.463,37.539,42.236,50.773,35.392,51.924,105.54,81.487,92.28,100.61,84.873,72.585,64.038,63.441,70.132,84.625,94.401,144.45,158.6,159.92,167.48,184.83,189.04,181.32,152.99,123.69,115.28,118.29,107.1,103.2,92.232,63.273,68.954,101.92,145.55,171.07,115.43,117.03,119.13,93.88,79.509,72.757,62.105,61.128,59.505,60.249,72.605,90.254,62.481,47.215,43.988,44.159,46.645,47.036,56.354,55.9,52.439,51.198,67.816,78.356,82.367,107.12,97.514,63.191,51.805,39.912,41.525,39.012,37.686,44.435,59.569,60.224,42.832,38.366,39.21,39.117,47.95,41.459,53.826,50.681,37.161,42.69,57.745,36.923,53.292,43.955,61.124,63.271,55.823,77.405,93.03,67.483,75.732,100.9,97.572,66.955,63.158,59.814,43.387,50.753,52.407,54.29,43.776,47.674,85.499,80.088,71.79,65.455,69.609,59.965,63.36,69.078,69.562,66.407,66.24,70.816,66.378,67.155,61.742,62.323,67.359,80.554,102.95,97.539,113.9,136.78,165.69,175.95,188.18,197.89,179.16,149.61,116.56,94.885,89.779,84.32,78.203,76.056,70.454,68.25,63.453,56.748,43.362,67.188,70.098,32.939,36.066,42.282,53.333,59.1,44.26,45.365,61.109,105.03,140.48,166.06,147.67,138.25,109.16,82.618,93.42,128.22,88.247,99.934,108.91,88.072,68.952,70.337,59.792,43.84,53.115,61.366,52.506,48.493,42.69,62.155,56.314,55.05,63.329,69.335,72.836,78.33,106.47,119.32,130.46,133.28,151.69,121.7,76.526,48.139,46.205,74.525,69.409,43.12,43.392,46.201,35.981,37.294,50.198,48.371,46.894,61.047,68.87,61.993,59.906,51.764,51.479,45.667,43.61,77.155,86.981,91.157,42.917,41.837,45.717,43.342,43.596,39.146,42.738,43.474,41.204,39.692,38.848,40.007,40.735,39.653,39.447,39.077,41.09,40.724,45.265,37.233,38.623,38.464,38.396,40.83,44.033,40.065,43.278,49.136,76.583,67.159,44.94,45.687,51.172,103.36,88.004,43.085,65.884,97.537,58.419,40.373,42.488,44.809,61.044,79.007,52.645,68.33,67.875,81.123,72.278,65.982,57.157,51.887,79.161,66.023,69.475,89.199,62.387,84.89,111.19,124.36,115.51,82.558,52.853,45.807,51.392,52.136,63.795,80.347,156.57,190.95,182.52,150.76,184.95,174.97,185.07,187.61,176.33,206.85,216.61,225.29,232.65,219.42,193.87,180.04,174.32,188.72,189.95,133.16,75.392,68.009,51.062,51.343,43.65,40.72,36.644,36.62,41.708,48.649,84.782,65.799,42.651,36.951,41.095,45.656,53.352,48.535,41.211,42.713,52.468,49.081,44.238,62.785,65.61,47.538,45.373,50.839,71.835,94.056,120.29,122.45,98.39,72.394,58.967,67.651,124.09,166.83,136.44,162.78,156.24,123.88,67.493,54.614,50.727,49.788,47.165,52.939,51.953
-28.5,56.134,62.635,82.433,85.323,104.32,94.75,59.355,37.253,35.042,35.799,37.428,46.876,44.481,55.391,40.115,40.289,81.419,75.651,76.906,88.436,96.22,95.106,74.122,65.722,65.543,68.375,70.873,91.3,118.13,141.78,125.67,131.24,132.67,186.17,174.36,195.11,173.77,118.21,74.133,66.132,69.811,49.297,68.018,117.21,102.47,78.946,66.823,44.243,45.24,57.629,54.49,52.696,56.129,59.196,52.651,49.09,52.667,51.92,55.576,40.169,43.164,47.92,52.502,54.401,54.274,50.603,56.628,44.598,60.357,66.104,69.203,70.844,74.152,55.635,44.573,39.392,50.801,50.18,40.558,39.45,40.418,45.966,47.372,37.031,38.005,37.457,38.8,38.493,42.494,56.689,57.543,40.79,57.163,59.487,59.836,47.773,34.447,38.882,39.119,45.882,62.551,87.59,69.585,98.2,95.279,94.227,91.9,72.628,58.674,59.96,50.714,61.289,77.154,76.312,83.522,90.501,81.817,81.524,72.779,75.796,74.974,70.054,69.415,70.082,69.163,68.581,69.032,70.624,74.361,75.777,78.778,77.61,75.047,83.889,114.33,123.66,132.82,152.71,177.93,183.68,173.95,147.81,113.14,80.009,64.369,66.79,66.313,67.535,62.83,71.481,73.34,60.959,61.297,60.266,68.862,61.131,40.762,50.97,46.13,45.09,44.146,46.954,47.202,65.937,95.621,152.53,170.96,165.94,138.61,101.12,57.05,81.857,110.63,91.41,95.71,92.503,75.738,63.162,70.292,58.401,51.19,46.284,57.165,63.711,57.511,49.535,49.584,49.08,56.382,63.34,65.161,75.747,138.65,154.34,147.14,165.51,168.01,100.33,57.12,47.971,51.976,60.2,84.71,49.856,44.658,55.108,41.24,36.945,40.246,41.011,44.25,63.294,62.092,42.482,42.499,44.667,39.047,42.729,56.354,53.605,47.83,76.081,44.743,39.758,45.077,44.545,40.274,41.58,41.922,42.666,40.588,44.735,46.608,45.11,43.102,42.423,39.129,40.31,40.923,41.867,40.178,42.081,37.299,38.344,39.333,47.376,67.255,73.803,50.713,43.144,44.191,48.988,60.582,68.144,70.027,63.955,59.326,59.534,42.725,55.24,94.058,103.52,90.824,78.091,68.851,68.934,55.411,64.266,97.683,93.71,75.997,79.303,92.12,69.884,54.395,76.289,68.824,86.078,94.028,67.608,103.15,126.61,115,103.34,65.173,48.156,47.988,61.693,61.864,62.537,70.951,117.98,173.91,191.67,181.31,176.7,172.05,208.77,201.27,217.75,247.14,248.98,252.77,244.55,208.1,168.06,135.2,149.2,178.88,192.47,135.89,82.638,57.838,53.141,52.228,42.883,43.6,44.857,59.05,54.097,75.514,97.205,75.15,54.483,39.685,39.757,42.563,49.018,45.155,42.444,41.43,43.89,48.316,83.631,63.809,59.16,51.963,56.917,59.149,60.747,67.021,57.933,55.87,47.44,41.625,47.312,54.407,136.73,194.02,133.11,123.76,157.71,124.17,102.3,63.936,52.058,52.989,51.379,51.05,53.714
-27.5,66.23,82.566,107.69,111.82,82.645,58.88,34.362,32.333,34.994,38.623,49.314,63.149,48.277,39.423,40.999,64.736,85.733,69.612,76.525,88.358,89.288,87.043,72.472,63.743,66.319,67.167,72.079,81.772,102.97,133.77,123.85,111.04,116.03,203.58,197.62,177.16,146,98.207,72.64,61.231,61.404,62.929,66.219,60.513,57.223,59.442,63.648,49.635,39.613,41.388,52.151,57.851,52.556,44.007,41.887,43.35,43.327,51.95,53.539,43.964,41.839,43.355,40.263,38.026,43.314,51.058,42.182,42.799,56.251,65.798,64.526,56.37,58.346,41.05,37.032,44.712,79.403,47.041,39.026,41.292,40.046,39.703,41.702,39.418,38.735,40.344,37.81,40.167,68.694,61.268,38.023,36.82,48.622,39.216,38.457,35.463,34.297,38.677,49.372,49.429,82.346,113.48,110.3,122.48,128.65,123.49,108.99,91.568,104.78,84.793,110.87,127.46,122.9,106.96,99.607,96.073,91.828,85.427,79.528,74.415,76.866,76.642,78.34,78.623,74.7,71.448,71.14,81.42,83.586,85.589,96.374,95.698,94.554,107.8,129.64,134.5,161.66,170.99,171.07,154.06,142.69,101.51,80.611,73.549,65.437,64.947,63.759,65.774,64.137,59.253,59.211,55.833,57.902,48.632,50.83,40.015,46.924,49.124,52.141,51.639,46.812,48.056,45.992,81.497,109.48,167.42,202.37,142.92,97.518,82.848,68.543,100.37,92.512,73.984,86.285,73.075,65.753,71.876,74.334,74.587,69.06,60.842,69.568,80.042,56.084,45.376,43.654,47.037,64.308,66.493,73.594,127.22,177.37,173.82,160.54,140.92,103.21,66.095,44.866,41.322,47.473,60.168,81.663,50.898,63.163,45.593,38.969,40.045,39.046,65.052,83.845,67.597,57.276,49.513,42.748,42.704,52.842,60.082,59.608,41.717,45.248,53.89,41.492,40.403,41.937,39.53,43.367,43.928,41.014,39.203,39.645,43.699,58.697,58.221,50.952,41.297,40.275,42.314,41.555,44.778,40.233,39.706,43.142,47.04,65.511,94.579,100.6,95.53,86.733,48.381,47.347,50.942,61.102,76.046,78.21,67.965,52.963,66.836,63.318,42.646,59.419,74.545,112.18,103.62,98.858,79.509,89.426,98.646,77.149,49.402,77.073,104.14,134.44,90.15,44.471,79.837,67.299,79.899,69.18,59.89,91.785,110.07,109.69,92.098,68.103,57.527,49.944,83.146,109.63,81.258,69.188,69.574,131.38,174.72,199.95,195.22,208.05,228.19,246.67,256.32,234.55,223.8,207.77,179.17,157.38,122.85,108.01,153.35,197.12,192.31,164.19,87.537,45.235,43.467,43.695,43.832,76.148,83.542,83.892,70.692,87.886,88.453,70.231,52.575,43.783,39.303,44.538,52.925,56.268,48.254,41.297,44.472,55.573,73.947,70.161,52.967,48.512,58.042,54.319,57.739,61.796,62.232,43.751,50.824,58.626,56.46,59.114,124.3,180.94,124.46,77.519,91.593,84.015,84.5,79.155,77.685,67.459,58.861,52.89,60.881
-26.5,139.95,118.77,103.67,61.74,35.268,34.419,34.02,37.239,35.933,45.787,70.06,57.934,43.254,38.813,42.989,87.559,85.807,67.95,69.517,82.135,78.679,73.247,67.647,64.983,62.07,65.357,72.28,71.001,89.475,114.46,116.13,114.72,99.489,101.77,161.38,180.35,135.56,87.66,64.175,52.082,55.444,42.506,56.259,56.287,47.891,59.431,62.36,60.049,51.347,43.255,40.516,45.764,61.327,47.62,41.802,45.978,84.369,85.615,60.875,50.57,44.553,46.782,41.505,42.115,43.199,46.969,61.223,53.468,44.009,40.68,35.286,53.067,41.445,36.592,34.365,46.987,70.272,39.617,42.554,40.108,38.364,42.153,38.816,39.813,37.91,37.84,37.199,44.635,89.037,49.988,37.59,43.1,38.554,51.933,47.642,37.491,49.353,64.719,61.406,64.323,71.24,73.626,90.02,105.96,97.213,80.684,85.43,95.339,142.78,166.7,160.61,146.2,135.65,115.22,98.649,91.18,90.82,80.627,79.71,74.739,76.3,80.257,83.747,79.871,74.304,77.454,82.066,91.447,98.202,112.43,123.25,132.01,140.73,155.84,143.77,145.67,161,160.32,137.64,102.79,89.149,81.794,76.167,72.161,65.459,61.138,61.313,60.52,62.261,59.682,53.643,52.703,57.226,40.536,51.678,45.993,38.629,43.062,50.139,47.952,46.25,44.743,59.409,110.28,148.07,200.18,175.61,117.14,93.436,89.213,82.681,80.05,74.327,70.178,56.934,58.803,56.677,57.376,68.942,49.658,43.857,44.065,55.868,57.073,49.7,49.346,50.369,64.248,71.835,76.654,120.61,164.75,172.72,155.66,119.9,92.143,64.623,44.414,38.576,40.742,44.94,60.197,55.267,45.835,57.81,50.69,35.876,39.586,48.796,74.87,75.722,68.892,46.313,48.477,44.056,42.533,39.277,41.947,44.308,43.232,44.38,45.035,41.255,43.023,42.252,43.615,45.781,42.024,44.843,41.556,43.134,52.329,63.149,67.405,48.773,45.869,45.872,41.8,42.122,45.843,46.935,43.635,47.372,61.602,78.19,87.415,88.988,81.689,54.795,46.691,43.234,62.894,75.687,87.376,60.464,57.994,76.556,113.28,96.832,61.59,44.499,57.743,72.341,56.817,73.95,79.459,96.062,75.534,40.232,41.5,56.818,75.538,102.19,64.961,61.956,84.61,77.71,74.296,67.833,79.306,79.615,83.499,89.868,87.987,73.216,53.963,57.559,101.52,157.12,112.53,74.871,65.391,73.559,86.137,149.89,209.13,218.76,235.92,219.11,186.39,169.44,171.47,148.74,133.99,117.95,99.516,101.29,161.07,191.71,152.52,125.99,71.751,39.359,39.03,38.089,50.156,68.963,71.691,84.568,120.41,135.91,68.494,50.568,51.543,47.26,38.504,36.226,44.589,53.329,52.019,53.27,50.359,46.515,46.016,53.174,53.11,54.239,51.282,51.122,69.567,94.895,83.304,100.79,91.614,88.127,64.117,92.455,133.29,108.12,67.774,54.736,78.848,57.324,84.533,66.947,64.875,83.129,66.598,70.656,89.88
-25.5,82.113,61.46,42.455,36.385,33.592,34.741,38.206,45.875,55.277,56.076,41.997,34.061,42.55,38.901,53.383,85.122,75.407,65.903,77.698,93.618,91.411,77.163,67.738,65.034,62.817,61.649,71.349,83.3,89.253,106.9,106.21,87.843,85.658,89.256,131.23,149.13,98.427,60.572,57.018,59.627,43.982,43.251,53.523,42.742,55.605,61.073,70.819,73.093,76.809,72.866,56.533,58.193,36.888,35.503,41.346,79.359,133.18,132.72,89.634,63.606,57.684,60.523,53.469,44.951,46.497,45.939,52.672,67.6,47.649,34.805,39.571,50.675,42.425,33.854,36.042,46.217,74.571,43.986,41.08,37.878,38.921,40.653,38.453,39.091,39.454,41.756,39.169,57.255,96.45,51.351,38.794,43.465,48.41,75.668,42.893,46.689,59.067,62.745,78.494,63.566,43.634,51.915,56.419,86.426,97.866,59.633,62.557,126.43,154.02,156.25,141.99,131.94,102.95,86.148,96.432,100.1,91.227,90.398,83.782,90.448,85.907,79.036,79.802,80.47,77.917,74.774,76.83,81.453,100.25,118.71,124.79,121.01,98.316,114.54,120.37,113.5,102.45,112.99,97.925,95.34,85.758,84.411,80.47,71.851,60.65,60.373,61.95,55.445,54.859,55.053,57.774,58.182,49.809,38.671,36.814,39.938,35.038,34.262,34.886,39.019,37.574,55.587,95.302,121.73,147.14,177.2,130.23,73.137,59.819,55.459,67.68,64.566,70.882,56.317,73.356,57.685,45.547,48.488,41.97,44.05,41.453,45.807,45.744,64.833,87.416,82.423,87.118,109.28,119.76,149.25,164.78,146.16,128.47,122.47,114.31,51.367,41.884,38.889,41.689,38.316,46.009,46.518,43.52,43.222,60.807,76.48,44.188,61.458,63.324,62.372,47.97,42.885,60.65,68.948,59.621,44.569,38.982,40.524,40.604,41.403,42.125,40.876,40.307,39.185,39.961,43.285,43.031,46.552,52.389,49.721,49.031,50.951,52.929,54.524,45.278,52.539,54.411,52.272,45.28,45.805,49.252,54.17,55.567,49.412,55.804,68.545,66.423,53.676,47.289,72.857,75.804,87.768,82.235,64.515,54.099,57.306,91.188,86.093,86.327,75.363,57.616,39.501,44.115,59.975,65.37,68.127,51.369,55.343,55.168,47.701,40.995,59.791,83.71,87.624,98.528,86.415,53.998,82.026,55.92,72.452,61.936,57.242,72.331,83.733,68.442,55.148,67.843,106.25,173.33,116.6,73.822,66.228,69.852,78.561,134.97,208.9,224.95,185.28,143.92,125.19,105.54,103.91,100.75,104.91,103.33,99.857,120.04,184.83,172.15,130.36,100.25,73.684,37.609,36.273,37.334,38.118,44.492,46.278,54.889,120.47,138.99,67.437,65.589,76.654,49.771,41.188,42.006,43.945,49.377,54.053,52.851,49.557,45.521,43.861,46.568,50.907,50.267,57.198,73.045,99.947,147.14,181.23,172.81,125.9,78.563,79.219,104.53,82.884,72.135,51.192,56.092,86.399,96.776,101.04,52.771,47.136,55.6,79.044,122.46,104.14
-24.5,43.734,36.831,34.233,37.102,36.495,38.136,51.881,64.759,55.781,47.931,36.005,48.968,51.645,63.312,105.63,94.364,73.496,66.578,74.829,88.378,75.751,73.142,65.329,65.643,69.162,65.48,82.54,84.207,93.502,105.23,88.836,73.575,63.36,71.033,86.847,83.041,58.758,47.31,48.835,64.229,61.072,45.449,37.512,41.561,84.063,90.605,96.558,89.842,64.768,80.472,75.944,50.862,36.522,42.51,60.958,100.03,133.01,118.95,93.84,97.457,69.502,52.269,43.89,39.41,37.608,45.404,79.675,48.936,34.669,37.049,44.174,44.7,38.894,34.29,35.091,61.616,86.387,45.773,39.655,39.331,41.967,40.559,39.74,40.532,46.139,45.283,40.869,58.469,71.313,49.035,40.409,40.166,56.148,68.017,38.487,55.609,58.847,53.983,70.667,80.929,71.858,62.728,58.035,78.364,79.262,82.649,109.46,162.93,172.74,139.24,125.19,136.9,104.53,105.75,107.89,102.69,94.44,87.854,86.273,85.056,85.588,87.698,84.766,83.437,71.094,73.421,81.462,89.24,101.73,88.318,92.539,104.92,101.8,83.423,80.385,74.036,79.312,86.467,87.945,84.863,85.314,83.725,74.25,67.536,64.254,63.516,60.906,57.183,54.925,56.492,56.664,51.454,37.89,36.422,34.707,37.42,33.799,33.637,34.322,36.976,51.005,90.424,119.28,111.65,181.46,157.5,104.58,64.949,71.113,49.294,44.245,59.631,87.318,89.719,91.089,70.27,84.147,68.615,60.22,65.108,49.805,55.35,82.913,97.774,102.56,112.15,110.21,124.43,99.734,98.319,125.56,113.02,87.788,91.175,61.885,43.312,40.253,40.632,47.924,50.394,50.83,49.326,46.631,49.335,66.694,81.919,72.191,63.431,52.263,46.488,45.911,56.662,63.017,54.547,43.887,39.229,38.063,42.086,59.952,47.738,40.321,42.15,40.089,43.097,48.102,51.23,51.566,49.458,58.646,56.816,52.76,51.095,55.115,52.869,46.92,57.221,48.629,47.674,45.892,48.259,63.522,56.965,72.436,55.468,51.23,44.068,42.209,48.917,50.335,71.226,74.724,91.136,80.646,78.184,55.563,49.087,65.18,78.54,85.305,80.028,71.858,43.945,45.974,48.386,42.012,37.75,60.291,91.39,98.242,83.839,61.069,65.291,89.382,89.131,63.137,61.901,94.457,64.305,73.353,69.086,60.558,58.568,67.447,76.747,70.216,68.729,74.67,113.95,152.89,98.953,82.182,73.674,77.07,76.872,138.49,183.24,201.63,169.26,116.71,84.395,66.917,70.622,76.028,79.8,86.947,103.42,118.26,150.94,119.72,90.987,99.902,88.458,65.372,54.409,43.229,40.918,37.168,38.811,39.266,61.516,63.883,54.321,49.584,76.179,84.451,54.914,41.086,44.862,45.28,51.586,64.889,93.056,104.58,90.671,71.637,77.305,79.785,85.027,97.902,116.58,121.83,135.93,146.99,116.09,74.215,80.88,86.808,60.45,65.261,46.413,78.417,91.979,45.985,54.508,67.099,71.504,103.55,109.9,91.541,41.634
-23.5,34.573,37.47,37.771,36.552,43.689,71.85,54.418,87.003,49.81,51.25,44.11,51.629,38.981,95.029,120.28,94.933,74.426,72.656,73.964,82.713,77.802,78.819,67.638,63.384,63.127,60.322,66.752,82.632,81.148,86.645,76.142,66.631,67.743,68.081,79.593,84.474,68.477,52.222,43.755,45.935,72.443,47.083,39.236,48.779,81.961,85.694,122.27,119.46,62.351,68.657,53.476,41.626,47.246,50.429,52.011,59.94,65.356,48.433,60.263,74.159,62.795,54.841,45.914,36.235,37.158,44.621,55.873,35.705,36.225,40.577,46.305,40.109,36.821,37.608,47.213,74.478,81.972,46.326,38.56,39.811,46.572,41.525,41.546,44.848,43.906,45.406,43.94,42.644,40.139,41.777,38.794,39.46,48.11,47.853,54.99,56.529,49.912,46.63,57.68,58.372,62.139,67.92,68.926,101.68,113.37,121.77,148.97,180.87,176.8,150.4,127.22,103.05,87.411,82.108,89.029,77.429,66.256,64.68,63.172,58.861,65.188,74.14,81.675,78.47,69.244,63.413,81.142,86.722,80.556,80.788,74.991,82.07,72.246,63.446,60.847,64.417,76.145,81.641,82.285,84.247,79.697,76.227,69.879,70.929,69.182,65.837,62.534,60.844,57.219,59.909,54.409,38.822,35.541,36.667,35.286,38.181,34.281,35.017,36.714,47.206,68.214,78.835,91.781,130.65,144.38,96.998,51.666,55.241,59.571,52.335,43.922,51.188,65.012,89.618,94.033,92.293,84.501,124.44,138.43,134.95,117.63,138.29,125.6,100.12,112.25,113.77,85.176,75.526,81.812,77.039,71.804,66.679,47.947,51.05,42.882,40.391,42.846,39.29,45.324,46.167,43.048,44.312,47.856,55.149,52.36,50.337,47.184,49.288,46.656,55.424,53.492,52.864,47.132,42.822,40.637,40.363,38.589,39.043,52.403,51.429,56.75,51.611,51.083,47.365,52.688,52.706,54.289,56.345,56.021,51.605,50.366,52.436,51.4,57.424,54.311,55.306,56.586,61.502,69.869,66.097,60.153,55.823,49.855,55.064,58.622,50.675,72.53,70.749,65.668,57.041,63.216,80.062,77.278,65.165,51.497,51.816,58.573,78.15,87.919,89.004,73.24,45.681,44.589,52.664,64.522,73.027,81.561,80.668,70.868,64.679,54.019,49.525,64.778,63.441,68.45,88.564,78.727,98.91,107.51,102.15,95.245,87.814,82.782,95.177,91.117,83.455,100.98,129.92,143.49,67.115,81.422,80.292,74.87,78.571,97.824,198.3,156.62,165.7,113.64,78.247,66.239,72.959,73.392,74.558,81.456,95.3,89.125,97.992,92.857,89.153,86.185,85.038,66.655,80.889,78.205,47.756,43.676,41.734,40.573,50.33,54.981,55.655,37.788,54.028,86.081,85.922,75.542,55.237,43.081,45.933,51.852,56.136,61.08,83.158,84.206,87.941,61.886,56.875,83.948,82.411,73.224,94.872,104.96,110.43,62.5,75.726,96.238,76.026,46.743,52.474,67.809,49.046,44.12,50.544,59.861,56.497,47.215,41.482,37.372,37.387
-22.5,51.686,42.259,42.575,59.298,76.695,62.328,85.103,89.346,59.982,71.494,93.968,65.727,52.558,101.35,122.81,96.153,73.436,80.598,86.173,87.902,77.12,78.105,70.734,64.851,63.288,63.869,71.663,99.181,80.123,78.361,70.367,70.348,72.9,66.771,70.811,64.741,38.185,41.563,39.835,39.974,51.048,39.856,41.886,67.065,80.567,91.159,118.71,142.25,63.579,59.378,53.131,48.375,46.454,41.317,50.017,40.516,36.262,62.86,54.834,47.25,44.843,57.404,36.88,40.913,42.509,51.268,36.298,35.051,39.245,38.044,37.9,37.938,36.463,38.46,45.837,44.068,52.965,40.568,40.996,59.65,59.3,47.023,45.79,44.944,42.325,41.464,42.061,41.632,40.956,42.401,43.56,52.34,68.208,59.369,55.318,50.181,51.656,54.214,43.538,46.554,45.342,50.834,89.221,129,167.97,181.5,190.55,209.51,159.83,128.2,97.472,69.986,59.056,49.156,66.679,68.816,57.883,55.93,55.847,58.47,61.95,69.816,74.823,72.191,68.682,68.396,85.815,90.553,74.595,74.59,71.124,67.499,64.369,63.612,61.929,70.522,77.32,83.771,87.337,80.993,77.697,70.54,70.95,72.272,69.555,66.768,67.033,62.801,64.165,59.416,54.179,36.903,35.068,35.159,36.453,35.423,35.45,39.054,59.491,72.09,76.173,62.734,66.554,100.55,80.726,49.365,46.94,56.119,51.727,51.035,50.836,46.219,49.432,64.793,77.893,86.731,104.68,144.11,176.68,181.53,168.89,184.13,172.84,156.57,119.99,94.034,60.063,71.065,77.622,59.461,55.18,46.237,47.008,44.358,41.411,41.449,41.053,46.875,47.726,46.591,42.847,40.197,38.907,44.251,46.533,49.126,45.745,40.192,48.871,52.917,48.508,42.39,42.003,42.585,43.246,42.268,41.026,38.858,40.945,43.365,44.149,46.525,51.213,61.326,59.659,52.701,60.828,59.012,73.49,59.146,53.385,52.719,49.191,47.772,50.879,56.04,70.617,75.788,72.449,59.886,53.743,50.847,49.625,49.25,44.587,55.699,85.889,91.591,100.01,72.165,60.595,55.16,55.966,67.714,80.945,70.624,76.483,76.333,81.842,96.073,81.684,84.478,91.862,120.57,125.06,104.34,78.232,85.984,67.525,87.947,85.449,75.118,69.424,76.357,96.851,90.772,120.8,137.34,143.06,147.15,143.34,127.56,125.06,129.34,126.02,127.77,130.23,153.2,160.4,54.359,80.53,75.883,73.894,70.558,93.709,214.29,170.45,141.7,110.61,85.745,71.213,81.301,75.731,70.04,78.854,82.754,83.518,81.642,83.238,93.424,81.443,77.866,91.625,85.2,95.321,97.616,76.874,76.694,46.505,42.447,44.612,58.135,49.711,37.662,45.385,66.283,115.4,109.62,69.873,71.265,58.186,47.163,44.51,47.272,51.482,71.52,111.26,119.26,81.655,66.833,73.666,86.357,78.157,66.851,56.445,51.436,77.207,84.417,54.966,61.822,46.934,42.245,43.484,48.371,49.316,41.932,42.141,38.927,45.015,43.05
-21.5,68.919,43.224,52.495,76.272,63.899,95.962,107.54,85.03,113.85,100.6,93.915,52.07,62.6,96.533,93.705,84.459,74.071,83.064,90.712,82.532,89.708,88.082,78.747,76.222,74.796,70.348,81.27,94.923,87.981,81.691,77.092,83.733,75.441,68.911,75.296,56.126,40.945,43.122,38.236,41.906,39.242,35.504,38.821,59.539,77.392,84.465,103.17,139.24,90.819,80.583,76.237,59.048,48.341,51.06,40.979,61.015,58.263,78.79,43.037,41.921,51.344,45.708,38.822,50.533,44.51,47.653,36.562,35.295,38.376,38.129,40.024,41.365,35.696,37.904,41.698,44.871,44.094,43.174,56.557,90.122,69.972,51.124,50.976,50.255,46.772,44.588,44.728,44.473,46.216,43.569,49.677,53.127,45.689,44.241,51.252,49.733,46.089,48.193,47.253,59.114,67.412,66.042,92.504,118.75,175.64,207.75,199.68,159.12,106.08,78.593,82.094,45.727,44.709,36.004,36.357,45.657,57.289,57.065,61.728,62.984,64.133,70.997,75.846,76.229,78.718,74.911,89.484,90.27,81.636,79.894,73.232,70.992,68.105,67.026,68.973,70.671,72.658,81.818,81.932,72.887,68.679,68.186,72.716,71.909,74.157,73.799,72.006,78.662,85.26,53.304,38.078,37.123,40.384,43.436,47.181,59.861,41.165,50.615,55.69,49.808,49.286,53.366,83.661,77.526,57.978,82.117,54.686,47.012,44.989,43.622,58.604,54.105,73.176,74.398,102.75,108.63,102.16,105.47,161.64,159.5,153.13,152.96,191.13,170.02,122.53,86.539,73.335,64.513,57.425,43.72,42.996,44.511,43.535,48.513,42.735,45.002,58.032,52.448,46.187,55.328,52.723,44.817,40.798,49.372,51.874,60.957,47.929,47.421,49.599,47.177,46.996,47.601,44.684,45.078,50.314,49.722,49.137,48.574,50.491,53.314,53.09,62.421,58.705,59.123,66.192,88.921,87.967,72.011,59.556,55.582,55.799,50.669,50.76,61.098,55.248,52.063,52.866,64.121,54.661,50.819,49.36,48.16,57.929,70.048,66.816,63.349,63.186,67.143,64.465,65.164,57.712,64.568,75.395,88.832,97.999,95.573,82.565,86.48,93.135,92.849,97.788,94.015,76.434,76.195,71.693,66.758,66.442,86.337,101.93,97.839,109.24,113.74,118.47,135.25,134.02,144.29,163.33,164.95,165.19,167.61,163.63,160.16,159.95,163.84,159.82,148.25,153.28,160.79,182.97,74.502,83.812,73.375,74.233,72.452,85.294,177.03,172.36,135.83,97.851,80.078,73.857,78.159,74.371,66.936,72.022,78.086,77.438,78.451,88.166,103.61,88.55,71.592,81.369,98.931,96.587,99.888,95.306,73.039,64.628,40.097,39.417,56.282,56.534,47.448,39.481,47.447,62.464,71.388,72.998,96.098,85.566,74.672,68.598,80.225,142.21,133.54,84.227,54.494,40.952,42.812,41.042,40.347,39.096,40.553,36.908,41.521,50.551,48.516,49.298,48.011,42.086,38.837,48.399,49.878,37.712,43.072,39.916,48.814,54.825,55.701
-20.5,60.021,77.44,117.39,102.5,95.697,125.16,107.47,115.19,89.981,73.2,63.998,46.766,56.116,60.889,72.7,70.16,86.592,98.78,87.802,93.043,123.71,118.76,97.916,89.636,88.14,81.227,77.999,89.107,92.23,95.475,95.327,85.307,82.593,77.014,73.108,40.684,39.025,39.899,38.699,40.347,41.158,36.406,38.036,39.353,67.442,82.538,89.808,109.78,83.327,72.331,56.548,73.208,113.69,93.236,77.41,66.673,50.941,56.654,49.073,52.863,44.813,34.686,39.609,42.372,44.284,42.661,34.807,34.52,38.984,42.201,44.833,44.856,40.44,41.959,47.783,48.79,43.559,45.861,64.128,97.494,75.957,46.198,51.029,55.763,48.897,49.265,48.948,51.795,52.276,47.154,42.359,44.406,44.139,48.258,45.24,53.175,50.27,49.454,51.123,51.696,55.838,69.826,110.44,171.61,207.18,196.24,151.69,71.64,49.409,42.782,41.48,42.009,37.455,36.295,35.233,35.055,40.055,45.477,53.837,64.417,70.13,76.086,81.496,86.702,86.863,84.304,77.341,88.556,89.363,87.868,76.285,75.078,77.842,75.145,73.539,72.562,73.501,75.157,71.185,61.588,65.823,70.826,71.981,73.144,80.043,92.466,97.699,91.962,69.129,43.787,41.501,63.038,76.607,78.75,58.225,67.45,55.584,47.84,45.798,44.473,38.162,49.345,81.155,50.367,57.356,66.196,36.171,39.175,43.63,41.82,47.138,39.18,40.94,53.186,74.86,94.539,117.16,94.966,116.57,130.97,139.95,124.26,185.82,150.89,104.45,68.185,75.771,60.864,46.932,45.602,46.425,45.291,48.135,53.257,48.745,59.876,56.331,50.111,66.697,73.607,62.263,50.812,52.778,54.233,58.195,56.299,56.009,54.672,48.181,50.174,54.815,57.755,49.952,49.366,50.131,51.559,53.828,53.588,54.151,51.228,53.15,51.767,58.785,51.831,64.575,88.44,71.53,58.736,52.008,48.832,48.774,48.651,56.109,76.975,94.357,84.786,71.777,61.857,60.814,59.929,51.902,64.245,71.48,72.152,78.703,68.828,73.381,67.45,70.907,93.86,94.301,92.905,87.55,75.43,64.375,61.555,55.444,51.527,63.333,60.481,50.447,58.009,63.601,65.57,76.779,79.885,85.751,78.626,80.013,86.814,111.87,111.82,119.63,148.75,158.37,171.78,168.86,175.33,171.85,163.79,177.79,177.38,175.79,170.81,168.34,174.06,179.06,188.17,182.18,71.228,76.6,88.704,125.31,100.51,87.912,164.85,137.84,111.46,77.336,79.069,77.885,78.253,71.944,64.885,69.08,70.677,73.325,78.204,86.55,104.83,94.234,75.132,81.217,83.227,79.17,85.35,90.863,98.67,93.058,71.083,36.87,52.11,64.719,50.498,48.549,58.806,75.734,80.173,83.44,64.395,92.333,129.32,127.57,98.77,82.29,49.557,38.781,37.244,36.7,37.648,38.454,37.225,37.225,42.28,41.977,46.825,49.156,50.3,50.582,43.756,38.1,40.673,51.848,43.444,39.471,39.498,48.33,58.326,55.037,52.259
-19.5,71.217,106.49,137.37,122.66,91.664,95.966,125.69,103.79,70.645,74.044,68.58,52.075,73.707,77.684,84.117,90.068,101.39,118.36,143.98,146.33,155.02,147.78,99.572,86.24,75.967,83.324,78.966,74.513,86.682,90.404,109.34,117.43,99.719,86.973,70.698,47.158,37.465,41.92,37.303,36.748,33.19,36.576,39.394,36.458,57.427,82.3,98.49,101.26,109.85,50.625,63.308,97.143,139.85,184.57,181.25,86.941,49.494,48.378,69.56,59.255,46.083,40.461,38.561,43.303,50.039,36.367,35.523,34.684,40.255,36.981,41.484,41.887,49.158,46.881,47.512,44.404,41.146,48.21,80.951,119.3,138.21,81.246,49.249,52.639,49.609,43.78,46.44,49.335,57.648,59.491,52.692,46.57,45.747,50.166,62.063,80.566,78.37,65.331,55.24,61.158,82.93,141.9,178.34,212.11,178.39,123.62,70.089,65.923,83.252,51.181,52.378,43.458,41.755,40.619,37.81,35.733,35.878,35.031,35.146,37.316,38.848,67.401,82.313,89.595,91.17,88.605,76.946,91.182,78.077,73.277,67.271,68.985,76.105,72.5,73.029,78.073,79.628,77.408,71.169,64.142,65.412,73.789,72.593,82.694,91.748,110.36,115.57,115.02,89.125,88.411,94.218,94.76,92.699,64.381,52.162,44.27,43.879,42.436,44.381,55.339,62.957,61.521,79.46,63.515,46.634,48.825,46.356,44.432,38.24,40.906,42.952,51.797,48.291,68.657,63.95,72.442,109.6,113.84,86.042,121.53,115.08,103.9,129.56,85.635,62.375,57.525,51.734,50.425,46.927,45.343,44.138,47.878,51.379,74.399,69.165,68.119,66.628,74.9,85.183,98.556,107.82,75.768,64.677,63.697,67.938,65.45,55.11,53.853,49.252,49.01,49.423,49.859,48.08,48.621,49.873,50.31,51.806,53.126,50.785,52.292,50.34,51.751,58.103,59.404,78.098,70.264,55.591,51.094,50.076,51.807,55.632,54.576,55.438,72.627,73.697,67.255,52.21,51.55,54.915,59.417,64.898,68.375,72.258,70.122,57.701,60.252,73.022,97.754,97.902,82.776,66.852,52.142,42.053,46.654,56.777,70.517,81.967,64.595,73.474,75.45,74.451,80.323,76.035,66.811,70.885,85.135,92.304,90.134,102.56,106.42,112.37,119.06,118.96,120.57,135.25,152.03,164.87,175.55,178.46,177.78,178.83,181.29,177.47,174.36,179.44,190.25,193.27,182.03,128.72,60.919,77.748,96.066,104.08,122.96,108.53,131.72,110.22,88.408,83.736,75.188,70.181,81.279,74.043,65.023,62.444,63.701,73.723,74.803,78.245,83.661,80.14,79.118,86.274,89.334,70.795,74.007,78.068,84.748,96.905,85.457,55.374,44.639,75.958,71.905,86.189,55.601,70.06,49.791,39.845,39.286,39.357,46.326,42.599,40.442,36.777,36.585,37.055,35.45,34.486,38.285,36.106,42.934,47.934,40.391,41.844,44.388,47.047,44.669,42.015,38.852,46.127,70.712,57.737,41.5,42.45,55.066,54.406,60.65,64.917,62.996
-18.5,73.717,88.037,92.564,112.72,101.1,103.74,132.05,110.62,91.802,85.149,66.942,76.45,77.63,119.74,146.16,113.99,146.75,166.47,173.59,182.36,164.48,156.76,112.36,93.541,96.376,87.253,124.67,150.42,118.32,93.498,100.88,112.17,133.45,92.183,64.558,61.692,54.835,39.808,41.317,37.565,36.033,34.599,35.996,42.467,66.085,80.88,89.442,95.075,104.48,87.968,66.69,88.023,163.56,217.64,182.69,75.005,63.932,96.051,98.96,48.641,37.845,41.781,43.012,44.332,42.106,38.447,37.213,40.166,40.771,35.95,36.201,34.67,48.485,53.422,43.628,43.093,44.929,48.664,103.62,147.91,178.21,120.34,77.604,52.529,47.517,44.413,43.66,46,44.096,45.235,59.326,62.536,60.226,58.1,61.524,65.47,63.225,62.182,71.766,103.91,135.27,160.47,177.13,160.2,121.71,90.653,117.13,142.11,126.34,96.142,61.112,43.552,41.704,42.065,35.881,36.011,38.399,40.209,34.948,35.201,36.144,41.989,90.282,85.186,83.434,80.153,80.19,91.959,71.425,71.213,70.049,72.309,73.617,71.49,80.866,79.181,76.917,72.739,73.427,75.948,75.802,77.505,80.472,101.49,117.28,108.27,118.22,144.15,118.11,64.431,49.757,47.734,45.758,41.023,40.599,39.885,41.35,39.775,42.68,50.605,57.8,58.805,65.429,45.264,43.973,40.929,40.273,37.975,37.479,40.054,46.156,58.541,55.717,63.215,52,66.633,149.84,107.83,82.862,73.813,80.995,92.813,86.237,70.133,60.135,54.058,52.44,43.956,42.039,44.773,49.738,63.501,102.31,115.98,119.15,101.37,87.049,70.513,97.583,88.656,101.63,98.264,75.745,73.991,76.116,60.763,51.503,50.28,48.94,47.995,52.846,51.583,51.399,52.75,54.467,57.232,63.513,59.852,59.86,58.38,60.656,56.39,57.352,59.296,58.216,55.599,54.042,55.967,61.106,66.989,75.559,73.892,71.453,79.829,82.682,65.359,65.251,61.366,56.919,68.434,81.608,74.544,84.327,69.934,75.924,80.348,64.538,77.832,76.813,63.82,56.255,57.378,67.946,92.359,82.147,71.632,81.002,81.244,74.82,77.351,81.01,69.443,69.675,83.065,78.927,75.547,73.81,70.516,89.733,88.188,85.353,93.142,102.85,129.13,144.19,147.26,138.37,153.47,164.81,170.67,164.71,155.65,164.61,174.57,174.02,169.54,165.42,170.5,83.181,69.228,95.488,112.79,94.177,127.88,97.089,71.542,86.39,91.935,84.956,70.651,70.063,76.485,65.645,66.661,66.079,69.013,73.481,74.027,78.642,75.297,73.474,73.01,68.754,74.03,68.454,63.477,73.385,84.803,83.011,95.091,65.736,39.991,39.775,37.133,35.824,34.447,35.269,36.144,41.261,42.469,48.154,36.55,38.606,37.465,36.608,37.059,37.068,36.588,37.152,36.577,50.22,61.071,43.547,40.951,38.897,45.745,54.379,48.481,41.163,43.835,50.342,60.014,55.514,50.614,64.234,67.273,67.02,62.927,67.999,61.763
-17.5,122.57,110.91,90.494,115.12,106.42,96.82,112.94,102.27,89.569,117.42,87.373,68.217,116.65,128.78,134.75,169,178.68,228.71,158.38,152.97,135.82,120.64,137.05,157.69,151.77,116.28,132.08,116.12,88.847,82.045,88.93,122.81,111.67,73.502,69.104,68.032,73.069,58.093,53.04,36.088,36.481,37.199,37.321,41.412,64.409,78.46,90.432,84.982,102.72,96.936,55.058,108,141.38,94.465,127.64,118.94,110.36,116.79,45.912,35.87,39.7,38.633,38.201,43.138,45.523,38.941,39.099,39.649,37.836,37.602,35.102,40.788,54.611,48.565,46.092,44.839,46.039,68.447,136.93,166.61,158.46,175.32,158.12,75.333,47.153,47.189,46.673,40.621,39.336,47.389,52.749,51.057,55.247,63.504,57.879,58.113,73.146,89.541,93.264,139.01,185.97,198.5,188.56,154.41,117.47,67.008,56.755,59.371,47.587,44.86,43.917,45.183,41.428,42.48,49.94,46.17,37.302,35.914,35.636,34.751,36.096,37.049,82.082,68.61,89.545,114.05,141.46,102.73,75.16,78.795,77.793,70.298,73.767,83.105,81.655,73.28,75.716,75.143,71.51,63.464,72.065,102.28,89.113,86.582,101.02,103.15,73.583,63.131,44.993,38.288,37.615,36.347,39.453,39.017,41.972,54.764,48.086,40.657,38.987,44.356,56.264,65.651,58.856,50.754,40.164,39.365,47.174,48.717,48.838,44.662,47.263,41.727,46.825,70.476,79.714,113.46,109.6,69.789,69.224,57.032,74.293,64.474,65.111,83.279,63.773,56.616,63.155,46.662,41.65,49.694,48.692,49.513,96.751,129.68,146.44,141.9,105.6,74.038,87.942,84.907,98.231,104.36,104.43,69.063,64.568,55.138,53.733,57.598,55.786,54.929,80.522,63.143,57.775,60.224,55.167,50.514,59.058,68.144,71.5,70.297,67.523,61.654,56.006,58.268,58.285,55.362,62.92,66.45,60.45,69.907,84.3,90.11,94.904,111.52,90.199,75.935,67.444,60.177,67.535,61.354,53.823,58.174,64.314,69.606,61.762,76.267,72.274,71.775,72.181,72.878,91.414,96.877,106.07,94.417,84.135,84.094,72.833,84.922,76.514,78.837,75.596,84.286,72.401,71.131,53.293,68.613,62.139,72.512,81.241,89.618,100.25,71.471,79.832,116.31,127.82,118.66,129.97,154.39,172.76,157.35,123.36,143.09,136.67,115.67,110.63,146.82,158.84,81.671,77.621,89.234,99.088,88.085,105.11,125.4,151.52,134.54,116.83,100.62,84.032,67.177,89.108,78.983,61.8,64.771,62.862,72.439,73.06,74.019,88.167,91.764,76.504,73.707,71.107,68.746,66.643,67.961,71.728,79.796,74.393,82.068,86.873,40.455,35.505,34.258,39.107,40.98,39.947,49.049,48.005,43.941,37.245,38.091,39.262,38.969,39.216,37.726,39.026,47.209,47.525,46.374,44.18,40.415,40.482,38.054,49.408,67.91,59.964,44.652,43.442,36.291,38.161,48.86,46.916,56.689,71.083,72.097,61.729,62.524,60.665,78.945
-16.5,85.023,85.284,90.205,78.837,84.17,115.63,105.66,115.67,121.2,124.6,108.7,117.69,163.75,146.11,148.7,155.73,189.95,228.58,161.37,136.07,155.66,145.24,216.68,207.85,151.47,140.87,124.62,112.57,83.127,72.214,74.62,88.747,78.576,71.018,70.019,74.224,74.232,74.897,84.731,84.221,50.044,38.194,37.615,41.022,48.326,69.894,83.743,85.478,111.16,100.31,65.389,55.092,52.17,89.381,105.87,47.966,50.952,59.366,39.157,41.259,42.957,41.327,38.352,45.089,47.742,39.625,37.651,43.138,42.973,38.087,38.692,44.188,45.744,39.114,46.32,52.577,50.819,84.654,137.54,168.77,146.5,192.84,191.29,98.987,59.151,57.012,49.54,51.169,51.764,54,50.889,53.953,56.384,86.911,108.46,102.44,87.558,90.235,122.29,164.79,243.87,266.31,259.64,243.07,182.51,119.81,90.398,73.793,55.413,56.844,86.037,81.46,63.308,50.689,60.698,41.368,34.376,36.464,35.408,36.517,37.599,38.13,47.839,50.273,95.669,150.62,136.52,79.76,83.763,82.278,94.465,78.656,77.458,70.813,74.027,76.216,70.352,64.894,47.529,52.188,61.942,98.196,99.764,111.86,93.055,89.409,66.977,56.938,49.2,45.299,56.404,42.49,37.372,37.191,38.455,45.313,44.009,42.891,42.64,37.714,37.858,54.404,50.518,40.771,41.84,41.752,42.649,49.685,62.362,47.612,39.211,42.668,50.117,66.28,66.566,66.668,55.071,58.159,69.998,83.714,73.238,60.543,61.072,71.529,55.195,87.977,62.227,47.504,42.886,50.421,43.743,54.269,107.75,126.84,142.5,143.2,149.57,108.51,82.754,72.917,102,141.13,112.79,103.15,81.823,50.79,61.363,63.337,73.183,60.695,57.696,56.511,56.182,56.249,54.37,55.69,67.216,77.739,64.538,60.334,60.817,57.923,64.558,67.014,81.176,74.257,70.319,62.912,68.406,77.867,71.229,74.617,75.494,80.541,68.691,56.316,54.679,60.725,63.597,65.1,67.542,92.795,107.59,97.507,88.307,77.717,69.549,70.895,63.67,72.297,80.9,88.455,96.953,102,105.58,114.26,113.44,119.32,114.85,96.285,82.585,76.404,64.716,58.265,61.154,68.484,76.833,74.229,66.603,69.71,76.337,98.711,106.74,97.147,111.68,108.88,108.67,126.63,132.84,136.21,109.18,85.711,80.336,75.464,127.36,103.15,79.605,75.131,104.45,134.14,129.36,131.05,126.56,135.64,116.36,99.055,102.72,93.069,68.021,71.439,99.423,78.508,70.449,69.273,62.134,67.444,80.414,103.16,103.61,123.12,109.5,97.366,90.337,81.018,76.75,74.888,75.009,75.26,74.021,83.809,88.747,45.141,42.905,40.555,40.38,42.273,49.14,42.827,41.202,38.134,37.621,39.536,41.484,40.403,40.974,42.855,45.956,45.746,42.319,39.122,40.851,41.836,45.214,48.249,46.834,42.285,44.153,43.805,50.766,64.171,62.65,66.82,68.09,56.734,60.508,61.312,54.707,53.751,82.807,78.519
-15.5,80.009,99.079,116.27,81.991,87.548,97.198,106.61,117.88,107.59,116.21,108.82,178.74,227,196.04,175.85,184.38,200.86,148.72,114.81,97.305,120.71,180.1,199.55,194.68,193.77,139.44,94.885,79.813,88.675,75.078,71.612,76.736,72.284,69.965,78.635,82.901,80.471,87.953,86.062,90.822,64.744,44.269,42.662,41.18,49.491,41.007,56.676,104.06,105.34,95.074,74.463,44.377,49.099,50.032,52.003,38.623,38.05,38.998,42.323,43.345,44.878,45.075,50.71,57.695,56.746,52.511,49.45,43.492,43.824,42.771,39.612,41.523,40.216,37.991,37.653,41.289,58.595,74.627,150.91,200.81,157.25,191.65,229.41,159.98,69.936,63.094,68.145,58.04,54.227,57.405,57.068,60.191,91.5,96.99,94.041,77.1,83.708,99.229,96.127,161.87,243.52,241.32,232.62,226.79,170.47,87.885,63.344,65.875,60.256,56.867,56.533,57.872,53.533,51.205,41.47,37.559,37.195,38.204,40.365,44.118,40.385,48.056,49.994,36.62,72.618,89.872,72.873,82.466,81.082,77.687,72.87,68.597,71.791,76.268,94.064,87.81,54.381,48.988,67.143,83.337,82.975,114.3,111.66,102.84,96.178,84.371,78.81,80.818,54.138,56.689,52.473,42.535,42.435,43.261,36.429,36.038,39.131,45.166,46.365,43.463,53.127,54.212,38.862,47.527,50.051,40.013,52.399,56.875,55.711,40.252,37.929,39.219,44.893,55.078,45.948,50.301,70.745,97.02,74.735,78.198,70.823,57.533,68.895,87.033,64.672,63.433,51,49.385,50.901,50.245,50.84,55.166,88.094,115.32,117.52,134.68,165.87,150.77,104.28,91.346,130.08,129.94,114.93,109.47,88.97,76.316,80.767,71.871,73.277,60.433,62.664,69.758,61.247,61.769,56.66,53.385,63.598,78.786,69.652,76.757,82.504,72.975,64.057,79.642,81.56,69.519,70.13,85.068,81.523,70.473,71.096,55.761,56.093,56.777,60.156,49.614,47.053,54.17,71.009,80.693,78.429,66.379,81.783,100.9,105.43,115.15,108.1,91.707,86.379,77.841,58.456,75.48,88.472,89.295,96.036,90.185,98.395,101.68,101.4,95.135,80.972,79.449,58.88,48.42,49.487,46.457,57.436,53.322,59.908,59.952,78.822,94.371,126.52,65.191,87.592,95.156,65.82,93.289,93.038,128.52,109.05,82.694,68.74,99.095,64.703,70.026,109.51,144.61,156.21,134.06,103.97,153.86,128.89,96.338,79.088,109.43,78.097,84.389,78.938,88.595,103.87,108.62,77.663,75.728,69.324,85.812,101.23,109.04,122.29,112.7,97.562,103.97,101.7,98.517,87.725,80.984,78.487,76.345,70.063,81.602,80.974,47.193,38.852,40.683,45.161,41.917,39.434,39.029,44.018,36.986,37.254,42.459,43.92,44.146,40.386,43.296,46.03,42.272,47.412,51.421,62.944,58.185,51.187,43.977,44.618,65.613,47.93,51.058,64.633,71.702,75.437,62.465,55.515,68.4,60.699,59.19,50.967,56.13,66.037,54.81
-14.5,96.578,58.965,108.39,99.913,98.897,101.37,99.992,99.451,112.46,105.36,130.97,194.31,200.01,194.97,179.09,171.71,155.17,136.25,119.89,93.545,120.38,156.58,176.65,149.43,135.09,120.81,96.717,87.129,90.666,90.73,78.594,90.723,90.235,96.091,102.18,93.964,106.38,103.14,92.15,95.467,79.262,49.515,51.464,53.834,52.01,62.043,57.009,89.584,127.74,119.02,58.635,50.254,80.006,57.421,35.885,36.442,45.142,53.771,49.661,50.148,52.898,72.666,76.945,61.312,58.656,54.336,58.786,54.802,46.071,44.92,42.773,39.548,40.795,45.196,43.788,43.387,56.979,67.947,124.68,122.82,95.319,113.3,186.91,185.88,71.192,53.088,64.707,83.772,77.775,60.771,80.222,104.98,102.04,73.3,64.082,120.83,149.25,175.83,126.89,132.75,157.06,142.02,87.241,99.814,99.851,90.922,52.268,42.97,39.623,44.713,41.623,41.273,44.218,49.67,47.041,45.662,42.513,35.536,36.439,38.08,43.093,41.058,41.343,35.089,36.802,65.549,76.206,64.289,46.369,73.963,82.839,80.376,74.282,103.67,102.97,78.594,50.786,59.868,72.142,73.624,80.988,120.1,124.59,147.72,111.98,70.55,61.432,76.534,49.607,51.052,55.954,48.774,44.987,43.271,38.99,37.028,44.63,43.615,41.931,43.051,44.936,46.479,42.431,41.398,43.165,39.068,44.079,46.842,42.599,43.54,42.741,48.518,44.599,44.425,45.968,61.468,104.8,89.14,81.956,99.659,76.079,80.084,62.096,59.502,66.187,70.015,57.621,49.352,56.407,55.607,54.757,56.833,95.977,110.53,116.53,171.02,172.83,160.15,110,82.021,116.31,110.84,108.3,106.31,110.14,100.98,69.661,75.94,94.294,94.128,73.704,71.38,73.087,67.412,57.954,64.564,53.694,62.454,69.194,81.858,77.035,77.992,75.602,66.939,62.636,55.184,53.825,51.757,52.136,58.863,60.53,61.126,72.065,75.396,59.455,52.587,50.003,55.73,70.194,66.318,64.364,73.112,66.823,68.659,69.575,84.959,90.391,93.965,91.25,76.436,66.312,53.192,54.636,69.948,86.589,93.354,108.79,110.86,104.5,95.858,80.34,65.104,48.289,46.569,50.658,61.457,54.538,64.285,66.317,51.825,58.699,69.028,68.179,64.769,88.089,96.574,90.388,68.827,103.34,96.263,68.29,62.757,68.191,55.213,75.212,130.27,136.15,141.11,137.99,145.2,145.51,129.93,131.73,83.435,88.883,95.278,68.935,77.149,84.067,93.161,84.7,97.295,88.357,76.318,77.945,86.965,95.811,98.34,115.61,111.93,87.388,76.319,70.563,78.318,87.806,86.444,82.789,72.927,73.291,82.089,92.268,61.13,40.421,40.155,42.8,40.722,43.403,42.927,40.571,39.306,42.209,50.215,52.373,52.522,46.937,40.301,42.079,51.018,70.062,69.134,84.535,137.66,106.41,52.958,46.51,47.383,47.041,46.776,53.449,55.718,51.591,53.941,57.446,52.562,58.93,62.514,49.62,83.937,118.06,98.586
-13.5,66.004,62.798,79.479,78.714,73.002,77.861,90.139,97.927,82.293,89.105,134.78,183.9,164.03,187.41,187.95,165.11,140.27,136.26,129.22,130.92,151.38,162.77,152.29,150.26,139.02,122.71,112.11,105.02,111.18,117.18,151.95,120.25,102.65,111.4,84.629,141.46,116.36,120.17,106.26,96.741,67.019,86.717,121.71,106.6,63.857,47.374,58.991,85.453,98.638,131.7,69.203,73.418,57.086,46.478,38.125,44.951,50.881,62.192,64.338,58.217,79.803,95.954,73.247,57.123,47.815,49.935,58.126,48.196,44.46,42.484,42.586,40.76,34.424,38.639,45.294,48.28,42.13,54.027,58.685,50.129,44.985,56.387,83.642,170.4,118.8,67.584,70.464,61.072,64.766,76.601,116.59,170.87,142.86,118.22,108.38,129.48,133.45,103.03,71.075,87.399,144.99,131.93,81.146,52.439,85.69,79.057,45.813,41.171,43.881,44.412,40.364,41.06,50.694,47.082,41.619,35.658,38.426,42.719,34.945,36.062,38.093,35.599,38.769,37.038,36.49,51.917,63.402,62.684,58.918,63.606,101.71,107.73,76.891,93.944,113.24,106.38,77.784,74.906,71.958,62.128,80.04,116.37,108.69,99.829,77.028,73.727,57.743,54.821,63.937,63.353,51.228,45.491,47.319,40.696,42.175,44.56,49.015,40.756,41.105,40.876,40.857,41.897,39.679,41.377,41.67,39.131,38.829,43.648,40.955,42.878,45.768,48.034,42.954,48.873,51.909,70.65,100.4,101.84,88.337,77.141,72.809,68.683,71.629,76.461,56.56,73.543,57.766,68.395,48.865,56.072,57.918,71.215,109.97,92.949,121.43,152.45,127.25,85.47,84.521,112.5,106.64,80.768,115.9,114.41,109.03,78.205,56.406,55.25,59.698,59.874,63.065,64.843,64.261,58.445,59.103,61.779,56.465,58.683,62.199,66.916,66.273,68.968,57.521,57.382,66.138,66.428,57.77,58.65,61.543,62.68,54.865,53.148,65.186,77.321,76.04,63.874,54.594,53.46,55.371,68.759,64.718,65.384,65.771,66.608,68.865,69.718,66.578,63.243,59.264,87.245,88.639,62.268,44.95,49.778,62.353,69.537,71.82,57.605,48.907,48.307,51.117,60.238,70.92,70.082,56.95,55.429,48.118,54.941,66.432,57.365,71.469,55.769,50.374,88.611,91.381,74.898,94.919,97.575,77.726,55.19,74.078,67.508,41.615,53.557,109.84,133.61,111.22,136.29,157.02,155.69,152.07,129.39,99.035,80.476,69.176,55.876,68.407,76.436,81.62,98.843,79.238,73.158,77.406,95.75,89.952,85.943,85.619,79.011,85.905,94.29,92.292,74.708,72.115,78.755,91.992,87.196,85.729,70.348,69.402,84.961,93.17,60.872,55.429,42.873,45.648,42.288,40.995,41.375,37.349,40.307,46.715,42.623,77.05,52.058,49.743,41.072,41.215,38.337,39.906,54.512,81.32,97.263,85.399,77.744,44.93,41.502,46.122,48.094,45.658,54.491,43.976,40.27,39.925,43.901,60.119,49.058,50.175,59.115,63.133,55.525
-12.5,91.479,103.1,70.035,83.439,76.997,107.97,129.54,113.21,101.77,126.68,158,175.91,169.06,148.17,173.21,176.28,140.03,146.42,170.12,161.82,162.03,178.46,166.7,140.42,131.58,142.15,131.84,131.75,127.98,146.68,152.81,162.55,92.086,137.09,110.29,163.76,135.14,125.2,115.15,107.2,85.417,64.009,71.506,73.344,48.816,39.839,47.571,93.425,139.17,93.872,54.064,63.755,49.008,40.506,39.298,47.062,60.343,67.063,71.113,75.468,82.225,72.23,68.861,81.214,55.909,62.74,78.475,65.664,56.612,49.992,69.167,71.487,47.125,42.504,47.464,54.943,61.868,58.252,44.501,43.351,45.594,43.877,63.425,112.45,162.91,121.93,91.772,85.77,91.189,117.69,214.84,261.22,227.72,121.3,84.273,89.913,78.009,65.994,63.242,72.963,77.25,75.061,75.038,74.317,104.59,101.17,61.415,50.971,42.229,50.795,47.351,60.116,48.153,41.126,36.163,32.575,32.252,34.608,33.113,37.21,36.607,42.141,44.357,43.187,43.062,57.432,68.106,66.99,48.802,50.089,60.249,91.018,79.291,92.959,95.893,111.59,88.123,73.33,76.64,67.038,66.277,81.337,98.791,82.804,92.507,85.219,54.334,48.883,67.44,53.956,53.514,45.869,41.58,42.621,46.895,49.008,44.683,44.204,40.713,40.81,39.178,39.869,37.598,38.18,41.146,41.739,47.32,52.465,49.158,45.121,53.334,48.169,46.841,71.755,89.424,107.49,100.45,121.74,91.663,70.489,58.37,77.062,86.281,71.931,57.978,77.129,60.778,58.524,63.432,58.428,64.959,61.611,69.512,89.912,105.57,120.71,79.856,61.897,60.542,67.354,59.904,65.093,97.727,124.32,112.6,78.311,62.047,55.321,57.12,62.483,61.178,62.885,67.966,61.664,57.161,52.99,52.959,52.721,57.325,52.312,61.536,62.04,60.898,54.652,56.713,55.011,53.212,54.478,64.729,83.563,67.535,55.817,64.496,61.631,87.787,108.71,86.165,65.252,62.328,66.964,73.523,63.417,67.288,83.178,94.543,85.306,60.61,55.741,45.419,67.044,63.4,63.969,51.231,48.789,49.984,58.016,49.393,47.934,60.448,55.991,50.253,48.698,62.718,56.401,53.368,53.124,53.646,58.117,60.741,64.029,68.166,66.471,49.394,70.578,68.254,78.667,91.358,99.116,63.332,64.793,63.899,49.801,45.523,78.824,150.5,141.3,125.74,122.94,118.74,112.26,89.592,89.557,83.706,75.205,81.611,71.416,72.387,72.894,86.413,94.814,87.871,80.629,88.997,108.71,111.7,96.226,83.257,77.517,82.641,89.162,117.96,91.841,77.957,82.942,94.011,88.745,85.174,76.352,75.087,90.233,105.8,94.578,50.963,42.882,44.314,45.682,60.857,74.608,61.365,54.719,46.92,42.595,47.988,47.334,49.464,43.562,53.421,44.168,40.33,36.767,38.232,55.027,99.562,134.43,59.446,47.192,46.021,52.703,45.503,61.16,62.087,56.351,59.62,47.447,39.117,40.182,46.465,40.782,46.088,70.728
-11.5,84.18,66.462,74.954,92.856,105.32,92.661,113.35,127.22,147.02,190.5,183.98,193.03,173.44,148.71,132.66,168.24,147.94,179.22,182.3,173.99,169.78,156.44,145.15,160.94,151.94,148.67,137.68,127.19,140.5,145.32,150.34,181.14,113.32,126.62,128.95,151.41,135.43,138.82,145.43,116.12,96.231,59.48,48.66,56.414,41.457,41.244,45.13,67.641,125.55,42.98,47.941,47.386,46.378,37.528,33.685,45.857,59.296,60.143,70.68,74.987,75.454,90.793,113.43,153.85,124.94,163.72,190.09,168.06,99.464,55.932,46.909,52.038,65.805,74.624,41.442,48.449,58.503,50.559,47.729,50.239,54.029,52.267,45.315,65.591,103.36,143.92,135.15,133.09,142.86,163.07,243.33,286.19,223.08,111.44,103.68,128.57,120.44,101.99,88.737,81.172,77.509,100.34,141.1,104.25,84.94,65.411,60.422,56.656,50.94,46.977,45.277,41.299,40.862,54.208,44.68,36.151,34.475,39.901,46.081,35.521,39.753,38.649,47.302,55.921,59.518,78.029,95.817,80.385,43.571,63.839,90.559,78.534,88.962,79.37,65.061,69.056,69.696,81.643,95.37,98.874,81.184,90.778,100.74,77.067,91.089,71.267,61.231,48.653,45.648,38.591,40.984,45.14,49.762,57.12,50.786,46.973,54.264,51.108,46.484,44.113,47.993,40.996,42.084,43.201,45.66,45.705,52.469,47.739,54.764,53.719,69.838,76.782,102.22,93.322,87.989,108.61,145.1,134.85,107.89,58.217,55.146,92.632,73.813,67.093,64.16,61.66,55.112,45.476,48.742,52.534,53.611,55.839,78.626,126.79,116.27,84.576,74.512,59.379,54.911,51.164,53.212,56.991,68.815,78.06,95.786,79.614,64.023,60.268,57.92,56.73,59.67,62.224,64.785,59.311,55.012,54.314,52.35,53.792,55.198,54.114,53.297,53.95,52.447,54.987,53.629,54.449,53.582,52.33,62.8,61.446,63.543,68.698,64.265,72.232,89.804,98.796,95.57,81.241,65.444,70.77,90.589,95.817,97.988,114.31,125.63,109.29,69.186,55.713,52.964,50.653,51.873,47.758,48.762,48.571,46.888,42.635,43.602,41.695,45.319,45.045,51.331,64.98,58.92,60.621,59.506,57.066,49.654,52.585,53.821,60.877,80.979,63.762,47.817,62.973,103.09,89.34,78.552,63.002,69.43,60.641,49.242,43.112,65.399,145.8,159.94,131.33,118.67,102.68,106.25,99.252,88.441,98.436,113.41,119.14,94.08,79.433,73.983,70.195,84.452,101.42,107.05,110.36,112.67,112.67,94.929,85.954,78.487,76.638,80.813,85.043,117.9,128.02,108.88,104.95,103.21,89.857,86.895,86.855,87.111,92.34,112.16,106.27,68.819,48.206,54.233,81.639,108.63,141.04,126.21,109.66,77.32,54.572,49.646,78.377,117.8,51.799,53.972,50.234,43.127,38.523,38.158,41.097,74.591,141.52,81.189,59.207,53.291,55.977,52.752,38.168,52.947,63.757,57.932,40.169,38.919,50.615,67.471,49.729,44.627,52.87
-10.5,48.583,54.147,58.887,64.705,75.196,103.42,117.38,144.49,143.6,154.68,112.17,135.33,142.39,152.92,130.35,160.48,151.14,138.17,177.17,185.22,172.44,161.65,162.26,162.35,157.8,151.81,135.5,144.61,178.63,199.73,194.84,171.31,115.57,122.17,117.74,141.19,170.42,174.26,140.76,137.17,103.42,60.825,46.389,40.096,41.383,36.807,40.045,56.454,97.038,41.866,54.145,45.013,41.178,41.463,43.53,49.089,59.565,64.075,53.9,89.661,144.76,152.85,206.49,265.41,251.66,285.96,289.85,265.95,202.1,157.36,83.503,46.263,47.135,58.718,61.826,49.547,53.002,52.389,49.903,51.806,52.674,46.191,40.349,40.974,51.919,56.019,72.544,87.003,134.68,209.53,224.6,210.62,97.377,94.322,104.74,137.28,121.19,162.04,165.83,166.36,111.74,151.43,125.25,108.96,70.634,52.646,56.697,55.026,46.212,60.682,76.245,52.135,43.342,55.386,53.822,44.076,38.199,38.017,53.971,48.667,51.754,51.017,52.324,65.127,107.23,110.09,95.664,81.37,63.094,61.205,46.434,66.867,67.629,70.947,74.261,82.654,99.609,111.2,99.151,89.394,92.578,112.81,97.708,76.131,84.649,95.738,93.98,70.152,54.554,61.886,65.907,61.348,60.158,52.189,47.754,55.236,61.577,63.381,46.454,40.455,40.596,61.72,51.104,41.132,45.084,56.265,53.44,63.541,50.199,51.524,80.404,111.83,140.88,118.99,106.35,145.84,146.69,109.62,93.533,76.533,83.543,73.146,67.676,58.321,53.478,50.238,47.357,44.597,50.606,50.75,48.689,54.242,76.735,112.06,113.56,73.142,64.27,54.287,55.703,47.659,49.565,49.675,51.952,57.871,82.781,75.998,63.392,62.79,55.252,57.214,59.826,59.478,53.121,61.865,55.539,54.132,51.001,52.84,54.808,56.537,52.229,52.43,52.446,50.232,47.978,50.073,54.39,55.311,50.04,51.508,49.252,46.624,57.694,82.576,84.061,64.999,62.551,58.104,50.595,57.076,71.454,75.901,77.812,97.153,117.19,117.11,81.385,55.31,58.671,52.323,52.492,52.764,48.651,46.826,47.283,47.403,43.033,44.813,51.443,71.688,80.398,50.059,54.692,54.134,55.403,47.247,45.19,40.718,45.322,47.728,59.336,79.604,83.181,115,97.389,80.298,69.298,75.456,68.064,57.87,47.461,55.203,115.86,164.51,131.65,115.04,91.261,114.96,115.46,115.79,116.2,126.78,103.39,135.39,126.6,95.717,73.139,74.209,77.204,98.155,100.18,103.54,93.825,85.335,77.404,73.777,79.884,78.706,87.969,105.37,126.46,161.33,154.59,153.1,135.03,112.01,103.59,98.626,98.079,98.94,107.19,93.439,96.074,80.171,88.925,119.09,78.753,80.822,98.457,130.61,80.584,52.38,46.511,72.568,84.873,58.707,53.68,47.16,41.81,41.953,39.001,38.718,52.715,97.607,78.402,55.889,71.037,59.368,47.151,37.231,39.148,53.432,54.017,47.947,53.318,56.17,60.837,53.18,45.008,43.657
-9.5,43.075,45.291,46.814,61.4,76.047,86.744,119.96,127.54,131.57,128.48,115.88,126.88,133.85,168.21,171.85,172.34,167.09,167.19,169.27,186.23,187.85,175.65,161.38,177.74,177.16,192.9,172.88,171.82,234.67,252.86,207.88,173.53,139.27,145.66,147.48,144.01,201.47,215.16,171.43,141,67.966,50.907,41.104,38.167,37.762,36.483,38.721,42.665,65.154,72.793,65.989,49.657,39.755,35.553,44.194,47.825,57.333,47.433,44.292,84.97,192.73,250.65,273.48,272.13,183.81,171.13,154.33,167.59,217.55,194.94,193.66,150.18,95.934,65.861,72.695,96.018,69.302,51.479,58.395,62.445,46.303,44.125,42.445,40.167,42.821,52.218,43.361,47.685,61.654,94.173,101.35,83.846,62.446,71.127,95.036,102.24,110.25,163.42,216.51,235.42,147.42,114.26,106.07,87.91,62.782,48.611,65.584,56.385,47.931,64.477,95.461,87.039,65.75,63.929,45.644,43.525,50.087,47.94,55.074,85.021,62.518,58.697,60.895,68.194,114.39,109.3,138.86,104.32,69.079,54.687,63.224,70.611,79.769,65.978,61.486,72.686,95.901,105.54,121.86,104.91,106.28,117.53,105.36,85.783,77.641,87.497,86.361,118.61,123.69,98.31,89.108,65.128,57.126,62.655,71.352,58.625,65.551,57.841,45.012,50.997,70.264,72.329,46.358,45.919,44.603,52.676,50.945,44.968,49.71,72.482,80.278,78.557,84.319,106.9,158.68,139.09,128.63,122.83,127.12,124.92,73.791,52.171,56.073,50.405,58.848,46.838,41.559,39.963,43.397,45.957,49.86,62.965,66.807,101.74,86.95,66.246,68.885,56.307,60.344,53.592,49.862,52.089,49.167,51.191,58.409,76.538,66.801,60.112,55.176,55.524,56.207,58.515,57.115,57.731,56.818,51.936,47.023,47.936,44.99,44.604,47.903,49.748,49.133,51.77,61.299,72.852,75.116,67.222,53.249,52.476,43.134,43.895,45.275,45.502,43.634,43.245,46.816,48.129,48.436,49.964,48.124,48.683,52.145,55.984,76.933,88.317,69.217,57.098,53.331,51.007,51.228,50.836,52.266,49.984,49.639,60.542,67.625,71.046,69.716,64.219,54.791,50.027,60.475,52.837,49.13,49.856,46.42,47.706,59.271,52.64,52.412,62.978,92.728,71.908,58.956,52.155,58.689,74.432,51.12,49.616,44.756,69.246,149.78,146.96,126.1,98.289,84.919,103.62,103.71,125.89,145.94,140.02,96.475,139.36,118.88,96.954,76.872,95.406,85.879,99.6,114.49,99.603,97.066,89.148,88.247,78.423,90.489,82.307,103.16,125.19,157.74,175.27,139.88,162.31,160.28,167.95,163.84,138.46,140.57,128.99,137.77,125.18,119.3,123.08,87.745,63.646,73.506,94.647,67.197,51.731,44.362,43.826,51.304,49.938,84.037,101.42,58.79,50.89,60.78,52.78,48.501,42.186,47.705,67.266,66.788,53.764,73.473,58.314,57.19,42.688,53.276,54.078,47.455,51.362,58.779,43.316,47.813,55.027,48.98,39.991
-8.5,49.4,60.442,57.553,58.751,69.111,69.746,77.024,75.047,83.24,115.19,129.43,155.12,127.25,155.9,166.59,199.08,205.34,202.36,206.82,196.28,198.14,189.18,173.78,187.65,176.85,207.09,217.8,221.17,245.68,249.43,204.83,207.81,175.19,163.42,131.94,148.23,176.53,240.99,227.6,149.82,88.297,44.333,40.339,40.73,37.887,36.17,35.712,50.817,54.033,61.608,58.709,53.307,46.057,34.284,41.741,45.295,46.172,38.975,39.836,64.43,140.22,230.82,225.59,264.61,153.14,83.466,60.429,132.99,114.39,147.61,206.64,209.51,215.23,182.28,111.13,95.028,129.42,104.19,56.873,83.764,74.415,45.513,44.786,39.139,40.991,49.143,44.42,39.937,47.382,48.798,48.562,52.241,61.071,54.162,49.116,59.489,88.404,166.39,232.9,254.26,113.6,87.534,74.748,64.639,73.523,79.499,63.937,55.668,50.059,75.877,75.718,93.539,79.481,87.171,86.627,81.918,97.3,98.039,72.684,63.949,74.059,74.461,73.208,66.304,80.694,104.17,107.23,137.22,89.37,67.818,83.356,83.567,102.18,104.3,84.573,87.164,126.02,168.75,205.58,142.53,133.62,144.38,126.07,105.35,79.499,70.968,104.84,144.55,125.56,155.69,117.08,85.099,75.996,72.109,86.048,67.947,60.053,75.337,59.929,54.159,45.054,41.851,44.61,53.627,56.712,57.255,51.004,51.93,48.359,69.058,114.73,72.884,75.434,107.1,128.66,143.17,157.9,115.88,106.87,78.18,67.383,49.906,46.339,52.428,49.332,49.985,52.02,44.695,43.309,44.558,49.543,51.889,49.381,52.495,55.977,49.768,57.545,61.28,64.127,63.186,56.883,56.257,55.435,48.71,44.377,47.527,53.912,57.685,48.621,48.18,50.441,50.58,48.876,45.026,45.464,46.003,48.593,47.324,49.669,49.412,46.824,46.59,48.856,43.92,46.639,55.561,46.95,51.769,46.552,45.422,45.797,51.226,48.553,44.432,43.745,50.97,53.007,48.734,45.695,43.9,44.572,45.036,48.005,53.744,57.85,53.406,54.233,53.282,53.238,53.584,54.931,57.042,58.203,55.496,55.908,64.034,51.961,50.738,51.003,48.618,57.204,90.801,111.33,95.035,64.429,57.499,59.407,66.125,67.023,61.44,61.333,64.722,52.848,53.17,55.349,46.669,51.475,55.655,52.381,41.484,57.963,106.71,154.42,146.82,97.612,91.209,107.73,104.81,104.54,120.59,138.24,145.9,129.1,112.16,109.64,100.13,106.57,98.175,108.85,113.3,116.85,115.97,115.9,97.491,102.53,102.19,93.436,102.38,115.5,115.71,164.28,198.87,163.78,165.82,194.52,214.72,219.43,219.4,169.78,159.15,164.34,143.89,125.98,130.53,118.95,76.443,108.38,120.48,54.19,44.562,41.709,40.962,43.549,48.514,57.17,50.632,52.111,47.331,49.436,50.051,48.666,49.965,42.269,45.124,58.004,80.917,67.457,73.407,62.47,48.002,52.067,48.567,47.748,49.402,45.226,43.557,48.523,52.11,54.979,47.738
-7.5,56.356,61.139,62.134,59.43,59.976,73.426,69.51,62.049,68.872,71.557,112.46,197.4,168.25,176.02,160.22,208.15,205.42,213.32,200.7,188.08,191.61,195.54,177.44,174.77,173.43,220.03,232.39,211.9,200.98,216.55,171.14,199.64,197.96,185.43,134.15,125.29,170.98,198.43,184.18,176.52,105.26,46.449,40.152,41.092,43.485,37.553,43.892,66.788,64.509,51.8,46.921,54.18,64.105,76.438,94.708,88.253,52.421,48.773,51.515,88.558,164.23,198.67,208.28,194.25,91.313,54.161,91.906,116.61,122.45,173.39,167.61,148.06,151.39,176,180.42,145.89,124.02,182.66,162.48,125.04,104.2,92.515,60.52,45.273,43.843,41.702,46.965,44.761,40.517,41.226,43.599,49.807,48.811,48.52,48.928,69.625,136.13,219.35,238.94,240.15,151.76,69.573,64.504,47.942,63.004,84.818,72.426,98.72,91.084,115.04,106.03,95.866,119.8,90.704,65.936,53.314,55.443,59.344,61.969,64.946,63.873,59.898,57.681,53.494,62.783,56.04,71.251,98.338,92.14,117.91,130.13,168.85,156.96,131.76,132.92,164.7,195.42,224.38,227.28,150.16,150.01,119.76,95.506,105.14,106.91,120.13,130.33,181.46,204.84,170.45,91.631,82.593,79.236,86.767,60.41,46.681,73.417,116.11,103.15,94.624,49.435,40.062,46.024,62.682,63.667,55.25,54.381,51.801,54.385,69.844,66.129,64.373,76.979,118.48,164.95,170.34,163.02,124.6,88.042,71.043,54.885,47.229,48.545,49.055,45.587,42.491,46.904,45.376,51.589,44.383,48.75,53.229,56.838,49.4,48.636,48.475,48.254,70.348,57.608,54.53,56.453,51.412,49.871,42.846,41.439,41.605,41.505,41.415,44.016,44.828,44.91,44.052,43.178,42.222,41.934,44.076,45.168,48.347,45.481,47.749,51.294,54.287,56.071,67.559,66.674,78.529,71.038,66.956,61.53,67.542,79.086,63.692,53.728,49.982,57.174,59.01,48.189,47.171,46.326,50.805,61.427,60.336,54.967,50.251,47.071,48.307,49.378,47.523,51.361,55.393,57.194,58.874,51.467,55.144,53.636,46.753,48.062,54.751,52.239,55.162,63.78,100.12,155.2,182.01,136.7,109.24,116.09,128.04,108.46,77.351,58.139,51.603,48.899,60.678,57.53,46.793,79.945,54.901,43.647,41.954,61.211,136.8,150.36,112.22,80.157,99.94,88.263,109.18,119.28,125.5,144.82,139.4,100.96,95.798,119.91,116.08,130.1,108.16,117.41,133.99,106.9,103.7,113.16,101.91,126.67,114.61,100.36,110.98,121.96,112.9,161.6,158.64,158.53,157.01,176.55,200.77,194.44,184.05,184.72,171.55,130.04,113.31,113.05,121.69,137.4,142.65,162.38,159.99,101.58,55.103,45.073,40.875,43.724,43.344,46.567,47.56,53.423,52.166,44.183,47.968,42.697,45.137,43.869,43.596,42.904,59.781,64.477,58.718,54.298,72.196,74.305,66.73,53.43,62.601,63.733,50.373,52.413,50.232,48.573,48.096
-6.5,62.256,61.118,73.711,86.198,63.364,68.201,71.981,71.304,67.502,67.258,104.88,192.28,227.97,193.6,173.2,184.29,190.26,199.89,201.77,178.74,185.66,171.94,156.9,178.11,204.99,231.99,209.88,204.42,192.58,180.03,167.89,192.47,189.23,200.51,186.61,146.37,153.6,159.06,153.44,129.71,70.561,49.601,45.178,44.46,41.475,42.038,48.816,71.958,94.751,117.28,66.785,101.17,110.13,132.46,203.54,184.04,105.24,112.22,109.88,118.05,179.95,242.08,233,161.84,76.277,78.396,102.28,72.415,66.026,66.634,64.983,80.201,72.37,124.2,123.39,88.193,71.622,124.8,213.28,167.64,114.72,76.39,73.955,69.32,49.604,46.432,44.936,48.216,45.299,44.765,46.053,51.791,60.947,76.65,72.12,87.725,125.54,176.88,208.55,216.22,140.14,96.764,76.236,66.391,65.861,63.949,90.399,87.31,71.792,71.287,89.406,83.961,72.195,72.761,48.359,62.026,83.138,103.32,99.113,107.03,106.89,96.896,82.478,86.994,69.977,62.861,61.607,67.116,67.464,83.339,99.627,119.22,124.01,134.23,165.24,200.21,217.81,156.5,176.98,174.19,140.62,137.06,131.58,134.52,134.88,134.75,155.9,178.71,191.38,140.21,88.924,95.008,98.816,64.113,52.778,107.15,126.52,125.5,127.25,112.45,73.371,56.951,60.103,65.85,77.455,63.652,50.013,47.692,66.597,51.143,51.475,60.316,61.455,90.694,109.95,99.502,108.77,94.702,60.251,54.958,47.448,43.583,42.112,46.418,42.59,44.894,48.024,47.863,50.178,50.591,53.071,48.235,51.292,46.724,46.285,49.122,56.421,63.423,67.498,58.122,50.59,47.428,42.863,39.594,40.976,42.613,46.864,49.252,52.962,53.133,55.156,46.173,54.685,51.955,50.248,58.028,65.324,59.541,47.285,63.713,84.178,89.799,118.94,145.46,110.75,110.78,96.292,103.31,101.5,74.591,58.321,57.44,54.038,58.23,54.185,47.629,49.448,52.514,53.887,61.884,51.554,43.377,48.155,48.729,48.297,51.207,61.338,71.593,72.2,62.251,56.692,52.565,53.619,50.789,47.712,51.641,58.35,63.386,53.136,58.614,88.773,145.67,200.7,218,205.02,215.01,220.8,205.11,153.31,90.296,49.284,45.853,53.568,59.965,66.69,93.885,81.928,48.495,42.505,77.909,142.21,155.46,152.03,148.53,148.27,132.39,114.77,124.47,173.73,180.28,153.95,133.24,83.497,124.2,105.25,119.85,124.21,119.53,112.87,116.39,95.185,91.297,122.45,107.43,138.15,132.91,116.46,102.1,102.39,124.91,136.38,146.12,143.38,140.02,141.34,158.04,157.84,166.79,173.03,153.84,135.02,122.23,116,161.78,193.14,201.57,210.5,166.99,59.455,47.314,41.017,42.945,45.922,46.827,46.123,41.87,45.39,47.63,43.165,42.718,45.062,44.874,43.727,47.503,47.156,41.989,55.067,62.779,69.848,57.113,75.64,82.299,74.454,80.812,69.602,74.585,72.978,81.959,73.475,58.56
-5.5,74.104,62.599,73.087,68.759,55.913,70.521,81.932,87.67,92.605,100.35,96.757,177.25,199.78,182.43,160.11,171.47,187.98,180.36,181.34,175.17,179.89,170.59,161.83,188.87,211.87,232,214.79,186.51,212.91,153.1,180.41,149.34,179.68,186.19,153.11,118.75,135.83,151.35,133.3,82.157,65.036,48.074,43.315,47.238,43.812,42.833,51.269,67.101,119.3,116.59,100.62,121.56,133.32,108.61,148.37,192.14,154.84,164.69,146.84,136.38,164.94,171.91,166.63,95.58,72.57,79.433,57.425,44.394,52.468,46.846,45.383,44.267,71.337,112.58,88.94,91.36,92.585,89.761,171.36,173.98,134.68,99.839,143.15,140.26,110.42,87.096,91.842,64.999,51.927,57.914,61.715,69.942,84.763,113.56,90.492,124.49,104.38,138.89,175.78,151.61,79.286,52.498,68.931,52.707,78.945,80.841,51.267,52.592,63.197,66.522,93.207,103.78,106.34,99.51,114.26,112.39,123.76,130.38,156.35,166.01,216.43,200.55,184.42,188.22,143.96,124.84,77.012,62.823,62.908,80.458,113.33,136.56,133.13,144.01,174.82,203.3,190.45,140.29,141.89,164.75,118.35,143.11,156.75,167.02,151.52,143.65,136.77,151.39,160.99,105.96,89.09,115.28,93.417,61.119,74.284,143.88,143.65,102.78,106.74,125.14,72.578,92.868,91.616,98.84,78.682,66.538,66.152,56.816,52.227,53.418,57.332,56.113,64.967,88.674,95.638,70.446,60.884,63.475,56.287,49.281,44.373,42.712,42.918,43.535,45.69,44.027,42.801,43.387,45.167,47.566,49.499,57.594,53.566,62.377,63.375,55.279,55.09,58.42,44.685,41.934,44.103,42.856,48.394,49.856,59.428,61.172,69.532,79.908,76.305,83.979,82.269,84.991,78.09,80.683,68.912,75.048,76.029,83.285,80.433,106.94,146.93,178.77,181.38,156.89,143.27,130.12,118.64,101.64,79.909,72.707,70.104,74.115,73.949,72.557,58.069,80.937,104.76,98.763,71.277,48.406,47.265,45.433,45.128,55.503,60.099,72.387,67.996,58.696,49.943,48.744,57.725,56.426,52.397,47.76,60.697,91.839,97.339,61.829,50.512,64.599,100.92,124.24,178.14,150.96,160.8,221.98,268.71,261.93,202.5,110.52,52.254,48.671,114.86,149.05,81.137,64.962,55.397,41.448,44.355,98.035,168.93,167.64,169.71,175.47,188.59,166.59,136.3,173.22,212.95,168,128.84,110.2,102.93,108.56,110.81,110.13,124.55,146.42,133.38,103.92,102.32,101.88,118.01,129.65,123.11,139.6,115.8,102.1,104.04,119.65,145.39,131.77,133.02,102.66,119.45,143.49,124.15,135.18,178.79,188.5,180.21,191.9,147.61,157.03,171.13,191.48,131.5,69.399,60.706,47.843,51.329,75.914,68.127,58.86,48.029,45.448,61.362,62.551,59.296,47.791,43.664,49.096,50.035,51.604,40.912,50.862,66.882,81.083,90.756,98.95,84.926,78.833,85.109,88.737,86.975,94.662,116.41,147.02,141.65,106.57
-4.5,77.723,64.554,61.924,62.4,64.463,99.668,97.677,95.881,94.776,91.521,92.598,108.56,148.79,156.88,152.77,154.51,194.27,193.35,188.06,187.09,182.05,167.69,184.97,186.98,198.59,187.74,193.85,202.16,224.68,200.13,176.55,128.23,148.76,148.55,124.28,124.19,130.83,147.24,142.42,90.697,51.011,49.567,48.793,47.081,42.553,37.891,44.53,50.804,76.294,109.22,143.28,159.67,178.17,183.01,203.88,209.26,139.93,128.7,186.57,161.79,140.27,130.74,104.51,84.022,67.975,53.783,41.593,47.129,48.513,48.179,47.435,49.827,53.644,48.739,76.126,142.27,196.95,114.23,114.63,113.67,139.25,113.96,111.84,194.72,244.84,231.88,224.73,176.57,112.71,102.1,123.17,160.18,173.28,152.17,78.14,103.19,116,94.801,96.93,78.757,64.634,55.44,70.091,115.46,108.54,96.207,75.299,53.156,80.626,112.3,150.68,152.93,132.27,115.73,130.6,163.06,211.89,197.34,144.98,157.23,154.34,178.45,197.66,258.97,247.27,182.4,149.25,142.38,141.36,134.31,127.72,107.94,133.52,112.71,113.04,156.34,138.35,140.28,153.47,170.85,176.76,163.46,178.65,165.33,164.14,140.61,144.9,193.5,152.6,90.954,64.063,82.191,89.805,80.694,101.95,100.94,124.27,109.41,107.29,105.73,67.65,81.729,75.168,110.12,85.328,105.43,98.344,72.432,60.216,58.662,58.099,56.321,47.704,49.8,53.51,59.93,54.178,51.915,48.574,47.746,44.802,42.629,43.417,40.105,39.583,39.042,42.255,44.699,56.543,83.649,83.849,66.083,48.933,44.935,67.431,50.753,48.268,48.703,44.643,43.924,49.247,59.063,64.5,58.467,57.293,54.64,60.839,56.625,73.424,80.187,100.94,121.14,114.48,104.46,76.196,81.137,114.56,134.72,167.8,176.59,203.45,198.59,172.84,162.59,177.56,214.69,155.81,109.01,95.202,74.112,84.154,74.627,72.54,66.905,67.796,92.781,71.999,58.116,58.08,55.135,57.089,54.906,63.929,71.685,61.149,53.505,54.863,58.069,56.932,60.257,58.731,76.587,77.174,86.816,98.731,87.434,67.723,61.685,61.374,83.361,97.701,134.09,108.1,88.449,132.26,178.14,226.42,238.93,226.46,156.36,102.99,54.431,90.055,94.722,62.113,56.434,45.662,39.498,51.52,112.53,164.26,203.2,196.19,147.59,140.25,135.23,163.39,160.62,182.67,146.84,154.6,167.57,132.36,139.26,133.4,142.23,133.68,145.94,100.81,93.032,98.377,114.47,136.72,116.39,109.46,118.41,97.55,104.96,115.46,119.78,132.14,116.79,118.06,101.68,93.913,146.87,143.62,181.66,197.44,205.01,178.43,216.42,166.58,178.49,206.87,177.98,81.86,86.413,79.566,52.159,87.953,103.38,155.1,103.33,64.007,70.626,88.561,112.35,86.494,73.163,48.381,56.385,52.278,49.13,51.319,55.325,84.463,91.073,89.843,100.01,81.22,102.89,85.187,109.77,135.89,115.87,112.41,160.97,146.61,122.59
-3.5,71.816,60.221,67.597,67.257,59.58,67.611,96.503,92.28,73.104,63.537,72.438,113.47,109.39,132.95,131.82,147.33,186.68,199.8,200.3,192.09,200.42,208.29,198.84,163.17,159.18,190.94,171.61,179.99,209.06,208.76,195.42,168.69,155.07,104.92,127.3,108.48,113.45,114.24,104.43,91.566,48.694,45.505,42.998,39.888,39.257,40.609,39.766,38.781,67.292,119.68,117.93,135.45,178.39,195.71,193.26,160.04,138.23,137.73,196.43,201.84,184.99,119.53,87.606,58.561,41.723,43.552,45.366,46.59,47.579,58.049,48.114,41.509,49.653,61.425,75.335,108.22,192.55,162.73,126.3,168.11,142.71,154.86,161.3,223.77,249.63,252.03,254.57,224.61,159.41,174.11,200.92,162.47,142.84,128.62,89.624,96.624,105.44,99.195,138.32,102.96,61.357,50.939,119.5,120.92,156.04,162.04,84.276,73.794,73.074,97.129,166.65,162.89,136.03,92.834,136.31,158.56,147.79,184.78,135.67,141,139.16,176.33,194.4,258.77,258.4,184.37,143.85,99.651,122.38,118.17,124.6,108.53,129.99,134.62,139.44,136.58,160.95,168.03,196.36,216.3,212.72,207.33,208.8,175.5,171.52,181.88,178.33,161.87,139.47,103.8,84.973,89.219,102.74,100.51,114.48,124.55,156.87,122.97,107.76,110.6,88.666,83.93,96.814,95.743,85.297,86.882,103.16,107.13,73.975,55.207,51.541,48.568,47.324,46.637,44.419,44.397,45.012,47.206,47.424,47.667,41.806,41.8,43.06,42.686,39.378,42.099,50.831,43.721,54.763,67.058,63.093,52.9,48.519,51.361,57.981,50.926,56.474,54.43,54.689,55.27,54.534,61.969,57.929,61.541,66.013,84.729,72.634,65.225,75.247,81.239,91.752,101.85,108.72,97.701,87.625,120.91,173.19,204.23,238.68,244.83,236.03,204.1,160.13,148.79,174.31,204.68,137.04,101.2,107.31,102.55,95.11,79.639,70.7,76.012,68.348,54.443,55.309,67.192,79.322,74.375,76.127,96.896,92.514,77.541,62.49,57.762,59.878,69.584,77.972,72.337,74.003,76.511,80.442,80.151,59.392,50.753,46.028,57.2,62.249,68.836,97.924,100.17,70.703,84.797,126.28,171.02,219.05,215.08,194.64,158.19,75.461,61.564,59.12,53.347,55.742,54.4,38.045,37.436,41.808,100.07,165.71,166.65,146.19,133.13,127.8,142.89,166.35,144.95,166.91,122.69,122.82,130.39,126.96,140.03,128.83,133.16,141.19,135.68,91.242,92.393,90.367,120.14,137.56,117.13,111.19,123.84,126.5,122.84,103.02,126.71,121.79,87.089,97.721,109.77,113.22,147.42,155.76,187.9,196.88,175.22,183.94,177.18,178.4,199.95,205.08,152.04,120.23,144.83,174.44,175.62,207.44,235.14,219.17,182.52,190.08,165.33,84.217,94.13,92.358,74.109,62.443,51.361,48.158,44.828,53.969,74.882,93.521,66.781,62.603,97.436,103.57,135.51,95.233,84.37,105.27,102.18,82.517,117.15,122.13,89.94
-2.5,55.102,56.558,60.941,61.348,46.871,54.847,81.383,85.058,57.286,67.963,86.625,87.095,119.27,130.99,139.89,146.73,182.08,176.73,186.65,210.28,219.31,220.91,199.65,194.05,200.34,196.83,203.58,157.8,194.1,174.61,202.86,189.41,126.62,93.195,108.39,108.54,101.7,100.06,92.762,94.707,67.738,49.33,45.758,50.649,49.543,51.464,45.736,54.086,76.943,105.84,87.811,67.167,82.005,131.13,183.64,223.33,194.01,216.5,181.38,128.69,90.799,53.268,50.282,41.218,43.948,45.19,43.227,43.887,48.768,56.104,40.907,40.308,48.855,60.386,89.599,143.72,176.15,190.13,184.38,166.36,130.44,158.59,241.05,251.09,252.8,268.37,255.61,201.33,191.71,206.32,193.39,179.71,176.06,160.51,157.98,182.94,115.78,90.664,84.925,95.705,68.189,110.9,114.98,132.8,163.93,157.63,107.11,124.67,79.669,77.505,136.82,131.75,124.03,124.26,131.65,139.83,117.58,109.43,117.23,166.4,138.2,140.45,171.52,226.99,243.18,205.42,151.21,114.52,113.86,90.771,62.59,109.29,127.05,108.9,99.544,93.453,147.79,170.15,166.91,177.55,216.59,225.81,226.32,196.07,198.6,208.32,168.85,159.42,143.44,126.24,160.88,148.43,133.65,139.81,146.77,145.16,120.01,112.4,103.12,97.152,93.145,84.408,69.396,65.959,72.649,98.701,121.86,147.93,126.31,87.468,56.585,50.933,49.354,46.359,48.564,48.319,45.215,45.65,45.882,45.242,43.96,44.132,48.715,42.237,39.442,41.621,64.483,72.691,59.105,69.573,88.126,92.106,85.077,50.788,62.784,73.06,77.044,62.405,58.302,62.254,65.887,81.917,77.142,91.476,118.22,109.43,93.839,69.42,63.926,48.561,55.619,82.697,113.23,140.73,121.28,124.81,140.55,152.38,168.94,152.59,133.13,123.77,77.498,100.93,106.1,93.58,130.26,113.73,88.048,72.285,66.086,71.708,73.026,83.063,92.352,74.772,85.796,105.05,116.49,103.88,96.276,91.113,79.101,66.691,60.897,60.57,61.198,53.28,55.675,50.734,54.709,53.469,51.123,51.548,46.646,46.736,44.452,48.612,66.384,66.871,69.395,65.98,70.438,56.929,48.039,82.681,123.69,176.06,158.75,78.3,50.867,45.986,49.688,47.558,57.265,50.279,38.151,37.849,44.706,77.216,158.11,170.68,146.51,141.78,128.4,105.03,109.55,111.55,125.47,115.8,134.41,115.35,143.07,179.59,172.8,167.68,135.47,89.706,71.472,79.782,93.171,120.09,125.32,130.56,123.52,130.99,146.45,124.26,116.27,131.45,117.75,119.26,129.22,164.47,180.45,191.18,166.34,167.47,154.84,164.98,218.67,223.5,175.87,224.5,222.34,118.84,91.353,167.5,180.91,178.85,222.77,238.39,258.51,203.6,150.61,156.83,188.49,157.98,107.41,77.401,60.935,54.397,59.843,59.07,56.231,115.78,142.95,68.267,68.373,74.844,79.458,102.67,132.29,90.386,72.911,91.403,97.12,120.15,80.557,49.548
-1.5,46.055,67.353,68.986,92.347,73.816,80.308,70.996,71.286,62.367,71.388,74.727,81.179,96.205,84.815,109.91,137.12,196.26,195.59,172.69,213.94,244.05,209.02,169.11,194.96,180,182.96,184.42,180.47,192.93,159.19,165.99,162.91,148.51,119.79,109.9,117.6,104.47,98.586,96.056,101.7,90.35,78.345,53.237,52.615,50.252,47.902,47.797,52.202,59.009,65.015,56.904,53.972,72.623,78.376,91.055,74.871,75.853,78.522,66.084,48.398,47.996,48.059,46.53,46.31,44.581,43.437,45.774,47.086,43.172,40.064,39.422,47.232,71.95,79.08,89.196,101.86,120.51,109.6,117.79,180.2,185.01,219.56,231.9,156.94,150.1,131.31,127.85,137.82,145.14,129.54,136.66,161.18,194.33,203.54,223.75,190.11,118.2,84.992,88.028,85.958,93.043,133.73,123.15,142.79,123.39,136.51,66.356,58.43,55.868,69.265,103.19,100.83,113.18,122.71,135.31,147.96,165.66,162.13,100.99,146.65,149.66,148.41,138.52,144.94,164.76,174.74,173,166.22,183.79,126.16,93.991,123.82,110.05,124.42,162.82,174.9,171.8,189.37,204.12,212.75,248.99,249.02,247.61,233.71,185.72,203.59,165.85,177.58,193.74,162.87,172.15,197.88,175.9,155.16,127.81,118.34,106.75,74.575,68.91,79.121,67.993,56.983,53.782,47.291,79.816,119.17,119.34,91.64,69.083,56.046,47.681,42.543,47.736,53.921,45.43,49.389,49.522,46.127,43.164,41.167,40.873,42.859,61.201,69.036,60.838,77.524,70.834,98.233,119.96,123.94,116.17,87.656,55.561,65.938,66.727,63.13,65.705,54.276,57.943,50.447,53.576,79.159,88.584,73.804,75.884,75.311,75.35,73.718,71.047,73.343,72.437,69.695,88.893,125.01,96.091,80.367,58.637,63.052,68.708,78.102,76.166,57.277,48.793,56.686,50.131,52.621,97.303,111.41,99.108,83.695,81.669,84.343,100.29,88.243,92.829,94.889,89.75,90.375,96.875,86.497,72.371,76.947,75.719,64.793,59.722,62.71,65.326,61.008,51.847,46.784,45.12,42.517,42.473,45.907,42.95,43.141,43.007,44.832,40.758,45.273,41.742,43.738,50.766,42.091,38.441,36.735,59.561,50.584,67.796,39.295,37.529,38.067,38.836,42.777,52.374,55.464,37.322,42.74,68.044,150.56,169.42,180.53,187.3,169.57,139.53,83.609,71.478,82.477,106.16,155.81,149.35,138.78,190.8,191.9,212.73,189.06,162.54,113.7,83.976,85.838,103.63,121.53,135.15,162.08,139.56,120.78,130.22,136.15,134.3,150.64,132.63,142.06,180.12,206.14,218.81,246.63,237.88,208.79,151.59,149.97,211.05,228.16,184.59,217.72,235.35,162.13,97.98,154.92,178.06,227.73,195.68,131.57,181.73,210.09,195.01,162.68,166.74,111.62,101.77,93.806,79.052,68.267,80.882,94.948,78.825,87.582,70.455,52.875,51.378,65.39,48.071,51.1,68.947,99.401,95.289,74.616,91.285,104.6,71.556,45.366
-0.5,69.885,77.396,64.459,60.284,59.212,59.751,59.373,81.197,63.475,79.202,75.596,72.351,71.815,97.151,138.97,163,205.17,193.9,175.38,194.41,232.89,242.24,189.43,176.45,211.48,202.03,210.36,217.7,205.07,160.74,154.84,159.39,159.11,109.55,93.987,94.777,101.42,88.311,98.034,99.945,106.21,90.967,79.527,55.623,52.661,49.912,45.724,44.042,44.124,51.59,49.578,57.836,48.45,45.113,45.14,43.858,48.258,53.16,43.373,46.813,49.917,48.802,49.853,50.801,47.187,42.436,45.879,49.98,47.628,48.067,51.415,62.313,75.754,67.991,106.39,123.04,135.98,149.76,127.32,92.562,66.797,62.408,56.581,58.795,61.032,65.572,77.101,92.502,91.729,109.29,180.75,229.07,271.75,283.67,261.66,186.79,116.84,85.944,98.085,86.811,129.62,139.19,131.19,118.75,92.471,72.01,71.845,65.037,57.209,86.122,113.29,114.03,123.72,131.35,134.49,142.62,185.61,234.78,199.61,169,108.37,101.73,128.9,137.3,155.84,154.52,109.92,123.49,187.48,151.51,103.1,103.71,103.91,123.67,168.09,172.97,204.53,224.83,223.18,229.58,240.51,231.01,217.48,201.69,222.88,202.57,178.37,193.52,160.36,139.94,167.16,159.48,154.75,171.41,153.27,101.8,73.454,59.457,60.055,61.053,55.313,43.977,44.72,53.879,54.263,57.572,65.441,58.398,56.278,58.051,58.209,64.998,67.348,58.773,55.167,43.768,41.752,42.221,40.213,41.655,44.553,55.381,78.395,99.873,99.668,76.676,83.329,103.58,144.82,103.1,68.819,51.484,46.621,47.159,39.776,48.438,45.007,46.855,52.507,57.181,59.897,71.624,64.805,61.045,62.338,66.536,62.959,60.858,62.152,60.253,59.193,57.324,74.462,86.625,104.3,91.536,65.783,56.035,49.013,40.96,39.927,40.159,40.284,40.242,38.761,46.176,66.107,88.894,75.761,59.789,61.78,63.404,81.123,88.182,76.956,79.633,61.995,51.616,47.162,50.448,66.103,63.841,70.393,64.656,66.821,67.477,56.461,44.971,44.067,46.549,46.382,43.252,39.749,36.371,39.625,44.543,44.68,46.612,44.111,36.132,37.343,37.471,39.509,34.198,35.411,34.968,46.994,35.91,52.474,53.538,40.585,38.693,35.719,37.135,41.938,45.178,39.018,45.018,54.412,126.4,156.87,180.61,180.89,173.78,170.95,116.41,95.543,83.049,108.15,148.47,158.83,181.58,184.09,207.75,218.1,216.25,163.92,116.42,98.74,109.02,87.559,93.222,108.03,132.99,110.49,131.43,109.95,119.48,139.16,161.98,173.57,197.88,214.64,216.77,240.49,293.2,272.87,250.15,230.95,206.91,206.02,232.28,203.22,162.43,181.03,183.69,185.4,141.85,156.23,191.45,178.4,224.06,262.49,263.35,201.37,126.49,85.419,116.43,149.09,161.8,210.46,191.91,81.889,69.139,69.052,70.443,77.575,49.137,39.664,44.035,48.406,54.389,52.922,51.708,90.409,98.26,85.807,70.97,60.147,57.689
0.5,73.082,68.09,69.165,62.102,73.701,66.512,79.843,95.361,93.754,82.62,81.875,77.824,82.628,116.41,175.79,181.27,176.48,192.3,190.12,196.44,237.23,238.68,219.46,207.12,228.95,236.79,264.78,271.05,251.83,200.62,177.8,146.13,111.8,116.48,97.809,85.987,85.071,76.517,82.293,108.08,98.73,71.943,83.963,68.537,53.211,56.331,51.149,47.858,44.441,43.81,44.865,42.465,42.394,42.279,43.287,41.019,47.992,44.396,49.098,53.153,55.686,57.893,51.028,44.99,41.468,43.342,48.634,52.355,51.988,50.296,57.399,67.053,60.447,87.567,115.48,99.125,97.856,77.058,69.87,54.549,46.222,42.48,44.165,57.558,63.762,63.676,78.045,96.05,119.43,160.61,249.41,275.24,295.62,297.64,267.37,236.88,135.5,76.498,64.621,115.14,143.42,146.14,132.67,98.897,76.463,73.599,66.279,56.044,51.406,104.5,101.11,120.23,131.18,141.08,136.44,158.23,162.66,189.53,219.47,214.73,161.22,141.06,140.49,162.85,202.69,199.07,148.01,134.42,130,112.15,92.237,139.34,139.11,122.38,107.1,124.72,166.22,180.38,216.77,198.47,175.91,159.07,159.59,181.53,216.08,177.22,158.59,180.12,157.23,100.27,132.07,132.25,130.73,134.07,104.44,79.783,71.275,55.281,54.779,55.255,49.513,48.119,49.018,45.76,47.18,47.971,68.609,69.776,65.162,64.224,72.808,98.528,83.819,63.788,43.673,44.101,47.047,48.533,37.679,38.918,47.74,43.4,50.005,58.981,80.106,69.077,72.101,88.958,104.43,80.634,65.276,64.184,59.191,53.137,42.791,55.506,56.17,58.13,56.441,54.75,48.584,48.949,49.53,54.437,59.548,58.998,63.209,62.129,62.121,56.149,54.222,46.131,51.183,65.918,74.103,64.029,57.256,50.678,41.635,37.235,37.361,36.254,36.692,39.369,38.463,54.037,52.443,47.675,49.927,41.803,40.491,48.398,49.77,56.683,52.708,51.697,48.539,48.198,40.461,39.304,44.753,49.367,44.973,49.144,52.945,47.611,42.016,41.329,43.642,45.753,41.217,43.122,40.037,38.095,38.043,38.579,39.403,46.768,69.448,56.411,36.937,35.509,34.964,34.15,36.914,39.559,39.409,37.692,42.93,43.742,42.735,38.494,34.645,36.04,39.101,37.134,38.656,58.508,79.668,156.55,177.23,182.28,181.05,164.73,180.86,149.42,119.21,101.52,149.57,161.18,174.08,182.06,133.91,179.67,194.44,187.17,142.95,99.111,87.57,91.249,112.07,85.104,96.166,99.223,108.39,119.45,93.183,88.846,123.39,198.33,196.63,227.76,262.05,273.55,279.69,294.88,270.37,290.82,279.74,234.95,227.08,222.79,200.62,132.83,108.52,196.18,237.54,150.85,139.56,120.12,129.81,180.87,158.36,183.15,207.09,166.78,151.46,97.355,96.374,108.46,124.24,133.1,96.822,52.649,47.685,73.751,82.046,56.566,55.986,65.689,70.036,79.335,71.563,57.004,75.026,93.658,132.35,113.3,62.114,59.253
1.5,62.33,61.894,59.439,63.37,79.981,80.831,72.865,85.223,112.85,113.93,97.214,107.25,113.19,138.84,173.35,170.53,168.04,201.83,210.88,216.92,212.3,227.98,219.9,243.12,247.57,263.7,277.72,288.47,277.32,244.98,161.31,138.35,121.85,118.81,118.02,99.176,81.174,78.045,90.844,125.94,82.361,68.278,79.121,77.066,65.784,55.217,56.469,50.033,44.513,44.453,45.353,45.602,42.942,44.841,47.749,50.372,51.163,53.326,58.439,61.691,58.23,63.251,49.101,44.019,41.953,53.813,50.584,54.265,77.546,56.355,48.713,52.574,81.348,129.3,126.03,75.733,74.947,94.175,63.053,52.022,50.849,61.582,56.903,63.158,69.089,69.605,95.451,117.75,136.21,170.83,236.29,270.63,286.24,270.19,230,187.04,101.75,61.941,77.735,123.5,133.88,131.27,90.735,109.79,74.08,52.833,45.066,40.193,45.324,130.54,95.172,130.26,121.09,143.52,162.71,172.1,153.78,161.23,176.39,176.42,124.06,152.34,206.04,236.92,253.81,245.1,194.29,161.03,130.84,86.553,128.34,142.32,124.61,109.26,140.06,146.7,137.12,125.91,140.67,170.71,144.18,126.81,145.68,170.98,188.44,168.75,185.61,202.39,178.13,148.11,156.5,131.81,103.37,84.475,64.99,49.32,55.242,69.372,72.023,67.112,62.865,58.596,60.196,71.977,55.617,52.405,50.849,45.644,50.675,44.837,58.97,67.816,77.465,76.46,66.709,48.937,43.611,40.797,39.876,40.59,44.299,41.017,39.896,40.527,41.587,42.867,52.601,80.828,82.683,82.378,89.191,80.342,81.485,79.937,69.477,68.442,75.864,77.535,82.713,77.867,77.623,82.449,81.692,73.578,92.719,104.03,128.25,137.77,101.42,78.944,53.397,51.942,53.801,51.808,59.443,53.129,48.564,50.727,47.869,43.636,40.172,36.727,39.172,44.154,58.825,45.121,45.486,49.257,54.476,53.435,45.271,46.256,41.169,38.835,44.735,45.613,43.827,43.924,45.412,41.855,43.572,46.864,47.881,47.262,50.219,42.426,39.446,38.033,39.194,41.654,41.66,40.13,40.276,43.604,38.361,38.363,41.227,54.049,74.74,67.743,43.021,44.31,38.843,37.188,36.868,42.195,47.032,49.85,40.692,41.62,43.829,45.02,36.613,35.964,37.465,40.518,43.494,59.316,103.56,201.27,195.03,180.58,194.69,183,148.59,137.68,139.04,146.36,149.61,186.72,171.94,136.3,149.26,173.8,219.04,207.62,179.79,135.32,96.106,86.501,102.51,102.26,111.67,115.4,112.09,112.54,91.674,91.077,122.86,132.57,117.37,171.73,216.88,278.4,285.36,207.64,245.24,228.22,224.2,170.06,187.52,193.82,171.03,104.89,90.381,152.78,160.42,131.05,117.76,83.192,81.124,90.684,113.23,165.27,272.06,262.67,241.23,186.61,123.15,105.64,86.388,70.973,54.8,48.421,46.455,50.097,58.793,53.631,66.282,70.249,54.297,56.39,65.776,67.05,69.502,72.141,86.319,90.86,65.193,53.295
2.5,70.343,63.597,68.841,76.927,84.507,85.285,84.74,78.216,79.41,92.654,103.44,118.62,124.66,153.14,164.06,178.21,205.87,217.93,227.75,226.56,208.95,215.61,234.37,243.01,272.59,276.01,271.36,253.53,213.06,195.08,172.69,138.41,133.39,157.51,121.9,90.678,62.181,76.053,97.583,103.13,78.267,84.472,75.888,73.242,78.302,74.127,63.203,50.181,47.226,45.101,46.305,43.628,43.384,43.366,49.2,56.218,58.123,57.672,60.277,63.34,50.111,61.2,64.615,49.978,53.873,53.59,51.706,55.209,53.627,57.847,54.699,56.547,71.752,92.01,91.917,122.87,93.401,63.446,52.263,66.726,81.673,67.677,71.144,76.68,76.694,88.16,96.547,90.632,120.48,153.47,226.28,256.86,250.98,208.61,145.8,103.34,111.56,88.298,130.11,120.11,81.095,83.226,127.42,109.41,67.973,50.054,45.642,48.103,63.947,69.548,82.471,96.107,102.28,124.89,168.02,193.82,172.21,188.32,209.88,160.31,105.99,170.85,233.48,258.64,251.64,276.63,251.4,186.57,166.33,133.22,144.49,186.8,196.08,171.47,178.44,173.37,166.67,155.53,166.72,174.89,135.48,152.59,179.68,146.77,183.92,135.83,174.43,192.87,187.61,198.84,186.69,139.43,129.97,99.894,72.918,94.25,131.09,143.13,153.56,130.03,101.84,97.603,92.443,92.951,93.595,102.87,85.075,65.61,60.911,85.228,110.55,108.25,106.7,110.47,90.035,67.655,70.038,84.889,55.633,51.007,64.455,83.781,83.842,71.799,78.581,85.738,124.63,116.48,102.89,72.028,53.709,50.314,62.705,74.878,87.401,91.973,132.82,151.75,178.84,168.28,171.7,147.27,150.89,156.07,188.8,196.37,212.31,208.37,182.44,126.42,90.564,81.319,89.169,79.213,84.196,68.036,52.414,49.423,57.855,54.155,59.231,50.272,63.572,74.511,105.42,79.377,56.296,54.07,60.625,68.005,63.242,67.822,54.899,57.55,49.694,44.744,44.081,45.967,47.058,46.737,55.629,54.174,53.552,51.97,47.505,43.967,41.7,41.336,39.717,40.63,40.819,43.174,44.755,47.625,42.467,44.279,50.161,59.999,57.394,47.16,52.836,73.215,79.667,79.17,47.455,54.217,64.071,52.995,68.645,91.104,78.115,53.7,42.856,41.268,38.47,38.988,45.734,82.869,119.32,185.16,228.37,231.72,201.68,185.93,161.75,182.99,180.88,176.37,188.39,184.69,203.9,140.09,164.62,169.5,207.01,217.73,186.57,162.82,107.19,95.413,104.08,150.62,138.01,115.21,117.78,108.52,96.931,100.13,105.16,83.7,82.762,118.59,135.93,162.22,208.97,260.05,198.81,126.43,107.89,90.327,97.181,101.5,116.72,119.12,138.21,103.71,108.32,124.69,95.566,91.881,117.61,114.19,108.59,168.93,198.1,155.52,120.54,66.522,126.69,140.24,97.869,79.889,60.605,49.563,47.72,47.788,45.697,46.944,44.356,44.241,45.234,55.728,55.015,54.095,60.541,63.46,58.165,55.34,65.667,77.695
3.5,67.756,66.246,74.099,77.897,75.614,76.2,82.695,85.257,82.923,92.048,151.12,143.15,137.16,153.25,170.78,182.43,185.62,201.27,227.73,231.97,209.52,234.22,242.91,250.01,265.27,275.44,261.48,237.62,209.66,192.6,176.2,147.26,157.75,136.95,72.86,59.787,63.328,66.467,79.961,72.873,79.805,76.699,80.056,70.465,65.97,77.834,87.877,63.559,48.202,51.884,52.253,52.707,46.358,46.411,50.09,68.024,75.657,58.717,57.127,56.624,51.796,60.424,55.224,61.21,58.898,54.194,49.702,50.986,55.103,49.065,47.063,49.506,53.886,84.172,126.7,165.77,138.87,136.66,150.74,130.67,128.74,91.382,96.772,80.705,92.003,113.59,99.98,109.58,109.1,146.51,161.78,197.88,216.07,162.39,129.06,135.3,126.16,119.55,105.56,88.353,73.504,119.98,141.29,116.14,99.222,77.581,62.602,76.271,107.37,108.12,87.589,84.332,80.455,105.89,122,158.84,178.58,215.27,194.41,162.47,139.66,158.08,149.82,123.95,155.63,208.1,196.55,190.04,133.62,90.088,99.881,129.99,138.08,131.79,102.24,96.131,98.092,119.37,130.66,157.33,162.21,176.9,171.23,146.9,124.66,152.88,163.21,182,175.66,214.01,237.82,199.02,208.74,184.77,151.09,149.62,195.32,223.02,212.52,211.32,212.48,206.41,167.01,141.58,131.78,121.59,114.46,97.876,108.93,122.08,132.23,117.46,104.61,126.16,138.47,172.9,185.2,176.05,164.54,163.99,161.1,163.59,159.74,151.46,161.72,162.51,124.93,100.37,95.442,85.063,66.349,51.66,70.241,92.251,107.5,136.27,158.28,187.01,196.85,202.88,216.19,188.48,196.22,209.72,227.47,229.84,245.96,248.66,216.61,132.06,78.907,103.46,109.83,88.555,107.51,89.063,80.52,68.726,75.753,83.866,75.609,71.856,81.823,90.246,104.45,121.32,91.183,71.541,61.65,55.336,86.011,126.83,142.93,115.16,96.345,94.748,93.67,87.171,79.955,97.058,102.22,89.69,70.979,58.449,47.217,46.656,45.171,43.241,49.896,47.744,48.915,56.288,59.553,48.502,43.468,41.376,47.86,51.534,53.471,63.771,75.527,100.55,116.06,96.033,63.464,85.778,106.5,92.939,187.66,242.89,191.03,113.29,68.121,48.964,47.464,52.956,59.934,95.451,93.539,101.78,207.18,270.69,219.53,185.7,156.35,196.15,216.91,207.35,247.58,220.7,184.87,177.37,153.98,188.04,188.56,194.56,220.75,171.31,138.57,102.64,109.07,154.11,131.78,143.64,117.83,96.127,90.462,108.3,95.561,90.316,89.843,104.32,91.184,92.24,117.48,194.09,145.39,114.25,141.49,121.4,100.17,131.5,163.76,132.25,112.79,82.353,79.459,77.536,72.795,66.302,62.792,63.708,80.327,94.235,99.26,70.714,61.239,72.733,94.04,130.96,156.03,142.93,126.68,87.142,59.783,52.429,50.503,48.025,46.3,45.579,46.48,60.722,61.473,55.439,56.365,57.663,60.927,57.204,65.815,59.843
4.5,60.342,62.856,69.134,79.076,83.632,83.592,70.841,103.5,84.025,101.75,133.27,114.09,135.75,156.32,170.68,159.73,168.11,181.78,196.02,226.24,215.57,242.62,236.23,239.37,228.42,225.91,223.11,231.15,219.57,233.55,206.37,173.78,158.15,102.17,66.603,59.459,62.779,63.411,64.278,65.823,68.624,72.404,81.618,83.156,79.418,82.016,91.447,92.109,61.986,53.114,59.32,58.738,54.436,53.934,57.093,63.003,70.807,58.443,57.044,71.209,71.649,61.377,59.221,53.882,53.272,55.849,59.107,64.019,68.742,53.797,51.643,51.167,53.289,66.962,63.152,66.492,127.27,184.4,179.29,108.83,71.228,66.99,67.794,79.351,92.208,88.086,85.578,103.15,117.64,183.02,199.24,164.43,182.64,102.15,85.751,115.4,141.27,97.67,74.495,62.694,96.42,170.49,174.28,106.69,79.97,83.864,125.88,171.5,148.92,94.681,77.556,72.899,64.612,58.908,101.49,130,123.43,120.52,122.55,123,141.81,158.62,165.84,137.19,112.4,141.1,132.91,116.93,109.63,87.247,84.761,87.99,93.806,93.987,101.59,101.07,89.525,125.31,111.98,121.82,148.63,144.05,136.93,117.98,131.71,186.71,201.06,203.05,206.17,224.58,269.6,229.07,233.09,213.15,191.41,152.14,201.83,235.71,229.58,247.83,224.7,226.56,196.95,169.41,190.58,179.41,191.79,182.36,155.17,143.95,186.45,187.77,155.63,141.4,124.9,130.44,133.44,146.14,192.85,179.94,192.25,226.91,206.41,178.42,152.83,141.98,137.32,134.74,120.1,122.82,136.8,109.69,102.43,128.74,119.75,162.94,177.97,207.27,236.69,234.94,257.28,240.55,231.37,244.8,242.66,223.01,216.57,240.64,194.98,109.3,90.348,97.261,114.99,133.54,89.201,70.873,73.296,65.394,61.901,68.438,81.427,104.67,109.38,156.3,169.27,190.33,177.78,184.19,159.13,187.91,221.4,213.41,178.89,105.61,80.172,99.511,123.1,140.77,153.19,198.78,202.2,214.35,206.19,167.56,119.74,90.564,69.645,64.287,63.781,85.144,76.72,92.148,105.29,87.187,70.799,57.744,52.292,40.953,49.43,91.321,97.321,92.477,80.435,68.372,68.754,65.217,115.99,146.71,168.83,180.91,161.31,135.93,95.628,63.169,63.45,67.015,62.946,80.126,97.046,87.423,158.26,285.61,266.16,201.07,179.1,185.52,231.47,227.02,222.87,209.11,194.85,165.65,160.28,178.58,194.61,215.13,205.06,182.45,160.24,135.86,164.4,156.86,130.19,146.22,116.8,113.5,120.02,107.57,87.864,91.337,95.142,94.298,76.866,69.555,93.758,116.63,96.846,128.96,138.79,105.42,104.65,117.16,121.89,105.62,70.155,62.409,62.27,63.597,61.79,61.903,59.439,58.823,56.545,57.483,60.099,59.771,84.615,109.48,140.83,137.47,129.53,109.98,144.91,95.363,87.826,69.119,65.86,60.812,50.728,51.56,61.017,69.246,67.617,58.961,54.384,56.142,61.294,67.58,64.598,57.091
5.5,60.178,59.294,63.563,67.508,68.337,71.758,75.022,97.433,91.492,90.43,123.43,121.61,125.2,149.43,151.49,130.17,145.02,159.19,170.16,195.91,200.49,216.65,186.35,194.02,181.74,192.98,181.91,182.03,227.3,258.62,262.67,251.07,203.17,131.47,78.053,68.214,69.507,69.773,64.285,64.393,62.728,66.801,76.077,86.147,92.887,84.918,95.476,101.62,96.847,57.401,62.253,66.351,68.819,66.911,65.676,64.74,59.155,57.084,64.565,66.699,63.29,54.708,56.808,56.742,59.59,64.162,57.874,61.682,70.038,61.068,54.693,52.554,67.811,75.859,69.369,58.55,66.621,65.399,56.089,51.92,73.783,90.312,86.247,81.252,91.06,104.51,103.65,144.27,199.45,251.54,211,204.75,206.44,190.47,152.42,119.65,86.193,61.975,78.073,71.266,154.45,199.54,177.05,81.573,68.162,101.79,175.51,211.59,195.25,145.79,111.24,82.869,70.028,53.008,67.442,74.719,104.14,76.786,73.067,79.945,79.34,107.39,111.86,116.7,105.33,118.66,160.77,161.64,145.34,109.14,80.735,86.365,85.599,75.711,73.352,91.049,96.708,68.877,86.764,105.58,140.25,138.85,151.44,143.68,172.94,180.3,168.59,155.41,157.42,182.43,160.37,212.98,178.94,167.61,183.92,192.21,198.32,193.14,218.11,210.66,205.68,228.07,234.88,201.81,187.13,184.54,160.16,159.33,195.83,205.42,211.43,201.07,176.01,162.52,149.81,139.98,114.37,108.05,188.83,270.4,285.61,270.9,217.72,182.34,153.67,138.6,164.04,201.48,202.68,181.68,194.62,173.92,142.12,119.25,138.47,187.45,236.86,272.99,269.16,266.51,285.54,269.23,236.91,198.73,166.58,177.26,142.41,130.14,142.01,134.18,131.73,105.16,99.684,142.74,148.22,131.37,109.46,90.538,95.614,105.45,100.08,112.58,138.12,174.64,178.01,220.19,227.12,246.6,253.52,256.33,262.16,234.92,180.21,120.57,120.88,149.15,163.88,156.64,172.98,208.68,222.19,218.83,229.39,219.97,187.81,130.39,105.04,97.744,119.67,153.13,126.21,122.58,142.56,194.03,175.45,149.82,102.63,81.065,49.395,64.053,137.88,108.85,61.837,74.186,83.186,111.39,178.6,145.87,93.431,91.087,95.169,80.458,77.311,82.93,81.979,74.078,61.586,60.399,57.81,66.608,101.11,231.9,248.87,217.21,159.93,139.12,201.53,222.48,203.48,142.77,148.14,122.18,127.32,147.3,170.16,202.39,182.12,172.34,162.11,161.57,210.22,215.84,164.59,148.18,127.49,117.66,84.358,56.574,51.179,61.274,76.686,76.885,62.694,60.128,81.029,90.356,101.04,128.83,121.76,93.768,68.625,62.51,94.014,77.605,70.915,73.97,73.771,65.735,68.044,69.06,63.781,60.854,61.751,56.015,59.75,58.632,88.031,119.23,128.17,113.18,91.179,113.54,108.38,99.634,97.888,90.742,84.292,87.087,92.658,74.736,108.18,109.87,97.772,90.058,86.16,94.056,97.587,93.922,67.569,62.175
6.5,62.836,60.52,63.86,65.629,66.146,69.09,81.861,87.992,89.731,97.473,106.04,111.79,122.29,106.2,95.353,105.56,123.57,126.7,157.67,191.12,167.09,176.69,161.39,154.11,135.41,133.19,128.2,145.29,202.63,247.32,227.59,170.32,159.91,144.55,110.72,86.366,71.21,57.242,71.474,62.516,61.745,70.261,83.794,84.017,79.165,83.328,93.556,101.31,103.17,65.069,56.886,62.637,63.224,61.308,58.171,62.345,57.783,68.932,65.448,67.109,64.48,69.242,65.4,65.508,61.064,58.7,63.08,57.586,57.881,60.212,64.183,64.678,92.812,115.69,138,109.54,54.723,45.662,42.394,57.28,122.17,101.29,104.18,126.74,121.34,106.41,101.22,148.45,164.09,250.12,252.16,238.84,278.15,284.72,243.03,159.78,101.81,73.989,72.375,107.37,193.78,188.07,105.79,87.344,105.49,109.43,139.71,215.44,265.47,227.85,167.82,107.18,89.317,82.801,99.224,95.78,102.49,77.69,94.213,71.089,56.523,60.613,78.136,76.085,92.684,99.306,116.71,115.26,121.23,93.233,91.351,106.77,118.67,111.56,126.29,113.6,98.387,98.395,95.231,120.59,134.46,141.52,186.58,143,158.36,177.56,182.73,190.73,187,180.71,197.68,242.97,208.83,191.31,171.86,196.95,201.31,185.51,183.02,203.88,217.82,165.65,158.29,163.88,176.53,155.38,145.41,136.87,151.24,179.49,205.99,205.03,185.85,190.67,201.42,187.9,128.37,126.63,151.16,164.93,174.91,172.86,166.38,135.71,148.93,135.11,188.87,254.57,246.07,224.09,196.83,198.59,187.5,201.74,220.94,252.76,279.89,262.46,238.15,209.26,194.82,209.51,165.98,118.79,111.49,120.64,110.66,107.98,117.01,128.49,133.01,130.48,109.09,100.97,99.652,109.56,142.24,158.03,170.94,172.63,145.1,111.53,73.086,104.16,124.47,177.76,205.73,194.66,197.76,166.46,173.2,188.37,150.73,146.51,149.88,150.5,123.23,121.69,139.09,201.75,256.85,238.43,250.1,249.9,210.21,180.45,184.39,168.04,162.18,152.68,168.63,159.01,131.05,146.65,178.15,219.63,192.5,211.5,150.07,104.1,147.48,132.63,85.366,126.24,185.85,191.05,154.16,93.813,48.571,39.577,46.126,45.498,43.024,45.601,46.185,45.878,50.724,54.379,47.544,51.935,68.236,106.77,175.18,202.06,169.12,129.14,118.76,205.18,217.65,155.02,133.91,109.14,92.825,114.61,148.48,139.96,141.92,157.66,183.29,193.52,206.26,217.28,142.85,102.26,94.203,72.654,66.756,51.053,49.929,50.314,58.357,78.915,70.983,56.892,60.729,74.602,81.016,104.82,107.85,88.748,66.786,62.066,83.962,87.248,69.275,90.395,78.898,67.83,65.483,67.904,66.692,66.218,65.049,62.643,56.505,64.178,81.01,81.72,80.987,75.608,90.587,93.879,79.382,82.45,66.392,67.755,65.696,78.525,76.86,125.36,133.58,119.21,108.52,90.014,91.665,78.069,81.004,69.659,68.435,62.623
7.5,71.713,63.675,66.866,68.015,69.265,73.261,77.838,83.303,87.232,98.734,110.62,98.622,94.362,91.344,87.608,103.87,140.22,135.85,147.34,173.8,157.56,146.21,134.68,125.96,120.18,98.301,106.29,121.9,147.83,184.31,156.11,126.72,111.6,98.551,98.859,125.51,83.313,67.552,63.511,74.138,62.616,66.93,80.569,80.852,80.092,82.446,85.411,95.869,96.098,101.63,54.118,55.527,54.812,50.926,58.852,49.634,54.746,58.572,60.625,61.801,60.724,72.251,69.727,60.554,69.68,72.211,62.139,81.815,66.654,57.792,53.025,55.171,63.276,72.967,90.943,70.85,53.852,50.773,46.539,57.987,98.428,84.571,90.431,67.54,97.959,136.59,156.38,185.6,171.54,191.77,210.33,253.25,271.19,251.61,225.87,161.54,80.347,53.41,66.743,122.39,97.031,59.788,74.445,91.755,121.55,97.145,133.12,193.15,247.85,249.77,250.69,227.81,173.11,116.78,96.368,121.72,122.22,135.02,120.73,90.295,65.9,64.107,72.005,64.152,77.254,87.038,92.332,84.161,97.004,114.99,116.21,102.06,125.38,163.36,195.54,133.05,117.95,104.34,119.02,139.11,139.09,134.7,168.11,192.89,174.22,188.6,234.83,215.49,248.99,257.8,225.41,231.59,217.97,177.31,177.04,187.12,198.91,190.43,177.25,192.25,181.47,149.21,119.63,114.29,86.625,82.623,102.17,115.75,136.68,162.59,168.04,179.01,201.34,214.06,218,203.09,180.81,154.9,145.62,134,142.23,126.47,140.42,112.92,89.509,104.65,155.05,172.62,202.66,218.5,202.84,217.13,244.45,233.94,236.6,256.23,263.2,216.53,199.84,169.43,156.37,153.26,128.9,101.32,92.507,79.293,82.996,90.015,97.442,134.27,137.68,112.85,116.5,109.09,110.36,125.61,167.18,210.08,211.04,168.87,100.28,85.294,86.359,89.37,115.2,147.04,161.05,183.31,158.14,140.41,104.58,104.95,114.82,124.7,121.91,131.97,95.854,81.536,79.995,96.919,128.54,161.67,192.27,217.56,216.3,231.93,256.12,224.85,148.68,100.93,71.455,56.276,50.853,53.81,57.033,92.963,128.69,169.87,141.89,89.397,94.628,111.15,105.26,106.6,115.34,80.014,61.429,54.235,43.691,40.221,36.517,35.652,37.257,41.794,44.076,61.755,52.427,42.248,56.922,72.908,52.913,83.404,140.37,128.66,132.6,138.35,139.29,230.55,227.5,200.92,158.49,124.22,111.65,117.84,139.21,122.45,114.22,117.86,137.93,153.41,190.3,188.23,133.75,97.479,104.78,66.201,48.09,50.817,52.438,50.936,52.53,48.798,53.056,53.754,56.644,54.637,63.389,91.519,88.653,102.79,101.35,86.454,80.659,80.626,69.838,69.26,68.868,62.545,63.81,67.723,70.516,67.361,67.63,68.253,67.845,61.978,65.692,64.136,77.216,92.224,81.063,75.879,65.742,60.044,57.804,66.06,58.375,85.635,121.51,123.92,135.85,116.68,89.955,77.609,79.164,85.41,85.817,93.93,77.305,73.251
8.5,69.534,73.534,96.633,95.71,81.226,72.345,83.811,94.939,92.586,93.873,98.456,99.621,101.33,96.492,102.9,101.55,113.12,128.38,139.55,161.1,134.89,124.65,134.62,143.32,123.31,117.2,118.44,129.33,147.88,124.99,110.2,109.89,106.04,86.824,77.257,95.418,86.385,68.946,71.081,71.167,66.275,67.033,73.233,87.032,88.773,92.348,95.275,113.28,119.87,110.94,70.798,46.846,46.21,45.252,48.189,47.03,49.117,48.879,50.582,51.205,49.436,55.372,69.372,61.717,58.031,61.901,68.764,90.914,70.375,59.469,53.303,54.963,57.542,56.422,61.297,59.745,59.661,92.898,53.288,52.822,92.811,75.111,111.15,107.16,101.24,160.71,204.27,211.34,198.94,169.23,171.79,198.58,260.9,243.66,187.95,120.35,72.652,53.436,102.54,113.11,81.566,85.047,100.03,126.04,123.16,137.89,133.73,135.04,175.52,208.19,209.28,173.21,135.96,156.6,131.46,108.3,112.38,132.41,85.924,62.571,60.402,60.058,54.559,83.754,76.899,99.059,81.039,75.036,97.703,106.13,137.8,163.02,159.26,180.03,163.09,136.69,134.87,133.29,181.43,215.92,145.65,145.85,158.8,133.1,165.61,179.51,186.42,186.59,205.02,221.76,229.04,193.95,196.11,163.11,137.89,141.29,141.03,134.46,142.02,124.41,128.11,119.32,114.66,130.6,132.53,103.34,94.403,101.36,92.911,110.83,103.74,127.28,145.25,136.49,148.9,161.28,167.08,132.3,112.64,107.21,94.611,103.62,125.78,130.22,96.369,87.652,133.77,147.25,125.67,146.26,165.4,202.57,223.95,195.35,204.76,214.85,219.12,174.05,143.02,112.46,104.02,95.352,77.512,78.539,69.535,82.305,86.218,86.551,80.048,86.816,117.54,122.35,117.91,110.15,133.3,108.53,106.08,121.41,153.52,168.46,112.88,78.264,85.168,94.005,87.224,99.212,112.86,132.85,131.7,139.05,122.61,86.156,63.899,63.175,76.89,92.761,87.786,71.32,60.029,59.221,65.138,71.64,83.507,87.164,92.895,101.81,132.68,123.56,105.56,76.668,63.38,61.902,62.316,54.785,55.675,58.233,57.47,67.628,88.891,89.294,110.66,117.21,105.47,65.96,52.242,52.339,52.187,46.377,47.239,39.647,37.098,39.932,37.493,37.418,36.957,41.094,66.109,107.66,136.72,98.131,70.635,81.842,107.63,97.15,87.688,87.818,128.67,208.57,223.97,207.31,166.39,156.47,131.54,123.61,131.28,144.2,131.83,120.32,144,150.92,138.87,149.64,130.41,95.156,78.689,65.407,59.236,51.568,53.671,53.018,48.671,52.402,71.009,67.615,72.075,62.214,80.399,89.271,107.63,101.43,73.186,89.901,99.219,89.185,84.96,79.435,75.823,75.069,70.984,70.503,71.412,67.253,66.429,71.485,71.799,63.436,58.363,61.952,70.325,63.818,64.823,58.206,48.314,53.872,56.02,63.023,63.339,90.003,86.84,107.32,108.8,81.68,71.188,71.967,71.068,72.387,73.575,81.835,85.399,76.363
9.5,80.999,78.423,97.149,94.795,84.222,94.275,100.48,93.439,87.473,106.19,113.75,116.31,124.91,125.21,119.78,108,94.151,99.386,108.63,102.98,95.145,100.85,119.62,124.78,120.67,133.83,132.99,142.34,128.69,99.976,95.214,91.463,86.192,79.829,89.272,83.821,74.798,67.981,67.843,66.778,66.94,71.044,78.734,88.413,90.607,96.802,97.597,109.39,115.28,107.94,99.897,46.796,46.228,48.71,49.901,56.167,53.403,57.385,60.745,60.869,59.349,67.322,69.778,69.269,66.783,58.12,56.086,70.082,58.451,52.479,54.798,58.437,59.968,64.596,64.794,67.289,74.837,81.208,85.107,61.548,73.665,62.727,102.42,125.98,65.87,80.414,170.99,121.74,134.01,126.85,132.26,141.01,197.59,231.79,212.91,159.51,77.709,50.291,100.97,105.29,120.92,134.61,88.731,120.26,134.17,143.75,129.98,89.729,92.898,117.15,134.91,128.64,110.42,87.009,75.069,72.609,65.091,77.529,106.16,77.876,51.264,50.103,75.377,101.81,73.72,97.077,79.159,86.563,81.685,83.509,112.57,155.08,160.95,149.83,152.05,151.63,143.16,162.93,197.51,191.8,174.65,161.84,136.76,95.124,70.548,68.733,71.451,71.361,67.625,78.049,122.69,135.63,108.35,81.218,85.121,87.527,76.432,82.642,85.168,99.571,120.32,114.66,106.43,109.24,118.58,108.94,92.459,88.173,80.563,73.889,71.232,67.219,75.262,83.075,92.821,98.964,91.047,69.912,74.765,75.619,92.039,125.05,148.89,159.43,136,112,107.26,103.96,125.05,150.44,151.07,170.08,164.13,163.24,151.32,169.34,156.99,116.59,92.346,80.05,81.625,73.312,67.685,62.28,68.735,77.181,82.029,79.041,76.196,77.244,67.134,74.831,96.739,101.99,102.28,109.24,97.482,90.049,84.941,124.73,110.01,97.911,84.216,69.354,81.664,94.412,128.33,136.87,126.48,114.21,126.7,100.47,78.287,71.429,66.291,60.586,63.757,61.855,52.606,53.332,62.421,55.896,59.22,52.484,52.532,51.734,51.82,52.716,51.804,59.139,59.66,66.108,56.544,51.832,56.729,57.037,58.385,58.725,53.019,81.426,110.96,82.286,59.373,48.07,65.422,60.671,52.922,54.649,53.399,48.589,43.425,42.895,38.497,38.891,50.109,74.339,123.54,156.63,102.2,93.771,141.08,186.91,116.21,60.229,75.656,65.739,93.051,121.32,107.09,168.29,153.68,126.59,98.702,90.196,103.24,126.23,118.36,147.54,152.55,163.05,165.39,70.42,56.234,57.347,64.152,54.323,51.075,48.614,54.912,52.509,44.941,64.913,87.124,82.288,79,87.704,96.75,98.329,112.15,122.18,78.699,74.701,82.517,91.808,83.433,82.3,85.794,83.011,77.975,77.295,74.231,73.12,71.635,68.093,72.698,71.475,62.191,59.124,56.876,55.061,55.999,52.574,49.448,48.972,51,55.394,56.833,67.479,67.3,70.844,70.092,66.538,67.022,71.534,76.149,72.611,73.616,80.576,87.078,84.405
10.5,88.448,83.407,85.995,90.539,92.691,109.87,103.27,110.24,108.3,122.94,139.25,142.07,130.22,113.75,105.1,95.403,90.853,86.859,97.99,99.573,95.568,95.536,118.1,129.31,146.72,126.7,118.59,121.66,110.98,95.195,87.911,81.535,83.236,81.81,73.805,78.941,74.008,67.523,63.859,61.275,67.123,73.721,79.231,85.775,64.926,85.418,84.973,96.989,107.25,107.93,103.46,58.672,51.323,55.047,54.4,57.425,59.554,62.09,66.664,69.515,69.223,70.185,68.589,71.207,67.467,62.877,58.469,55.25,54.556,52.766,51.185,56.097,52.207,50.851,61.45,61.264,71.82,74.542,80.491,74.455,54.42,52.7,58.329,70.029,48.361,54.04,68.298,54.58,61.671,93.985,96.469,102.84,116.25,138.78,122.72,85.689,70.11,55.609,92.962,123.84,139.99,125.76,82.24,107.07,135.86,125.04,98.054,70.711,60.019,65.429,70.216,71.248,80.522,62.389,71.188,60.448,53.995,44.413,54.472,70.265,48.431,44.6,68.336,96.935,82.687,86.995,69.523,78.329,81.097,76.156,83.111,105.3,112.94,98.768,98.621,112.13,105.78,113.78,149.23,135.81,109.27,102.31,98.094,78.52,71.004,65.111,64.792,60.83,64.97,78.579,82.807,60.816,62.493,70.265,58.203,68.077,69.776,81.712,87.908,100.48,100.83,95.823,84.656,82.675,75.493,77.216,72.598,64.899,62.871,65.06,60.745,63.016,58.977,62.526,69.358,85.091,95.074,81.026,73.132,78.413,90.633,100.58,99.924,101.67,99.121,94.044,108.53,116.63,130.69,150.05,159.61,175.82,165.78,148.94,133.82,129.08,119.53,103.57,90.71,96.623,84.377,77.32,74.541,81.298,86.808,75.528,73.031,83.493,86.386,86.686,91.242,85.294,77.896,70.594,84.158,115.61,130.59,108.05,76.229,84.507,88.199,92.382,76.416,69.573,83.611,91.958,95.397,125.8,132.07,110.55,128.11,114.85,87.944,76.255,66.416,59.827,53.53,57.95,52.758,49.344,49.62,47.545,51.9,49.188,50.628,45.345,45.992,47.623,44.126,45.107,46.529,49.76,50.238,43.895,42.533,43.124,47.251,52.374,57.878,54.331,54.536,60.931,49.895,49.842,49.104,56.937,49.062,52.718,51.889,41.833,41.058,39.93,37.748,42.747,75.856,125.54,120.48,59.007,56.484,56.548,77.856,98.842,70.479,44.225,52.372,69.622,87.449,95.14,82.067,115.17,119.23,91.612,71.206,86.519,57.959,63.133,100.79,103.03,150.76,134.21,113.3,69.353,73.622,82.616,63.904,63.145,55.001,61.961,57.004,47.609,48.586,66.906,73.068,78.07,74.314,69.465,76.521,83.331,92.135,107.83,82.389,83.704,91.18,88.785,84.815,94.762,104.71,112.45,115.25,102.07,98.355,91.855,84.652,82.338,75.859,75.424,74.124,67.868,61.394,54.234,46.745,48.552,47.841,52.955,52.987,57.697,64.891,65.802,67.138,66.553,69.536,70.321,73.9,77.786,79.944,80.426,79.271,81.21,82.169,87.735
11.5,89.325,85.165,88.046,91.267,101.91,109.96,105.81,112.5,111.19,115.53,127.69,123.15,125.09,106.7,92.585,100.18,97.366,96.445,93.857,105.04,101.34,94.054,114.19,136.49,137.26,128.16,115.49,112.2,107.49,94.84,85.677,83.873,81.214,82.912,77.734,72.569,77.431,61.276,60.916,59.21,66.294,66.878,66.991,68.653,51.827,48.568,48.435,50.601,53.507,59.966,88.428,55.675,48.702,50.572,53.912,54.65,56.412,55.153,59.734,63.279,58.921,61.817,65.474,66.431,63.495,56.336,51,50.263,49.651,49.431,49.328,48.021,53.725,52.808,52.333,61.229,69.887,71.049,72.698,77.736,53.485,53.738,71.925,84.687,68.922,86.377,126.46,136.12,70.537,98.118,83.34,82.975,90.849,90.672,84.383,78.446,68.143,74.075,97.816,142.98,157.76,118.63,96.432,106.51,116.33,107.66,80.557,75.429,85.303,71.775,58.766,54.438,63.926,69.647,68.372,71.982,57.63,51.562,43.135,43.071,47.215,50.145,95.112,66.678,98.762,85.489,55.486,60.629,65.158,65.393,67.28,72.196,86.04,74.005,74.16,77.346,78.839,84.173,82.506,76.076,74.94,62.228,64.537,54.38,61.168,57.538,60.121,58.765,61.103,61.397,60.836,61.723,58.481,52.962,50.516,52.508,56.315,67.168,59.104,58.526,67.968,65.923,71.692,74.146,69.103,71.056,75.239,76.393,72.835,76.74,66.817,73.912,61.956,55.333,58.875,70.073,86.195,113.49,95.244,75.916,82.591,100.96,106.83,111.95,117.96,110.54,132.7,151.79,155.64,154.86,162.7,192,215.49,215.31,163.68,125.41,125.41,108.25,108.5,111.21,117.08,104.2,108.17,108.32,107.96,101.74,102.11,106.54,100.41,82.954,72.783,69.725,65.795,58.204,53.402,68.654,73.19,91.179,86.644,87.791,90.361,93.436,76.674,85.803,83.329,81.26,78.691,93.908,107.04,120.77,115.21,116.48,104.1,75.811,63.846,65.273,68.639,62.757,57.028,55.998,54.139,51.074,48.559,59.63,57.531,49.375,44.666,44.074,42.929,42,40.854,43.216,40.764,40.006,36.978,38.159,41.296,41.669,44.004,52.222,66.233,46.979,43.378,45.501,42.014,47.746,49.03,51.521,46.445,40.071,40.778,40.414,38.427,59.866,84.129,110.97,69.44,48.461,51.282,54.241,58.386,49.909,43.05,42.191,42.051,44.332,66.294,75.728,85.028,67.178,71.202,60.955,59.375,60.748,46.691,47.354,52.835,55.586,58.192,61.046,52.153,48.725,52.22,55.971,54.954,72.747,85.223,65.67,69.07,62.898,47.786,61.6,78.739,96.008,98.611,80.237,80.481,82.504,82.024,76.152,108.29,101.33,104.99,102.06,117.76,138.95,148.68,141.1,143.76,144.28,145.97,140.09,118.27,104.09,97.952,90.791,84.781,77.521,68.675,58.278,46.286,49.069,48.373,60.861,60.569,65.127,68.25,68.965,68.304,68.732,74.68,73.235,77.802,80.294,82.273,82.187,85.896,86.851,91.225,93.114
12.5,101.23,98.655,94.301,101.84,101.24,100.82,104,109.23,118.39,117.97,118.07,130.86,126.17,116.79,106.16,108.93,108.22,99.783,101.42,109.95,128.51,131.53,114.13,126.94,124.75,122.2,115.09,112,108.3,100.85,96.449,94.237,91.683,84.324,82.071,72.937,72.189,59.06,56.524,58.23,65.49,66.879,66.934,71.464,57.671,51.594,46.228,43.835,43.054,41.214,42.296,43.152,49.564,55.753,62.891,53.883,51.834,51.141,52.211,55.181,55.102,60.571,56.586,57.104,57.754,57.246,52.663,54.072,52.713,50.368,48.79,49.154,55.663,60.723,54.216,63.349,70.977,70.371,71.71,76.439,56.363,68.736,73.974,63.062,64.29,77.881,93.799,143.92,113.56,79.637,100.34,74.869,75.653,73.874,95.039,97.244,87.276,73.743,94.955,141.8,136.81,118.12,116.73,102.07,100.21,93.263,79.191,75.625,89.265,84.823,58.113,52.525,49.585,55.27,59.473,54.789,47.397,45.077,42.168,39.963,47.08,75.391,63.834,77.671,74.448,61.443,52.381,53.857,57.995,62.634,60.31,58.233,68.508,68.346,61.037,60.115,69.134,74.134,88.107,72.228,50.77,49.641,54.331,54.508,56.794,61.769,64.005,61.918,51.962,50.242,52.38,54.92,52.656,49.439,56.73,63.224,53.297,52.333,55.228,62.084,63.356,61.396,57.493,56.535,55.251,67.246,77.277,73.733,70.689,74.128,74.597,66.929,57.519,52.166,50.298,52.944,62.484,77.749,100.71,104.3,93.02,89.59,110.38,135.04,162,146.55,156.56,181.81,195.17,189.81,193.47,193.29,186.02,180.2,182.77,150.62,150.21,99.727,87.026,90.881,106.64,111.21,115.14,110.57,105.21,116.19,110.4,103.52,88.589,83.115,74.587,72.724,70.418,70.09,54.216,51.542,52.934,60.333,81.211,79.827,103.08,102.43,95.91,90.002,97.199,78.617,83.513,86.787,89.435,102.55,110.02,124.04,103.71,71.624,66.622,76.829,76.384,69.813,70.617,65.196,55.206,62.344,65.421,70.923,64.128,63.884,56.409,51.667,48.308,46.651,47.071,42.802,41.155,38.435,40.353,39.888,39.859,39.112,38.466,40.387,46.553,65.603,44.532,38.822,39.799,42.397,46.445,41.83,43.409,41.872,43.507,39.433,48.222,90.899,100.21,114.19,75.584,52.177,49.917,54.018,58.698,50.341,46.103,46.274,46.801,44.828,43.827,43.43,60.238,53.545,61.392,67.636,60.799,63.419,52.102,45.716,49.031,49.779,47.268,47.448,53.699,53.767,54.825,54.716,58.713,75.518,72.606,53.292,52.439,70.881,72.896,58.133,61.413,87.774,105.47,100.04,89.202,75.392,90.346,95.592,99.705,95.817,105.57,104.93,106.76,122.57,129.83,128.14,141.84,146.55,142.59,136.62,129.14,111.31,102.85,113.36,114.83,97.627,76.09,61.099,55.801,48.162,52.977,67.661,67.01,70.116,68.635,68.012,70.059,70.894,71.664,77.06,82.471,88.945,92.489,90.375,91.355,94.806,101.36,107.06
13.5,107.15,110.08,115.42,114.65,117.85,108.95,112.93,128.35,124.05,123.96,126.17,139.44,133.1,112.32,116.06,132.67,122.25,120.7,124.56,119.56,124.72,130.75,122.18,126.98,117.01,122.36,116.02,110.21,109.55,109.4,111.11,111.6,91.324,79.538,77.585,75.281,72.228,67.46,64.694,69.164,68.93,63.134,60.352,68.289,70.1,66.012,72.116,63.011,50.322,44.803,45.401,45.317,45.974,42.136,46.113,49.406,50.079,48.299,45.44,49.185,49.271,51.869,51.586,49.709,47.738,45.622,47.137,47.466,46.854,48.19,48.701,49.412,50.912,55.717,58.718,64.791,74.846,75.915,71.368,74.629,65.556,61.229,70.985,54.41,53.825,61.666,77.906,109.84,147.73,104.49,114.38,71.225,73.027,72.467,95.684,114.13,141.15,109.88,87.917,102.97,81.283,109.42,106.4,104.71,106.54,80.814,75.083,74.86,99.734,74.137,47.18,50.789,47.719,44.937,49.402,47.428,46.151,42.295,40.08,40.723,77.379,104.32,82.49,88.898,58.587,44.9,44.87,50.088,53.065,51.864,61.44,59.164,60.888,57.138,58.765,57.266,57.947,58.58,61.101,56.829,59.702,55.641,53.405,52.851,51.2,45.293,57.206,62.545,58.025,50.998,51.506,51.758,51.682,52.65,61.575,73.083,55.191,54.919,52.385,58.681,57.328,57.706,60.878,59.194,65.854,71.504,69.971,68.816,66.5,67.225,76.213,65.533,65.496,64.046,67.688,60.857,76.727,71.56,69.519,75.008,86.445,78.281,83.689,95.447,126.03,156.09,150.09,164.85,175.08,189.3,182.64,164.77,175.69,174.84,164.23,158.63,131.22,86.222,66.306,76.898,78.716,79.173,95.521,114.05,111.31,96.932,93.462,90.795,75.644,65.512,74.655,70.565,74.601,60.256,74.099,74.78,77.115,70.076,69.344,75.016,102.87,145.19,156.29,148.41,127.99,128.07,131.39,102.42,77.409,75.823,75.205,102.35,82.49,66.474,67.791,78.753,86.386,82.342,91.193,84.244,82.759,82.247,84.839,78.577,74.533,67.073,64.054,63.295,56.066,53.852,48.765,43.121,40.655,38.601,37.348,38.203,37.806,38.987,38.174,40.744,42.241,42.771,41.92,41.5,37.414,38.184,43.088,40.538,40.402,46.682,57.115,63.213,65.79,85.446,105.89,99.766,82.859,57.833,53.949,53.862,52.26,52.459,47.773,47.552,51.104,51.177,52.674,52.291,52.382,49.696,49.439,49.981,54.807,50.274,49.964,47.27,46.512,47.233,50.47,54.204,55.669,72.818,65.65,77.39,68.385,72.474,59.627,54.321,59.259,69.596,86.438,116.05,96.737,71.771,76.953,72.167,109.91,113.67,92.989,70.091,89.523,98.358,84.898,91.472,88.817,83.332,82.779,84.559,86.981,93.584,98.582,97.717,101.16,104.66,89.862,80.793,99.845,114.52,97.585,64.725,56.66,48.395,54.603,78.004,83.043,83.992,76.32,73.055,75.45,76.663,77.089,84.046,91.969,94.046,95.697,96.76,95.252,98.603,102.97,102.1
14.5,115.78,113.53,118.14,126.25,128.61,118.45,132.13,136.06,135.51,128.47,125.01,131.65,129.3,153.98,136.4,131.93,142.26,133.97,118.24,117.68,127.59,121.17,122.27,118.68,123.3,124.27,121.69,125.7,123.48,123.95,117.78,120.11,92.466,81.511,78.216,79.408,81.973,78.82,76.124,69.083,71.655,55.917,52.042,70.032,73.16,79.43,90.883,105.48,98.93,63.156,48.568,44.338,44.796,44.814,45.319,42.941,43.518,48.077,45.065,45.458,46.532,49.528,48.564,47.218,50.524,51.586,48.915,47.89,45.84,46.638,48.488,47.388,52.906,56.198,62.961,72.167,78.715,80.815,74.486,71.716,58.207,56.161,61.205,63.511,58.194,62.02,72.061,88.947,93.768,112.2,103.87,70.397,66.067,78.749,80.481,97.495,119.37,121.63,91.354,83.015,88.646,100.92,108.12,97.184,88.868,75.842,76.159,72.532,88.39,61.869,50.225,47.63,48.811,53.506,49.091,50.035,51.331,47.894,41.323,39.634,86.661,135.1,128.55,102.52,61.292,46.741,46.438,50.269,50.521,48.94,45.326,49.946,49.583,48.275,53.563,56.85,54.828,60.086,68.621,52.728,51.233,55.215,52.932,57.824,56.45,48.356,50.657,53.368,52.151,51.023,62.638,64.107,57.767,64.258,58.651,46.526,42.563,45.66,46.169,52.208,54.384,54.015,54.749,61.654,64.997,63.187,57.245,57.725,66.057,75.418,65.285,63.964,63.932,86.816,102.74,92.516,73.95,91.752,87.874,79.232,83.517,72.93,83.449,98.551,104.18,83.312,89.256,112.95,132.76,171.15,155.61,150.34,143.52,148.23,154.37,142.96,118.28,101.36,98.409,92.375,80.463,73.436,74.366,85.517,97.513,81.132,64.507,70.319,85.629,67.325,61.223,70.781,79.444,75.672,73.489,75.989,83.133,80.795,71.363,85.37,86.043,91.852,102.72,116.68,160.7,181.08,189.05,184.83,147.35,114.26,81.988,88.848,98.938,87.417,85.262,77.73,82.886,92.29,97.184,115.87,114.19,119.84,112.63,95.517,74.653,59.704,51.268,61.21,65.578,58.816,49.968,43.065,38.053,39.559,38.078,38.508,37.919,36.327,39.025,38.156,39.864,40.718,40.934,40.868,42.637,38.371,66.772,69.913,95.502,79.343,84.69,68.733,59.779,81.305,105.52,109.5,88.453,54.022,51.958,51.217,48.857,45.918,49.877,49.708,50.362,53.131,52.462,53.357,51.889,47.484,47.116,49.976,49.083,48.348,48,44.376,42.867,49.254,60.041,51.58,50.327,59.856,59.038,70.191,69.465,56.389,56.055,52.241,57.597,70.057,133.17,152.82,128.92,79.171,80.578,99.974,88.307,100.71,129.71,100.38,83.18,98.512,103.62,71.001,76.272,77.659,65.282,65.63,65.162,67.105,68.271,70.686,77.176,78.361,71.261,58.269,68.387,111.63,113.13,76.504,59.105,60.273,56.604,97.745,97.678,97.183,91.613,87.967,92,88.559,94.827,90.497,95.602,96.342,98.776,92.404,101.78,105.46,109.39,112.18
15.5,112.13,110.8,121.28,121.52,123.24,122.82,138.31,139.85,138.58,142.6,142.81,151.39,158.88,157.75,168.23,173.15,171.91,156.2,150.11,135.3,126.19,118.73,119.3,121.62,124.63,121.93,125.64,130.02,132.44,121.99,123.8,121.9,109.37,93.662,79.234,77.35,91.836,87.865,79,73.839,58.074,45.909,60.329,81.916,82.802,108.35,124.29,123.12,119.43,109.46,99.474,97.734,50.008,44.436,42.452,42.285,42.797,45.49,47.596,48.485,47.585,49.228,45.129,47.819,46.197,49.231,47.83,49.863,45.9,46.973,45.82,50.041,56.409,66.046,75.283,78.087,74.141,76.291,77.333,79.502,62.867,56.484,52.972,55.026,59.819,55.225,55.897,85.388,85.471,87.52,81.141,77.806,67.641,66.831,72.719,84.788,90.962,88.781,86.917,86.021,85.979,89.422,94.325,92.492,89.997,84.532,89.389,93.373,94.229,57.286,45.821,44.803,46.249,55.183,50.247,50.823,49.494,47.944,43.942,42.936,88.667,112.12,60.777,75.917,65.417,61.29,61.844,48.976,45.073,45.432,45.066,41.742,42.127,44.713,49.351,52.003,50.57,60.61,66.879,54.816,50.78,51.287,53.121,56.132,54.632,48.276,48.245,49.926,52.689,52.629,59.396,60.044,52.587,52.527,47.75,47.446,53.794,52.024,73.686,78.899,80.03,72.224,76.306,79.736,81.95,64.05,52.195,46.575,43.931,43.959,42.433,45.71,48.077,52.328,57.815,70.175,68.07,62.653,59.149,64,91.585,92.698,77.83,79.76,94.577,99.493,100.04,118.78,123.61,129.75,132.68,133.5,111.45,98.165,98.453,118.51,125.8,130.98,122.62,97.03,84.333,72.983,74.549,71.912,64.618,58.299,55.091,56.527,53.972,68.01,68.103,58.926,66.775,79.147,75.382,72.5,76.287,76.409,76.255,87.219,95.244,99.559,88.004,97.204,126.11,149.93,162.21,153.73,156.03,160.11,148.44,131.69,104.1,93.683,107.47,94.697,91.675,83.22,90.356,97.238,122.68,105.21,108.49,87.563,76.775,57.587,57.358,70.455,64.855,63.039,56.731,52.713,45.904,40.433,39.603,39.11,41.275,39.378,40.415,41.51,45.982,39.794,37.852,42.141,41.689,38.34,66.071,102.47,80.284,83.932,76.009,66.879,67.344,64.807,82.487,92.635,56.584,50.217,47.753,46.981,45.672,50.146,49.986,46.755,46.298,47.888,54.654,59.138,53.848,52.592,49.073,47.839,49.926,48.406,46.719,44.769,43.479,55.11,87.733,65.588,61.864,68.791,69.85,72.363,65.591,63.533,66.783,64.691,66.891,77.131,110.31,109.59,105.04,76.012,70.014,73.448,75.947,70.663,72.129,85.414,78.61,72.612,91.325,89.716,77.444,66.551,66.236,62.805,58.473,56.708,63.646,67.561,76.493,74.178,65.39,67.441,84.196,80.79,86.781,82.587,58.425,61.595,61.544,93.224,109.49,108.53,106.11,109.21,110.89,109.72,110.52,117.37,112.7,108.65,117.91,105.79,116.04,116.59,118.02,113.46
16.5,112.02,113.6,111.09,118.21,125.63,123.43,125.46,119.77,130.95,149.12,161.9,165.59,177.78,168.27,175.88,182.3,191.01,182.68,154.33,149.49,136.67,124.04,118.53,133.23,145.31,139.61,137.63,138.66,137.23,132.96,129.56,120.32,119.69,103.76,88.088,90.512,89.803,83.548,78.226,70.438,52.919,51.599,66.808,88.026,89.868,122.2,128.8,126.67,114.2,120.39,131.42,117.99,95.465,54.378,49.38,46.445,42.685,42.301,45.214,44.914,46.839,46.278,44.87,44.218,44.863,47.557,45.713,42.17,41.941,43.141,44.914,46.098,53.445,69.509,69.087,70.214,73.453,78.356,77.764,76.049,75.738,73.021,56.826,52.122,54.209,55.853,65.811,65.838,98.693,92.558,81.28,75.988,66.983,69.026,75.626,83.37,80.022,87.106,96.909,99.801,87.87,89.483,82.89,85.754,85.669,83.546,94.74,101.68,64.797,54.001,47.532,50.12,51.609,50.586,62.67,61.042,62.971,55.787,42.4,42.515,76.73,108.39,74.137,66.451,89.426,81.293,62.288,52.38,50.014,52.593,50.671,50.269,46.407,57.044,44.846,45.584,49.72,49.479,53.09,50.836,53.004,54.719,53.445,51.631,50.965,48.641,54.186,50.6,51.984,56.649,61.744,66.016,55.04,51.985,57.152,66.589,97.101,112.81,73.68,76.764,77.304,73.453,54.186,51.896,49.808,49.392,50.253,47.874,45.968,53.98,47.599,60.636,53.838,48.72,49.589,50.309,45.953,50.418,48.913,47.626,51.99,79.151,78.002,59.854,78.013,72.907,91.986,128.5,142.36,136.41,148.06,126.71,107.87,97.527,76.374,77.999,75.807,81.548,80.26,87.19,73.743,69.718,56.542,52.656,46.906,50.85,48.481,53.879,51.505,54.273,61.799,64.089,62.561,62.047,81.722,77.575,78.576,73.77,64.689,64.685,70.869,85.926,99.529,111.65,115.95,124.74,137.9,158.47,146.78,137.97,144.4,146.32,150.93,126.95,110.94,98.131,103.32,94.734,89.818,105.69,94.765,116.44,94.89,78.788,71.009,72.539,86.061,88.171,71.272,54.845,53.417,64.363,51.99,45.291,42.181,39.146,43.393,40.223,40.552,45.963,54.771,64.565,63.704,65.458,66.425,70.025,78.402,81.195,70.998,79.668,86.643,62.856,41.529,39.96,41.171,44.22,45.047,44.646,40.124,45.991,62.178,91.8,108.96,120.28,91.56,58.315,66.28,80.219,73.607,62.618,51.277,47.438,50.107,51.015,53.973,52.152,51.938,67.249,63.043,54.663,54.568,52.336,54.806,54.183,52.011,53.355,58.088,66.178,61.645,60.749,56.687,65.36,78.68,93.5,110.99,126.96,128.5,117.69,84.493,70.87,79.933,80.349,60.106,60.401,65.118,55.994,56.146,54.907,53.829,49.257,54.063,58.152,64.688,70.332,57.569,57.126,65.876,73.934,69.434,61.458,54.323,58.866,61.407,76.465,119.83,110.39,115.4,110.71,112.52,112.08,118.41,129.21,109.98,119.66,132.36,132.43,126.39,128.7,122.52,115.76
17.5,121.35,119.17,129.29,132.08,132.45,129.27,115.9,100.26,101.98,131.99,159.67,183.51,185.63,180.01,169.02,163.19,157.43,134.57,148.98,142.02,144.9,120.7,116.08,124.71,151.72,149.07,140.21,135.31,134.26,136.71,124.03,122.47,118.75,110.41,99.899,101.36,77.914,83.774,92.939,61.439,53.779,49.766,80.448,80.412,104.88,138.49,142.3,137.68,121.43,125.57,126.91,130.62,129.82,125.06,113.52,77.834,47.313,43.553,44.077,42.312,44.065,42.738,42.709,43.194,43.65,45.313,42.629,40.837,40.635,41.578,46.964,47.16,52.394,66.771,66.153,71.043,71.617,79.14,78.995,74.437,77.227,77.351,77.809,62.375,60.761,58.836,59.567,62.015,79.878,90.303,90.969,70.692,71.92,65.969,68.96,80.331,72.845,73.76,87.334,83.703,82.388,85.441,87.414,82.975,76.963,81.547,147.74,81.065,59.004,54.627,52.314,51.107,57.129,61.186,67.94,59.165,61.119,60.154,46.189,41.779,69.045,86.402,85.647,53.763,86.073,98.144,92.418,80.548,58.773,57.643,71.66,89.678,108.5,97.008,55.808,49.676,47.283,53.91,53.014,53.41,53.835,61.918,52.337,52.573,57.815,68.897,67.412,50.785,51.655,73.081,67.891,60.749,50.341,60.241,73.789,104.07,119.74,96.873,88.975,114.65,104.81,82.577,68.711,63.917,56.762,50.668,50.551,58.737,56.315,58.288,67.716,74.385,78.593,50.226,48.788,52.457,42.447,45.873,48.51,47.957,62.462,56.187,60.85,51.155,57.45,60.381,88.868,134.52,144.19,122.54,147.74,117.89,103.66,99.468,80.101,71.356,65.903,68.555,69.636,75.708,63.851,59.272,49.421,46.147,48.099,50.8,57.479,60.298,72.152,77.813,80.793,73.378,85.814,78.297,73.166,79.71,86.771,95.853,102.59,102.13,100.7,108.9,118.98,120.28,118.92,129.53,149.42,139.52,128.03,147.31,152.46,160.79,149.55,139.08,146.64,124.32,105.08,83.233,89.669,82.257,79.608,74.913,89.341,83.96,82.672,85.454,90.164,83.533,64.937,59.756,53.602,54.743,59.998,57.701,47.227,41.35,40.455,40.372,52.527,77.842,72.012,70.712,67.308,81.507,77.011,62.393,74.478,104.49,90.209,86.068,104.39,90.233,42.778,47.876,45.846,42.104,40.74,43.641,51.108,57.323,62.387,96.146,136.75,156.04,135.47,100.36,53.642,53.12,63.471,51.35,45.212,48.399,54.823,51.687,56.365,52.101,61.607,67.79,55.608,50.917,52.442,51.119,49.686,58.708,65.534,58.719,66.205,71.834,55.193,55.394,68.173,85.139,85.345,93.921,83.441,70.899,68.154,53.396,51.882,51.783,52.996,46.775,66.172,69.763,57.936,58.843,53.238,50.874,52.73,55.03,50.709,52.919,50.527,58.052,62.249,63.051,62.328,64.404,71.499,60.959,46.607,46.965,55.447,70.279,129.72,128.77,122.01,115.41,119.9,132.77,140.52,147.87,139.16,146.94,164.13,165.35,155.4,148.76,143.3,138.95
18.5,129.59,116.48,124.78,135.72,130.74,134.08,127.37,113.78,97.969,118.15,165.7,176.21,171.7,175.69,177.66,168.34,154.68,133.19,127.77,128.37,133.35,131.75,131.08,135.21,148.72,153.55,138.05,134.93,134.46,134.66,120.92,125.4,115.25,120.23,112.23,94.302,83.734,98.959,81.024,62.287,53.689,63.847,79.46,89.252,120.4,141.28,144.53,144.94,139.09,131.57,132.09,134.86,132.51,134.58,139.29,140.74,111.82,54.153,42.282,41.386,42.462,40.705,41.441,41.97,41.099,43.936,41.783,41.903,41.67,43.98,47.263,48.563,55.681,65.569,66.674,65.078,66.115,68.03,70.693,71.908,79.033,81.464,80.871,83.922,71.656,67.644,68.443,69.881,67.097,77.423,97.602,81.414,65.908,66.894,65.759,80.015,75.295,79.567,88.734,87.036,79.556,90.587,98.721,88.192,90.755,151.78,154.15,96.745,84.966,110.31,77.05,57.137,48.297,58.801,76.841,75.428,64.634,66.035,68.362,60.955,50.333,84.533,90.55,64.707,63.155,60.677,78.024,77.092,81.7,68.547,73.025,90.145,129.95,175.41,159.66,102.17,94.493,66.738,49.531,49.341,53.292,98.228,76.155,44.943,60.897,113.98,113.09,71.404,51.081,83.984,77.963,49.165,45.259,59.839,76.499,86.138,89.398,60.657,45.799,60.903,62.745,58.981,61.258,54.333,53.296,57.951,56.483,56.758,55.656,54.898,60.875,71.035,72.589,59.052,51.59,64.531,67.744,64.551,73.058,56.471,69.843,73.044,60.246,66.788,103.62,71.641,59.79,89.483,114.28,124.63,164.21,192.11,210,159.19,100.16,87.182,75.598,67.145,62.578,75.428,67.691,57.395,51.653,54.474,60.426,68.87,61.848,63.39,61.119,61.156,58.001,73.95,85.259,83.893,96.559,94.716,85.705,92.031,91.535,96.075,93.979,87.981,103.84,136.31,136.23,128.26,131.38,115.45,116.42,130,131.91,129.68,131.96,142.63,114.67,107.52,109.23,89.194,95.742,101.77,99.729,99.372,112.01,102.21,97.725,101.65,95.093,90.306,75.413,74.736,65.879,56.708,60.608,61.998,58.882,51.226,59.057,63.764,65.305,68.317,65.315,67.158,65.602,101.74,78.515,54.076,59.409,80.76,82.818,82.573,92.428,87.332,62.288,47.666,39.994,43.112,44.514,48.241,41.802,41.518,44.793,71.767,93.766,115.1,110.69,117.7,78.488,78.655,83.435,112.78,89.371,70.217,63.789,73.989,58.072,62.042,57.569,54.285,52.722,50.44,49.727,49.59,50.533,55.539,57.392,52.052,52.734,52.07,53.104,71.009,102.43,127.27,106.77,78.334,71.321,66.759,59.349,58.291,67.441,69.167,54.618,53.723,54.214,50.202,56.426,55.872,55.508,56.641,48.589,48.577,53.19,56.58,48.163,49.688,52.825,52.6,53.039,52.667,57.147,61.023,53.364,50.667,55.708,68.177,140.22,141.32,139.89,138,126.02,141.39,148.7,155.54,163.99,166.49,166.36,170.55,165.19,155.09,145.8,135.95
19.5,122.53,114.61,120.84,134.82,138.1,138.04,131.95,117,113.51,156.38,167.87,158.59,160.83,162.02,157.29,159.53,151.38,118.87,95.937,113.3,139.95,139.88,134.36,136.9,144.16,145.25,139.54,139.58,136.95,131.11,115.03,130.89,128.85,117.26,105.89,94.88,73.886,74.705,60.09,60.119,57.522,74.981,86.155,97.052,122.59,137.89,142.77,142.05,144.39,141.67,140.25,139.73,136.2,136.21,147.11,155.55,136.17,110.66,43.817,41.68,41.798,40.812,40.651,42.249,41.952,44.024,42.895,43.985,43.73,44.702,44.877,46.078,54.909,66.998,65.886,65.227,65.215,67.178,70.736,70.996,73.568,75.588,82.208,89.209,97.331,80.223,76.075,72.184,68.271,63.872,75.067,86.212,78.414,62.675,69.777,78.472,76.081,81.62,82.309,89.41,95.025,91.079,127.87,128.32,138.44,174.24,181.64,110.96,114.56,115.3,112.2,74.24,62.782,59.401,71.116,84.657,78.861,80.321,131.73,125.6,71.849,77.189,107.17,93.714,77.018,60.82,60.693,64.2,59.832,56.856,60.209,78.699,100.72,128.95,165.23,168.73,169.15,161.14,114.8,76.297,63.751,89.637,103.7,72.324,59.428,79.528,77.273,79.494,56.458,47.524,47.736,44.486,40.309,49.301,82.896,70.067,51.508,45.501,45.01,45.563,49.802,62.803,67.341,47.085,51.793,53.135,72.869,71.589,62.672,69.551,71.19,65.793,62.912,58.794,75.747,79.018,76.596,73.01,62.028,71.111,71.455,81.094,93.148,98.759,100.09,60.938,44.534,43.859,49.499,72.427,102.22,129.76,165.31,162.56,143.93,141.85,121.38,103.93,83.802,68.191,70.705,65.626,66.948,58.37,72.186,55.708,52.791,68.434,65.384,64.473,81.869,89.025,84.762,76.98,85.672,92.473,103,131.22,155.38,140.74,123.05,97.14,111.39,110.41,113.73,99.18,95.472,105.08,114.82,123.02,132.21,128.36,138.01,141.85,131.45,117.51,118.52,114.96,120.55,109.91,109.51,108.55,121.02,122.9,119.81,119.36,117.83,114.11,117.84,99.441,81.87,69.249,47.687,50.899,60.644,72.82,70.156,68.518,64.645,65.307,72.031,71.188,68.448,77.907,53.971,54.883,52.581,55.641,46.72,70.318,77.205,76.96,63.57,46.481,42.241,47.63,50.027,44.643,51.374,62.486,54.901,47.632,49.888,56.678,58.41,43.176,43.579,75.938,78.587,105.36,63.71,53.186,50.193,51.588,49.26,50.856,51.032,47.921,48.495,50.223,49.176,49.404,48.808,47.949,51.693,53.641,58.085,63.091,63.29,80.82,94.417,98.828,90.636,103.27,105.14,101.42,91.181,93.018,97.961,89.033,87.598,75.101,64.767,51.468,45.143,52.671,53.845,63.684,52.831,49.889,49.11,53.659,51.07,44.567,42.872,44.345,45.226,49.255,51.981,64.24,61.384,58.411,55.082,83.268,132.75,122.41,123.74,130.1,146.84,159.03,154.9,155.79,159.05,160.45,164.27,171.58,169.86,160.17,143.65,126.22
20.5,121.33,114.31,113.82,126.07,137.54,138.95,132.05,130.31,131.98,159.29,160.51,150.33,146.64,145.02,137.09,133.15,99.851,83.346,85.059,110.88,143.06,136.22,141.26,139.83,143.53,141.44,142.9,144.78,144.81,135.31,116.71,122.37,122.8,111.41,101.93,98.021,79.837,70.235,58.528,69.691,74.993,74.032,99.196,113.17,117.84,122.77,137.14,131.14,138.61,143.22,142.83,143.82,140.4,131.36,139.15,143.38,148.57,124,80.903,45.324,43.57,40.695,43.348,42.111,42.806,45.752,46.264,44.66,43.162,44.363,52.555,48.734,55.266,69.218,66.051,64.624,62.102,62.179,65.91,68.872,73.158,74.678,71.68,79.461,85.852,93.128,88.989,75.953,68.903,66.723,64.851,62.046,72.378,74.773,84.545,84.171,76.372,83.735,89.274,76.833,73.18,83.705,110.52,130.83,137.05,164.16,196.21,125.83,84.722,111.49,108.36,75.93,79.35,85.733,97.067,103.06,123.3,106.91,158.81,162.64,121.92,97.615,88.114,70.37,63.549,81.813,73.876,55.677,60.565,67.602,76.389,83.412,73.346,89.01,122,138.83,161.64,186.64,202.26,180.37,135.99,83.621,81.65,60.929,59.556,52.39,51.103,83.708,87.024,51.289,50.945,51.334,72.372,95.536,68.729,48.233,45.937,45.607,45.703,52.523,54.027,58.12,50.428,47.922,55.325,56.669,68.706,56.413,54.855,65.585,69.239,60.471,61.014,68.111,63.354,66.96,76.779,94.531,97.951,73.184,78.487,81.436,85.385,106.96,99.577,97.216,76.821,54.463,59.603,56.776,61.006,89.683,116.25,149.85,159.01,150.39,164.22,149.57,120.65,96.82,72.551,52.157,47.791,55.794,47.733,43.22,47.145,47.942,56.736,63.735,65.025,65.223,69.551,71.493,65.055,73.176,89.113,110.33,134.99,146.12,154.35,127.33,110.75,122.19,134.56,138.92,138.21,137.96,146.4,146.88,153.02,150.85,157.02,141.36,139.85,146.02,149.84,155.3,147.24,151.75,153.94,145.04,140.64,130.64,130.36,129.67,119.18,122.24,125.76,120.88,103.84,73.555,58.687,53.61,54.398,76.225,89.3,88.881,81.749,81.875,77.812,69.074,69.478,56.035,51.392,59.788,54.181,52.695,49.626,56.928,68.54,70.259,72.854,51.093,48.063,51.959,48.78,57.868,90.825,76.882,54.746,48.646,66.327,77.444,73.07,57.645,46.315,42.462,51.242,55.13,49.811,52.628,48.375,48.465,50.311,51.959,49.928,47.467,48.324,48.565,47.11,49.262,51.107,51.223,47.706,62.994,70.427,65.369,88.46,105.94,105.92,76.282,46.947,50.436,77.289,93.019,109.15,104.09,82.563,78.8,69.236,74.448,76.121,99.388,93.144,59.208,46.699,45.094,46.39,53.011,52.802,42.914,50.872,45.994,44.35,38.735,39.948,39.532,47.203,60.347,68.889,83.404,108.51,113.64,131.34,144.82,127.94,122.42,153.71,155.35,150.38,147.97,147.8,150.85,157.48,162.5,157.97,154.91,145.17,126.88
21.5,137.01,128.36,124.89,130.48,134.39,138.38,130.81,138.68,139.32,148.36,149.71,139.75,125.75,135.74,133.08,122.32,93.274,89.44,87.414,108.56,136.63,133.87,138.69,145.16,131.97,132.41,144.38,148.24,147.65,141.6,128.37,114.78,125.35,102.16,93.022,87.709,84.366,59.452,55.988,82.472,83.239,94.094,94.322,103.09,113.87,122.95,133.01,136.5,130.4,141.23,143.61,143.24,141.21,130.08,126.72,122.89,121.41,103.4,119.07,84.736,43.41,40.356,41.676,41.694,41.802,44.049,46.105,44.671,43.819,55.199,68.759,68.651,63.028,67.781,66.805,65.915,65.187,63.381,62.51,63.84,65.232,71.225,75.935,72.513,73.166,80.933,83.365,73.099,77.671,68.57,70.139,69.272,72.052,68.506,88.388,90.613,75.455,82.352,85.219,82.303,80.022,78.897,97.254,132.13,165.56,198.95,220.35,209.35,150.3,130.98,123.26,91.647,87.841,106,109.44,118.71,162.56,137.3,130.16,149.08,129.65,118.8,110.6,100.83,68.96,91.725,103.81,79.585,75.76,103.53,95.03,80.683,81.495,80.106,78.177,96.738,121.75,153.29,181.8,197.77,208.56,162.56,130.17,98.568,78.881,87.493,74.237,71.815,67.419,53.477,59.95,67.33,77.764,82.584,53.448,47.232,47.103,47.541,52.708,72.275,47.108,44.737,45.633,54.095,60.034,51.153,53.12,49.554,53.298,73.504,70.594,77.997,71.528,68.973,74.221,78.465,74.51,66.322,65.844,60.957,64.736,91.411,69.06,64.193,78.84,79.662,95.548,78.643,58.192,75.978,64.88,61.933,92.406,101.58,112.02,112.8,100.87,95.08,94.944,104.46,83.082,85.935,67.242,45.884,46.344,44.679,54.187,69.082,51.443,71.842,61.918,70.145,75.538,64.549,71.86,98.791,104.28,106.68,111.61,110.8,121.91,134.41,108.14,122.32,122.15,139.31,138.99,147.03,145.37,153.83,149.59,144.5,151.23,149.58,151.57,151.11,154,152.77,150.44,152.42,152.25,148.67,141.64,129.91,121,124.67,119.9,121.2,127.31,114.07,97.062,91.222,79.495,67.684,61.056,72.675,94.987,108.24,104.2,89.41,78.776,81.273,71.301,58.06,58.54,70.673,51.408,50.315,47.804,46.294,49.443,43.954,49.318,54.989,51.158,50.715,52.082,62.946,54.818,49.392,62.071,72.893,68.459,49.096,42.942,46.96,53.278,52.54,62.856,49.985,50.281,50.506,53.243,50.799,48.986,49.602,47.736,47.104,44.561,46.365,52.249,49.693,61.095,60.08,62.733,80.796,83.52,88.987,111.12,109.93,90.464,60.325,43.666,55.708,66.055,70.369,74.718,71.954,70.756,71.824,63.447,66.019,58.346,62.582,73.351,69.954,57.963,49.54,44.522,42.577,46.38,44.969,45.582,43.061,44.025,39.494,37.065,36.914,37.953,43.961,62.543,99.954,147.32,182.01,138.76,146.11,157.36,146.12,144.21,140.36,145.06,141.27,140.11,132.21,126.67,129.28,132.66,143.39,143.24,143.28
22.5,138.36,136.68,131.08,129.23,116.59,105.58,108.73,125.93,130.99,144.5,145.54,140.59,126.39,128.16,125.34,134.66,136.76,131.8,98.505,104.83,141.5,132.94,144.37,144.7,142.87,139.8,147.37,150.85,146.01,142,128.47,111.29,100.45,102.14,102.29,99.068,73.215,48.356,53.65,76.854,80.486,100.3,107.25,117.06,107.36,112.39,126.65,136.79,145.89,142.58,144.44,144.03,139.69,129.77,124.43,115.02,104.43,93.033,86.115,76.858,45.146,41.108,42.177,41.282,41.535,44.289,45.062,45.259,49.567,63.614,72.263,73.184,78.079,73.386,71.654,72.262,66.869,69.149,69.035,65.842,65.96,66.941,72.785,71.392,71.69,75.026,74.483,75.797,77.716,84.114,81.197,78.969,75.807,69.627,73.78,78.656,75.352,73.2,80.891,79.179,79.992,81.871,97.064,127.57,162.21,202.96,217.74,222.91,204.27,173.71,148.69,120.83,98.846,88.957,80.845,69.569,76.596,75.52,84.561,79.827,90.707,103.64,133.88,152.76,109.6,88.779,89.34,112.34,106.22,89.655,67.793,60.615,53.092,75.466,62.147,57.926,78.904,118.57,150.51,167.67,186.42,192.79,180.95,170.01,131.42,107.99,87.658,92.937,85.145,61.942,57.743,94.969,87.419,66.704,50.788,46.985,48.213,54.21,73.708,66.391,52.875,50.145,48.791,54.435,57.119,58.636,49.054,66.456,62.051,63.427,68.657,52.421,55.019,81.347,85.642,97.106,91.147,96.088,102.6,83.402,80.905,81.615,86.877,91.694,81.782,65.788,85.485,85.753,63.913,63.553,59.575,57.56,67.626,60.775,65.201,71.057,91.426,76.854,58.208,70.721,122.19,108.01,73.296,67.42,48.976,43.624,58.861,78.409,55.514,74.824,63.8,60.675,62.839,58.961,78.406,91.78,87.525,89.642,102.46,101.14,102.16,108.09,113.75,117.26,133.88,146.69,146.9,163.98,152.8,142.8,139.92,131.65,130.57,135.03,134.12,143.82,149.9,155.76,166.12,171.79,168.81,164.71,163.89,153.04,141.75,140.48,128.95,126.65,118.97,82.852,76.117,73.523,71.882,74.792,80.633,74.225,88.949,102.34,103.78,93.557,82.144,82.96,67.018,62.901,70.037,83.904,47.327,44.632,42.619,42.58,43.214,45.383,43.057,51.191,47.113,51.73,62.33,58.618,66.095,64.963,64.317,60.377,53.367,48.317,43.71,47.918,45.953,41.291,42.982,42.07,45.95,44.881,46.846,44.875,46.756,49.968,46.658,46.765,45.018,44.968,47.716,49.967,59.913,77.642,80.249,95.889,103.46,75.048,63.201,70.16,63.78,58.267,69.971,95.393,88.346,85.662,77.89,78.909,75.906,51.371,51.348,56.742,54.637,50.903,53.028,60.623,57.474,50.678,46.873,46.481,42.382,42.376,41.167,39.146,41.023,42.728,38.032,36.894,37.562,37.86,40.697,49.29,80.522,155.91,183.75,162.97,168.8,173.8,168.01,163.3,137.33,127.53,127.5,120.98,117.29,118.87,116.42,131.01,144.02,141.69
23.5,138.05,130.25,118.81,127.11,118.11,98.352,93.584,103.61,123.78,141.74,126.26,133.86,158.52,145.52,122.06,123.97,142.47,137.68,108.66,102.38,128.91,136.19,144.69,146.57,139.98,135.75,135.74,148.42,150.88,142.66,129.24,136.4,111.61,97.187,91.104,80.628,52.151,49.737,66.172,69.811,73.044,88.184,106.86,104.54,106.07,107.97,122.3,131.3,139.61,136.33,140.86,136.37,132.95,130.07,128.25,112.92,83.475,71.383,63.206,45.768,43.389,40.417,42.389,42.333,43.477,44.065,46.52,47.667,67.965,79.292,83.044,82.016,77.98,78.028,73.782,73.439,68.704,68.257,67.548,69.395,71.82,72.483,74.751,73.5,72.379,75.736,77.185,79.245,72.807,72.927,83.813,80.855,78.852,71.776,71.48,74.024,79.582,72.475,80.559,87.885,85.604,82.925,76.208,76.255,94.564,134.73,165.81,225.51,232.31,194.5,181.03,144.88,110.81,91.49,72.227,66.559,65.738,61.5,57.469,62.316,83.329,84.92,99.711,143.97,136.9,123.76,122.3,143.13,120.35,74.66,63.722,64.617,54.75,62.118,58.456,60.1,67.365,80.781,87.94,124.63,145.18,156.15,184.17,206.39,205.83,165.7,132.22,93.752,85.491,84.605,90.574,81.851,79.589,69.423,59.844,46.907,51.866,63.005,65.037,54.475,48.077,48.447,45.595,53.737,61.613,58.253,50.698,72.325,68.366,71.293,84.647,98.176,97.123,85.387,86.317,84.453,87.606,86.886,100.27,83.197,75.783,96.208,100.16,85.825,93.912,92.152,108.46,92.899,78.367,49.805,73.549,91.04,87.156,86.593,57.608,67.294,58.765,52.871,45.948,66.954,124.34,94.053,78.531,104.08,67.853,60.604,56.372,58.434,65.042,54.539,59.446,62.991,64.424,70.656,69.001,78.776,113.79,128.42,126.37,115.94,102.72,109.35,122.89,136.49,144.97,142.21,149.62,160.03,159.66,157.58,161.68,161.28,156.6,160.64,162.02,159.06,163.16,167.73,164.28,161.96,157.36,155.7,150.71,139.19,125.4,121.38,109.36,100.12,92.188,72.566,56.957,49.57,48.513,70.97,66.163,73.003,92.807,91.043,91.4,81.61,77.553,74.146,71.237,62.24,57.427,105.06,54.145,45.266,46.243,43.27,45.95,50.296,46.257,58.315,45.684,41.599,41.974,44.461,43.337,43.508,42.75,46.862,59.377,53.854,53.049,43.256,43.443,44.669,44.529,49.163,42.356,44.994,41.253,41.619,47.288,46.272,44.514,44.529,44.522,48.265,51.15,68.787,56.554,60.742,85.752,99.002,97.082,75.742,44.619,44.005,44.81,62.504,73.08,88.459,82.254,68.737,70.137,69.73,58.668,52.524,47.1,49.507,63.019,50.763,46.258,47.156,52.804,52.032,48.394,50.378,52.127,47.512,44.668,44.061,40.729,46.248,38.031,35.932,38.232,38.185,39.396,37.249,41.964,59.194,136.6,156.35,173.7,173.77,159.61,161.62,150.48,131.9,113.45,116.25,124.95,124.47,135.38,139.04,146.25,142.95
24.5,131.75,110.22,104.3,107.56,114.71,117.04,110.98,110.86,123.19,107.29,102.37,132,164.9,163.42,136.98,116.98,133.28,131.53,140.05,145.08,146.82,150.2,145.1,131.3,129.13,127.39,148.12,147.98,138.41,137.42,136.65,145.44,126.17,91.864,83.06,57.841,45.31,68.443,75.766,69.925,80.266,96.329,103.38,109.26,111.82,117.23,120.07,126.03,137,143.79,134.22,97.132,53.355,57.307,72.829,108.42,66.944,49.304,46.975,49.723,45.424,40.469,40.533,42.341,43.524,43.428,46.435,61.394,76.16,83.934,92.368,87.426,81.642,74.363,75.284,68.715,71.232,71.954,72.695,75.509,73.938,77.43,81.16,75.486,76.909,76.007,78.19,76.446,70.278,69.185,71.929,73.494,80.554,79.402,73.796,70.354,70.347,70.311,68.461,79.706,83.563,78.826,65.977,65.116,67.261,78.93,122.56,215.7,230.72,227.92,206.14,181.81,139.25,92.119,80.625,65.786,59.602,63.777,73.55,93.05,116.55,101.97,58.11,87.025,100.92,96.767,77.324,85.161,55.901,62.498,77.752,68.584,63.773,71.666,69.767,66.216,60.491,52.719,59.14,79.181,107.58,129.09,151.27,163.34,185.9,180.03,152.24,135.18,120.12,111.98,110.22,110.43,110.78,96.327,73.038,55.953,59.024,68.565,51.238,42.092,52.539,47.241,53.662,52.738,50.731,48.523,58.123,55.54,49.739,53.736,58.582,67.861,84.361,99.68,117.52,107.02,100.96,91.075,69.546,84.727,106.55,144.73,139.59,114.65,106.49,118.21,115.96,131.66,112.08,91.976,89.508,90.294,80.147,85.116,87.532,75.141,77.684,68.619,51.739,62.042,87.615,67.221,64.094,77.323,95.198,61.596,50.48,56.586,53.243,54.098,63.131,72.072,79.589,73.946,75.959,103.43,115.23,109.25,108.09,101.25,117.37,119.01,120.15,139.69,157.12,169.28,160.33,155.08,155.65,151.91,147.73,147.39,147.63,142.42,139.37,140.82,136.03,137.02,135.8,139.65,140.86,139.77,136.36,131.34,124.98,121.34,98.206,94.823,89.021,58.829,42.009,42.046,57.956,63.017,60.512,81.768,82.468,84.658,83.019,80.909,66.028,66.906,106.23,71.265,58.791,90.845,83.866,47.753,43.099,38.955,40.563,53.172,57.514,54.504,45.108,43.567,43.434,49.359,44.72,47.047,42.45,66.55,61.336,56.531,50.92,61.123,59.738,51.297,42.682,46.981,40.095,40.13,42.386,42.109,41.491,43.03,44.136,46.348,42.55,45.23,48.423,65.849,92.883,77.985,88.39,121.49,113.87,56.155,39.467,45.616,50.933,55.118,56.088,48.646,42.965,52.353,56.807,63.488,55.177,73.946,65.82,61.412,54.871,57.947,59.229,57.822,56.833,56.383,55.133,51.287,49.719,53.057,55.681,50.438,47.739,48.025,46.872,39.518,38.335,39.376,41.255,42.35,41.79,42.174,57.92,122.56,162.21,166.59,169.84,170.33,172.54,159.37,137.15,111.42,96.932,116.09,124.96,138.26,146.11,142.76
25.5,129.63,107.67,104.22,101.69,94.742,115.43,107.21,99.786,85.428,94.027,107.86,110.77,138.72,157,151.78,124.83,115.97,116.8,135.35,146.55,156.95,152.66,149.52,128.28,125.46,138.03,153.1,144.55,135.25,132.53,134.87,142.5,121.01,95.815,67.797,47.703,50.946,79.165,72.468,64.334,75.692,94.544,110.45,118.94,119.43,118.67,123.15,131.11,138.82,137.11,97.44,89.31,48.98,45.901,53.754,68.728,72.313,61.994,71.141,71.899,77.459,89.265,85.298,74.758,75.126,71.479,74.411,88.376,79.757,84.01,93.109,92.93,89.569,80.965,77.865,77.791,78.326,73.763,73.452,75.89,74.637,74.561,77.243,79.77,78.757,72.076,71.66,67.251,66.628,70.278,68.464,68.668,71.25,72.427,71.565,76.202,70.619,73.581,72.045,74.007,74.009,68.902,65.594,65.633,61.901,95.999,130.14,191.13,229.04,232.23,231.21,186.79,147.07,92.539,71.379,67.554,60.516,56.086,75.887,138.1,162.72,94.725,73.186,77.116,74.245,66.647,60.178,53.968,63.938,78.871,89.115,69.909,58.532,55.387,58.085,58.4,53.093,50.941,51.11,60.172,76.813,97.664,129.13,149.73,162.42,170.51,162.99,141.6,122.14,114.72,120.33,120.93,121.06,120.97,123.18,91.795,78.258,83.317,52.246,39.27,43.258,53.514,55.795,49.901,50.808,47.048,45.448,47.734,65.004,89.623,90.523,97.976,78.801,80.188,87.275,93.788,85.249,92.146,100.32,114.92,92.535,72.233,89.158,100.47,98.929,122.72,114.01,101.26,105.48,97.827,102.82,87.398,76.201,76.96,79.918,73.24,83.679,73.233,58.899,51.987,63.396,58.021,63.754,79.859,136.97,99.636,55.017,56.211,46.671,51.729,63.128,79.533,74.454,71.433,80.65,92.271,101.3,107.86,97.938,91.651,82.439,101.91,111.93,123.96,151.27,161.72,145.24,132.3,119.05,124.02,137.93,112.54,123.49,113.63,105.91,103.57,100.17,105.83,101.66,111.2,124.14,124.18,110.89,112.58,113.55,109.76,87.935,75.258,75.179,44.18,45.979,61.714,55.916,56.064,67.125,76.311,84.82,95.904,78.304,67.904,68.434,75.555,136.46,105.47,65.441,76.85,77.673,49.419,43.791,40.358,43.744,41.482,59.131,64.557,58.092,58.406,45.417,41.084,55.803,64.397,43.902,50.74,48.561,57.268,48.226,45.682,53.141,64.52,51.203,52.009,45.017,47.02,42.702,45.084,42.47,44.348,44.064,48.257,41.392,44.644,42.683,61.404,65.442,86.481,91.245,106.18,103.55,46.34,43.456,61.885,59.555,62.43,62.517,76.546,79.072,66.687,61.607,71.636,67.623,66.893,64.32,66.396,61.188,62.004,60.084,63.402,58.461,55.392,55.882,52.794,54.4,60.461,67.449,58.117,55.706,52.038,43.363,40.505,44.852,43.64,40.427,42.038,43.431,39.999,45.887,100.76,136.63,151.85,165.23,173.47,192.71,192.1,173.72,149.76,109.75,103.55,106.65,133.08,146.97,146.14
26.5,129.42,122.34,111.61,103.26,101.43,101.42,106.89,103.11,102.68,100.68,112.51,123.7,123.82,133.6,124.35,136.56,126.3,91.1,123.31,140.24,141.29,141.45,146.81,140.46,130.27,152.83,150.77,140.62,139.41,142.28,143.48,122.55,112.26,89.668,47.527,40.59,69.746,72.826,91.779,100.55,91.693,104.75,108.1,115.24,118.69,118.73,127.52,135.71,137.73,121.05,73.361,56.511,52.713,67.41,83.309,65.33,65.775,77.441,77.205,71.623,70.611,68.336,71.718,78.23,78.448,70.569,73.406,84.849,79.326,88.973,95.798,95.876,90.938,87.812,82.431,82.022,80.33,76.94,74.337,73.77,72.808,71.576,73.786,81.478,80.463,73.498,74.339,76.739,76.468,73.674,76.416,74.944,75.865,73.224,69.568,72.523,73.182,70.809,83.958,76.372,66.719,63.023,64.299,59.878,72.974,150.16,163.7,189.75,207.44,201.8,191.58,175.98,167.69,111.71,93.816,75.446,61.525,55.355,59.893,107.19,151.99,143.89,158.15,78.532,94.438,82.634,78.613,67.552,64.792,55.767,55.064,50.33,51.384,46.275,47.323,46.79,46.214,49.875,45.838,49.742,54.165,51.95,79.063,113.87,139.52,147.64,152.33,146.72,149.62,139.24,110.06,98.876,112.45,118.25,126.55,124.34,115.16,90.58,74.316,51.926,42.19,56.532,60.194,59.843,57.283,50.058,48.817,52.794,68.234,55.207,57.241,77.301,90.543,85.546,94.795,98.283,99.468,73.003,82.086,88.618,92.561,70.361,76.038,108.04,100.43,129.52,101.32,103.27,86.361,111.84,94.876,79.846,55.457,68.306,76.16,59.626,67.598,74.712,72.242,58.142,67.903,62.63,75.156,59.552,110.78,144.21,67.187,65.413,53.102,53.203,69.852,71.651,73.622,89.095,87.833,82.897,76.02,67.262,81.32,97.207,95.919,92.341,83.475,121.24,137.74,157.29,162.82,150.53,154.62,160.17,153.37,136.4,112.57,121.93,126.75,110.97,102.35,96.185,93.151,107.89,121.38,113.31,91.341,82.493,83.888,67.131,57.584,55.435,48.17,39.48,53.31,59.252,55.01,58.987,75.262,84.393,93.071,81.817,79.75,72.369,70.167,80.262,133.33,137.32,105.9,104,81.857,48.834,43.891,39.898,41.082,44.355,52.207,58.753,56.653,80.47,58.586,45.276,71.59,63.069,44.873,50.391,51.529,42.439,44.113,44.087,44.349,82.267,71.726,53.362,51.323,41.76,41.559,41.408,40.35,42.986,42.003,43.622,46.244,45.239,46.089,54.704,51.422,98.841,148.06,88.65,90.598,56.11,43.014,56.294,74.917,70.873,72.74,60.862,64.269,59.996,79.076,83.806,61.433,54.852,66.44,62.911,63.577,60.71,55.054,56.825,55.943,53.714,54.101,53.545,53.421,54.112,63.521,57.949,57.63,60.201,47.975,45.7,44.93,46.09,44.738,43.608,45.024,39.092,44.677,56.862,106.99,139.67,140.46,160.76,185.22,199.66,186.23,168.09,121.46,105.84,116.1,137.89,148.02,146.34
27.5,121.64,107.81,123.61,117.12,126.06,123.59,126.39,134.3,120.87,116.23,123.41,129.8,136.9,129.92,126.39,133.72,94.392,79.749,136.6,168,153.18,128.63,143.59,142.49,134.97,147.78,149.28,143.63,140.33,138.09,128.88,124.18,111.05,75.381,51.338,60.205,71.591,80.762,127.13,144.51,140.18,116.78,112.27,120.03,119.83,122.97,122.7,122.91,117.55,73.066,59.798,69.779,77.378,97.258,98.031,95.054,85.95,73.695,87.366,86.364,77.611,74.195,75.96,84.924,84.472,77.016,79.719,80.34,76.332,85.9,89.991,92.334,91.105,89.858,86.288,80.568,75.348,77.543,75.456,75.682,71.924,72.112,72.92,77.666,75.705,75.009,75.077,82.197,89.05,73.974,73.805,85.204,139.58,141.11,96.144,74.88,71.213,89.515,111.26,92.374,79.294,59.134,59.092,104.19,195.01,218.85,212.35,212.44,201.89,189.2,200.47,176.18,163.9,161.52,116.53,89.148,66.629,56.885,55.415,68.64,148.83,197.49,131.29,51.49,47.245,70.215,77.735,59.294,46.977,47.056,47.47,46.662,42.605,42.322,41.339,43.569,49.048,54.382,49.173,47.286,44.957,45.587,48.602,67.464,95.485,123.34,139.54,161.3,152.07,145.51,150.61,121.08,99.936,101.06,101.16,110.5,128.15,103.32,77.297,64.515,55.881,72.532,56.551,48.246,67.922,58.206,58.462,50.167,49.128,66.058,78.358,66.412,55.724,70.582,83.695,95.919,102.76,105.11,100.59,95.85,100.52,93.582,75.309,115.22,108.13,122.87,112.94,106.11,110.39,79.496,68.156,63.423,53.759,63.756,69.026,68.526,66.536,67.45,67.391,62.792,64.596,60.346,75.845,70.618,75.292,130.18,153.81,84.518,52.415,54.441,83.798,64.92,66.863,100.28,91.872,79.27,67.749,80.941,87.688,93.722,85.148,79.825,86.026,109.83,128.14,130.77,131.86,121.5,112.75,108.47,106.15,99.594,95.656,103.85,87.682,76.975,96.692,106.27,102.93,98.114,104.19,96.965,89.839,88.897,83.122,79.548,91.076,49.788,38.364,45.12,60.992,53.698,57.877,70.386,78.768,83.113,83.699,81.042,74.348,75.5,68.169,64.613,90.131,88.042,96.299,141.4,127.39,72.378,48.65,45.214,42.784,41.797,52.202,57.947,51.252,111.22,85.483,75.681,88.634,71.458,52.398,50.495,46.129,44.066,46.713,47.796,43.547,44.341,48.175,67.162,60.721,43.894,43.703,44.295,41.42,41.893,42.914,42.439,42.542,52.949,58.003,40.215,41.263,78.552,130.75,93.676,72.754,67.47,43.727,43.485,50.279,40.934,38.814,49.917,62.771,56.866,48.591,56.498,48.743,52.077,60.152,64.356,62.18,51.994,58.476,56.026,55.728,57.641,57.252,57.356,54.985,52.152,55.24,59.456,62.831,59.202,50.517,49.431,46.951,48.977,45.924,44.41,47.194,45.246,51.139,49.551,70.909,131.6,134.99,139.85,169.89,174.72,187.97,182.06,165.79,135.92,129.46,138.33,144.38,134.43
28.5,118.04,107.78,103.48,107.8,117.68,133.02,132.73,128.7,125.88,120.21,122.12,130.66,119.57,116.03,112.84,101.61,122.08,137.46,167.17,169.09,159.32,147.77,159.62,155.24,150.85,153.32,151.56,149.35,142.46,137.34,128.05,142.01,114.46,78.688,71.52,85.253,96.505,96.49,108.29,135.05,146.73,143.33,137.39,125.41,120.53,115.17,112.86,111.69,82.019,61.83,57.955,89.292,90.98,91.966,91.045,86.673,76.156,72.693,74.195,78.88,81.824,81.453,85.638,89.343,87.482,83.446,87.049,86.277,81.204,82.686,78.128,84.198,89.542,89.69,88.238,79.118,72.326,72.539,70.6,70.03,70.052,68.045,63.176,79.872,93.592,96.197,89.36,86.075,88.909,104.75,125.77,114.65,121.34,185.5,153.61,129.21,158.77,142.95,113.82,61.898,53.928,50.782,81.34,189.95,202.5,216.53,217.46,210.97,220.85,223.9,224.23,180.65,186.79,210.22,167.84,108.21,83.459,65.769,59.822,54.685,104.77,203.49,119.13,55.044,44.183,51.501,66.668,64.855,57.858,60.563,51.515,46.263,41.988,40.943,41.171,40.493,45.402,45.144,46.887,49.409,49.522,45.432,46.165,50.002,60.385,94.609,114.43,136.17,154.53,157,140.12,139.64,122.58,103.67,97.42,115.98,133.12,110.25,117.08,107.31,65.101,80.506,50.855,49.11,72.664,61.739,66.442,62.237,64.831,71.194,47.329,62.098,80.262,86.082,100.61,99.862,97.428,102.83,79.798,86.37,105.39,100.48,115.87,114.03,93.559,77.089,83.043,101.35,103.95,70.12,73.951,64.764,68.781,65.412,72.143,79.135,73.003,72.97,68.076,69.611,71.777,64.049,53.71,67.715,61.609,91.075,168.76,102.72,57.688,54.346,89.632,65.756,79.917,97.141,74.09,61.714,63.148,85.16,98.218,84.428,99.469,116.44,115.33,127.37,124.31,129.47,102.93,91.739,93.77,102.65,95.173,93.142,91.602,85.924,106.73,132.02,133.03,142.57,139.16,134.33,121.99,106.21,94.835,97.822,78.328,81.913,85.343,45.249,59.594,66.298,55.601,56.843,60.776,70.769,77.404,76.376,78.551,74.057,67.908,74.08,69.399,67.398,65.481,80.903,81.69,114.78,151.99,129.51,88.046,59.262,48.353,49.415,55.385,51.254,53.667,107.14,94.406,83.044,94.362,68.802,56.527,56.046,48.53,43.094,42.765,42.743,41.642,42.257,48.456,59.891,54.473,44.019,43.271,43.136,43.288,43.06,42.332,39.492,41.139,51.136,46.584,37.728,37.559,71.717,160.98,143.7,58.394,44.592,40.364,44.995,46.905,41.288,43.22,80.262,66.844,46.648,42.7,48.552,47.321,50.08,54.981,52.506,51.24,57.656,55.767,62.155,60.675,60.309,60.299,57.639,61.764,55.501,58.342,57.094,70.832,63.475,53.321,58.269,61.009,57.763,49.955,52.414,58.586,60.261,54.429,53.912,71.239,99.605,130.75,143.34,143.04,153.44,165.97,185.26,178.98,155.1,138.72,128.84,137.12,132.7
29.5,138.31,125.47,109.91,119.15,134.75,141.48,135.33,138.58,135.2,123.4,118.76,118.89,118.16,119.79,122.56,120.12,131.5,158.83,168.97,172.64,163.39,161.05,165.26,163.02,166.66,157.11,156.33,154.66,158.13,151.92,141.75,144.95,131.92,130.67,110.59,95.02,109.12,101.13,111.67,125.1,135.47,134.87,128.69,125.3,115.95,113.84,110.06,110.23,93.875,73.714,90.536,92.735,85.572,87.988,89.558,87.694,77.214,72.837,84.614,78,85.062,92.726,96.93,80.599,79.686,94.48,90.185,87.052,89.098,82.793,72.977,73.826,78.847,77.003,73.637,71.348,67.902,66.384,67.526,64.677,62.259,78.16,100.06,90.933,90.347,89.771,106.42,122.75,122.81,136.52,159.87,163.75,185.57,168.21,195.62,201.95,205.46,120.02,75.935,73.487,68.771,83.351,194.41,211.45,190.41,221.06,231.28,229.29,230.88,232.71,228.33,221.05,228.1,235.24,206.25,138.56,95.434,67.589,62.428,56.48,64.513,140.03,153.49,74.854,44.738,43.478,47.099,49.501,54.924,58.84,53.509,56.029,44.506,41.665,39.871,42.859,42.617,44.49,45.859,42.093,43.476,51.363,54.552,54.171,50.516,68.82,95.916,116.41,137.47,153.87,172.01,148.17,131.93,126.99,115.11,104.67,126.88,137.47,130.51,140.55,120.77,78.245,73.584,63.336,84.295,60.871,50.551,58.417,72.894,62.215,66.075,76.659,57.962,59.876,67.898,69.533,62.528,62.567,71.601,75.54,96.673,96.12,93.442,94.594,96.941,89.032,87.077,106.58,110.56,79.05,81.158,83.494,70.268,63.29,61.753,72.881,84.03,76.835,69.61,75.04,96.218,75.694,70.857,58.489,57.072,80.372,166.98,103.69,65.974,54.32,83.739,70.771,80.47,93.407,83.685,89.342,74.143,76.7,109.98,111.89,101.83,105.2,116.76,106.52,97.56,98.675,102.2,97.318,107.62,123.59,118.08,109.71,105.93,112.14,120.48,111.77,124.02,144.28,117.2,124.12,127.27,124.8,107.38,88.936,86.876,92.516,51.342,60.839,73.583,65.725,56.38,52.653,62.248,72.8,81.895,75.965,76.831,78.751,74.364,68.33,63.853,66.669,69.556,67.218,73.388,88.177,123.31,151.96,163.3,140.26,106.03,66.352,63.829,67.455,63.391,103.9,121.07,91.576,84.587,70.135,59.775,53.106,50.778,43.652,42.119,43.173,38.547,41.75,50.492,67.097,67.925,45.912,43.692,40.621,43.518,40.647,37.593,38.418,42.045,40.229,47.229,46.853,47.067,45.547,88.213,127.81,49.997,48.119,43.113,54.744,50.775,40.663,45.322,53.616,42.368,42.905,50.64,56.269,56.309,58.356,59.653,68.406,68.891,57.58,66.709,51.565,53.239,65.667,62.453,61.74,65.2,66.681,60.533,60.566,75.355,68.587,65.227,104.06,124.37,135.14,83.279,62.415,58.259,49.867,44.057,53.357,54.022,102.67,122.24,103.56,116.73,122.43,114.35,135.77,149.98,153.11,147.68,132.25,135.46,147.89
30.5,144.09,147.43,141.84,134.87,137.54,141.87,136.46,139.12,138.86,140.79,131.23,124.11,123.73,119.32,127.45,137.64,148.45,156,110.38,109.26,151.31,158.08,153.84,159.07,164.43,166.14,180.41,165.86,141.92,144.26,134.86,142.74,160.07,169.3,157.98,133.32,110.29,106.01,104.84,115.45,128.32,131.15,122.66,122.87,117.68,113.04,100.65,97.346,110.1,127.85,159.26,134.35,86.691,89.621,88.007,81.539,78.077,83.859,97.641,80.054,83.412,100.41,107.73,94.118,97.791,100.96,94.919,76.722,82.871,75.78,70.596,70.688,71.42,69.898,70.455,66.617,66.763,61.294,72.506,115.3,126.36,116.27,129.66,104.36,103.55,91.965,105.43,95.298,104.66,138.96,170.96,202.19,212.36,214.62,215.09,196.92,174.17,138.52,111.08,122.85,101.8,114.75,170.62,198.06,152.38,205.11,229.05,245.49,245.31,238.29,236.29,229.79,240,245.38,221.28,171.41,106.6,73.612,66.06,64.746,70.434,88.068,110.87,80.408,49.441,46.939,46.798,42.634,44.366,46.114,46.522,49.151,45.1,43.467,42.363,41.93,44.823,45.391,43.478,45.218,47.585,46.512,47.712,54.697,58.024,58.944,72.232,100.41,123.11,136.71,167.7,184.43,187.9,149.75,134.03,134.18,119.1,118.83,129.09,128.52,133.96,110.92,110.71,86.063,95.074,63.746,50.624,57.919,53.887,53.991,74.053,81.347,78.975,55.823,52.832,59.769,82.066,78.78,74.92,70.105,98.865,97.475,103.76,90.469,78.261,91.916,95.8,93.909,93.234,78.89,76.915,77.585,72.705,70.959,64.492,71.459,73.018,73.589,72.735,64.991,81.473,87.162,86.485,73.513,62.007,91.254,132.83,170.96,78.529,68.02,88.538,66.629,88.779,86.71,87.384,87.67,78.372,86.852,120.34,107.7,108.38,111.01,110.66,125.69,137.05,115.37,90.051,95.15,112.79,96.042,81.629,90.197,108.86,132.21,124.15,127.68,129.39,129.26,107.37,100.16,123.67,110.23,85.406,80.298,99.48,78.48,41.172,85.993,72.37,61.734,63.225,63.753,73.623,86.144,82.489,73.622,76.599,83.243,74.743,68.713,64.698,63.108,65.967,65.375,62.499,60.439,75.887,111.31,158.59,178.19,164.07,157.36,121.6,138.36,131.9,125.02,115.11,86.203,60.129,55.027,60.139,60.334,47.903,47.922,43.582,41.948,39.24,42.574,49.143,84.996,75.922,50.26,43.433,41.21,37.115,36.441,37.553,39.658,39.011,39.667,41.278,39.451,47.66,68.927,75.707,77.484,85.931,64.425,61.73,70.758,62.473,43.977,44.717,47.293,49.515,57.29,52.231,45.041,44.927,43.327,46.926,53.123,49.175,63.353,51.94,76.831,54.79,51.749,56.885,55.943,65.44,63.023,69.68,66.515,70.252,67.169,94.084,117.32,167.4,130,95.716,71.333,52.587,50.429,53.619,45.299,69.809,125.27,129.35,101.45,93.291,95.022,104.28,103.72,111.84,128.07,136.46,138.51,145.15,142.99
31.5,132,138.89,141.31,131.13,132.15,135.93,136.31,139.28,140.64,139.3,129.51,124.16,120.92,115.4,130.69,130.98,70.617,84.67,97.018,80.023,122.37,147.65,160.71,159.63,147.63,137.44,132.53,121.23,80.137,59.601,79.958,93.591,129.95,151.66,170.27,183.93,135.36,119.32,110.99,112.07,117.61,119.69,121.75,121.91,106.38,93.93,91.865,102.17,114.13,151.73,193.92,134.73,89.525,92.131,90.226,83.504,84.388,89.934,81.505,84.643,82.912,100.88,107.99,102.61,95.883,89.889,92.703,78.538,78.271,71.224,69.789,71.023,65.406,65.499,68.473,63.503,60.693,85.891,146.95,118.99,111.07,98.464,101.22,95.581,92.011,98.621,126.26,110.78,120.81,142.55,154.79,156.13,198.98,208.33,208.79,220.09,186.59,199.19,176.93,182.21,165.11,180.63,180.79,201.55,152.21,152.4,216.48,245.27,253.52,246.09,243.66,244.88,245.89,242.97,230.83,194.12,122.3,80.5,75.72,72.62,75.594,86.817,91.083,91.943,81.625,61.698,50.203,42.782,46.523,46.04,46.591,49.352,47.574,44.001,43.533,44.423,43.331,42.996,44.316,52.351,50.795,47.123,46.043,50.531,63.28,71.516,71.899,81.811,105.84,126.57,152.19,170.86,165.92,156.92,133.93,140.91,162.63,135.72,139.29,141.13,170.55,175.83,155.57,119.66,113.47,66.016,59.59,76.693,50.719,47.928,59.48,74.296,84.203,56.681,43.674,85.117,95.087,68.723,64.466,82.042,107.52,101,97.957,80.819,89.988,91.809,85.354,81.828,85.806,77.922,67.855,63.845,62.823,67.831,71.093,69.943,58.384,74.793,77.859,65.315,70.734,67.63,96.231,101.8,84.538,72.369,129.41,183.11,138.97,82.416,90.23,76.815,84.955,76.679,68.095,95.956,118.7,105.27,122.36,115.53,141.88,134.34,129.41,119.69,121.43,103.39,94.71,94.719,87.807,94.313,110.97,123.65,133.29,141.9,144.84,134.34,129.98,129.5,118.86,113.8,113.78,107.9,95.052,91.673,113.07,99.121,102.36,133.44,85.393,72.273,72.138,78.568,84.125,95.02,86.477,86.901,88.73,81.041,79.016,70.601,66.643,63.883,63.512,65.734,62.583,58.425,56.574,64.622,91.672,132.03,168.89,174.5,150.12,158.98,163.79,150.44,137.35,102.76,79.767,58.785,49.566,60.063,66.41,52.931,46.023,58.176,51.83,47.502,60.244,92.009,76.991,65.516,48.727,47.896,40.591,38.845,38.79,39.904,37.518,37.547,41.71,39.392,38.447,44.401,83.022,108.74,91.097,75.012,80.277,64.09,49.593,44.17,41.135,46.586,54.872,47.549,41.832,40.674,42.527,49.815,47.553,43.984,46.042,46.086,49.754,70.404,74.233,63.766,58.524,57.496,64.26,56.231,70.065,83.336,74.245,71.094,116.64,143.72,138.26,144.38,115.48,80.814,56.784,53.266,63.607,71.633,109.43,165.52,156.08,140.4,115.69,102.37,95.801,105.16,102.45,119.09,128.83,115.44,121.33,127.8
32.5,123.18,129.45,130.89,120.73,128.18,136.27,144.68,145.1,142.11,135.21,120.12,126.37,94.994,89.804,83.872,58.858,45.116,70.624,125.16,59.291,57.497,113.84,151.08,103.28,64.134,66.266,96.421,88.58,68.922,78.116,78.577,76.75,87.484,97.849,121.36,175.36,169.5,126.49,136.33,119.9,116.43,111.72,117.97,112.82,84.8,84.552,94.159,117.58,148.64,194.53,192.39,116.66,112.71,95.196,95.948,86.663,99.162,92.325,92.313,84.515,98.4,107.07,93.102,95.511,97.323,89.403,85.409,85.931,82.575,67.03,69.457,68.872,66.683,63.797,63.332,62.008,115.88,192.12,133.58,113.88,91.342,97.346,91.353,92.894,96.501,97.821,106.21,124.89,165.69,172.46,177.04,181.62,181.68,178.41,203.78,217.84,217.07,202.54,176.76,172.45,178.72,198.29,198.9,187.11,160.84,154.57,185.32,227.16,239.46,239.56,237.71,240.38,241.93,245.49,241.83,222.75,143.91,105.17,81.603,80.095,79.374,84.275,75.412,85.863,93.486,66.398,48.771,45.887,51.299,49.359,55.606,55.61,50.197,46.35,43.646,43.536,43.453,44.426,45.204,47.459,48.2,55.688,52.306,54.73,59.512,67.882,74.728,90.517,110.52,135.93,158.45,174.3,172.79,152.95,131.44,134.63,150.67,173.61,156.34,135.17,146.66,169.95,178.2,142.4,131.57,86.8,71.47,73.323,54.271,48.855,62.724,95.645,95.15,83.36,66.654,66.772,63.491,55.7,74.83,95.02,93.71,101.61,102.83,85.514,88.893,98.753,95.649,88.208,91.975,89.092,82.938,78.137,67.382,63.521,62.237,55.791,57.028,61.114,70.207,76.877,57.711,64.788,82.815,117.33,105.68,103.18,113.38,152.88,154.87,107.82,106.75,66.592,81.822,82.221,52.94,120.06,124.48,108.43,123.02,144.64,151.48,115.2,96.934,89.378,89.312,85.773,88.03,95.627,116.43,137.96,156.13,164.88,159.48,153.62,146.07,127.8,111.65,90.634,87.373,94.502,82.326,62.389,66.679,108.89,95.326,111.68,113.01,143.82,133.7,87.874,83.999,88.39,80.204,89.909,76.638,86.074,86.576,80.374,77.874,70.886,66.351,62.582,64.318,63.898,62.565,59.431,58.015,57.188,61.352,70.081,94.294,138.7,177.71,186.18,195.1,207.19,213.14,204.84,159.99,90.2,76.982,57.546,68.426,84.301,49.535,58.338,69.824,66.492,99.384,81.861,78.211,61.964,50.664,44.416,43.614,44.342,44.631,45.304,46.507,47.707,49.111,51.746,43.553,42.221,39.807,102.87,119.59,82.913,47.828,43.823,40.84,54.592,42.368,39.618,61.633,47.936,42.783,47.287,52.304,55.801,43.948,45.143,45.782,45.351,45.085,62.297,75.607,85.377,63.086,60.804,59.822,63.932,63.067,73.817,80.013,81.163,87.44,141.14,151.32,176.38,172,135.3,84.14,81.637,99.411,149.55,165.06,199.87,170.42,120.37,88.519,92.221,80.967,96.538,99.402,119.25,129.84,128.43,116.48,106.47
33.5,116.49,110.31,113.92,121.86,123.53,134.06,135.85,138.88,126.66,125.94,82.693,52.743,38.582,43.58,47.064,52.677,50.956,131.05,152.68,73.089,44.137,68.072,82.909,57.316,45.566,45.657,62.551,52.368,53.337,66.051,70.674,74.21,92.985,104.2,110.56,172.12,140.37,139.38,131.83,137.19,133.46,118.95,113.95,85.726,83.314,89.892,84.301,79.631,139.55,171.8,147.51,140.45,108.27,94.373,104.65,106.09,96.305,104.48,104.86,105.92,104.92,104.92,111.96,105.47,115.4,114.64,116.69,111.81,90.826,77.844,74.994,65.127,68.284,61.273,80.131,98.139,180.37,128.61,99.076,85.107,106.21,115.99,105.29,117.59,111.44,111.32,131.27,135.93,147.6,151.69,191.12,218.29,185.9,174.01,191.11,211.23,185.82,152.35,158.68,140.25,165.65,173.76,174.04,166.88,158.75,147.66,160.18,203.22,223.82,228.23,229.94,229.52,235.13,233.54,234.54,234.83,186.3,128.95,99.314,92.313,86.778,75.573,59.271,58.986,60.921,63.214,64.814,56.562,55.337,61.092,65.673,54.713,45.348,50.094,54.703,50.79,49.161,49.385,46.119,46.595,54.963,55.78,55.694,62.205,56.822,76.323,102.12,120.14,136.08,154.28,159.49,180.04,173.15,166.64,157.58,138,132.28,162.31,174.83,155.07,142.1,157.39,194.54,176.95,151.11,114.52,73.924,64.58,63.96,49.537,72.313,100.99,84.16,98.29,80.615,86.782,53.625,53.659,68.334,110.3,126.62,114.29,87.97,89.341,86.579,99.422,96.595,112.3,117.91,108.65,104.04,93.955,82.974,74.173,68.857,67.578,61.472,60.728,56.798,56.041,56.743,49.455,54.595,97.596,115.69,127.17,124.55,149.57,169.39,134.62,113.23,57.603,75.256,82.488,93.282,144.39,121.68,126.8,157.69,163.93,108.13,92.682,91.593,81.8,95.469,108.2,119.07,147.33,176.5,184.01,182.06,177.01,166.07,148.33,126.26,109.73,86.515,81.195,67.061,59.296,44.001,45.169,68.366,94.099,118.81,116.24,143.11,152.79,165.26,147.87,110.21,80.715,89.278,83.957,68.455,81.752,80.606,78.407,76.81,69.661,67.347,63.764,65.235,63.166,62.207,58.77,57.944,54.744,58.072,63.703,60.24,68.977,85.582,125.98,162.06,173.12,193.54,241.22,253.35,214.06,161.73,142.52,118.17,87.457,90.658,80.925,73.457,74.611,97.774,109.16,81.764,58.668,52,41.133,42.124,46.004,44.549,56.861,64.43,59.359,38.723,39.069,40.53,44.273,42.147,53.774,102.14,111.38,68.34,45.597,42.038,45.171,38.326,38.884,49.656,48.788,38.335,44.084,49.767,44.584,38.917,41.509,48.624,46.001,44.893,52.356,51.089,45.776,63.399,65.044,54.123,59.139,70.372,61.85,75.921,100.02,83.36,117.71,164.54,183.96,186.1,174.17,139.35,131.91,158.74,185.95,199.15,206.29,162.48,119.93,71.527,57.932,75.163,90.215,102.83,119.66,128.1,130.29,129.07,126.15
34.5,104.14,103.24,107.22,102.46,113.4,111.58,102.44,109.31,108.29,102.42,75.883,40.753,39.967,44.544,45.084,42.111,53.896,83.406,90.239,91.494,64.161,73.097,78.136,60.155,54.642,52.091,51.228,42.229,37.34,44.368,54.85,68.694,82.899,91.226,102.73,149.56,181.71,161.41,161.63,132.98,131.89,123.63,117.43,95.069,86.546,81.372,74.809,74.469,81.837,98.627,128.21,122.25,119.4,102.82,98.866,113.47,105.33,104.26,106.25,107.73,88.781,87.682,96.278,109.22,115.6,152.01,157.4,116,100.99,88.646,85.964,84.759,74.451,99.041,128.05,197.15,155.92,141.74,132.42,122.25,131,134.04,140.75,125.26,129.79,115.6,121.83,118.66,128.69,153.42,154.9,158.57,168.55,163.82,176.14,183.38,179.25,185,170.24,158.58,166.19,166.03,173.29,148.95,134.13,132.6,142.47,178.63,207.3,220.44,228.71,227.51,222.61,217.89,224.55,223.72,202.03,152.37,116.65,100.64,87.686,70.432,65.012,71.71,77.888,77.006,84.47,80.808,64.579,68.498,74.177,54.376,57.075,56.71,49.872,56.651,50.667,63.914,55.342,52.209,57.981,52.924,57.22,63.844,65.88,89.743,107.04,136.28,166.87,174.35,192.05,192.34,181.76,161.09,148.26,147.39,131.09,131.79,178.09,186.58,171.93,175.42,197.99,205.17,179.1,135.46,84.74,77.783,73.237,70.903,96.448,105.47,100.69,88.253,67.046,62.075,57.965,61.614,83.069,118.36,155.09,131.31,89.38,109.29,109.08,96.89,128.09,146.39,145.21,133.8,123.65,125.79,103.91,90.773,77.649,83.31,83.029,91.066,92.08,82.057,80.865,72.034,47.696,57.71,111.08,112.98,129.15,151.81,183.97,156.7,105.9,65.24,74.544,89.822,135.19,148.48,122.43,139.34,158.29,131.77,92.105,92.436,104.06,108.05,133.59,169.46,183.8,194.35,195.46,193.84,190.33,184.37,165.84,139.24,108.75,83.036,56.83,63.737,61.376,51.174,66.617,82.848,83.358,87.219,111.04,127.05,161.54,183.56,170.98,153.16,124.38,106.11,120.14,97.625,80.878,81.202,77.899,75.052,72.259,70.237,68.369,66.796,64.037,62.372,57.236,55.487,57.51,55.156,55.402,58.534,57.336,59.148,62.124,66.759,75.807,85.075,92.932,108.14,161.4,206.16,235.15,222.61,192.51,154.87,116.29,96.555,92.702,91.82,83.153,102.1,94.633,91.833,88.403,50.194,39.309,43.027,60.25,61.786,75.541,75.802,46.129,41.641,44.502,45.065,41.641,40.623,66.674,122.95,100.49,64.046,47.192,46.396,41.405,38.166,39.04,42.183,37.895,41.796,40.331,42.184,38.392,37.77,44.104,46.719,53.12,45.957,55.502,60.042,48.862,56.294,58.342,49.526,54.342,71.913,77.274,68.944,83.602,87.005,135.49,167.77,191.99,180.7,198.42,208.36,214.39,218.21,202.46,165.62,128.87,108.44,73.877,62.518,71.89,82.853,95.7,116.36,121,128.96,117.84,112.59
35.5,85.913,76.441,92.332,95.598,97.036,86.595,77.454,84.4,85.357,84.852,80.167,43.762,42.692,39.46,38.068,35.761,38.88,41.172,80.418,103.08,87.313,59.72,45.446,40.082,78.933,72.338,50.007,38.354,36.457,37.73,38.154,44.651,56.727,84.375,86.658,118.34,184.62,168.33,170.93,169.89,109.37,117.63,127.98,110.42,88.887,78.688,69.619,79.729,83.977,80.563,85.282,95.995,120.64,95.439,82.965,85.968,95.821,83.91,77.47,80.458,86.073,83.062,89.836,86.571,93.51,134.86,164.41,142.93,104.49,147.97,185.45,160.07,172.18,170.21,162.38,186.71,177.15,179.2,127.59,138.52,156.32,159.23,151.25,141.13,138.6,120.91,111.66,128.79,134.23,151.32,146.02,143.51,172.22,203.61,156.68,141.98,132.77,137.94,141.61,136.96,117.74,140.41,132.14,100,98.882,106.93,122.86,136.27,158.22,186.87,207.13,218.07,212.56,211.9,211.86,220.16,211.47,173.58,128.81,98.085,94.997,87.837,81.726,98.703,116.75,123.5,116.79,95.438,93.134,90.103,85.306,69.543,53.18,45.277,54.329,69.863,88.724,81.311,67.447,69.577,72.314,52.936,58.26,69.793,83.792,110.14,106.72,157.82,195.93,207.45,214.07,199.56,195.02,167.09,154.77,164.15,142.97,133.76,163.65,205.33,206.45,185.47,202.61,202.29,190.78,131.23,118.85,106.76,110.45,132.78,147.32,162.85,123.27,98.592,90.65,88.826,79.711,106.36,128.02,137.11,151.4,149.42,127.09,157.9,140.29,137.89,159.86,147.04,147.06,136.7,124.91,128.64,121.34,104.22,94.878,96.23,95.586,95.991,102.89,115.85,111.97,106.52,63.569,56.458,98.925,122.85,142.24,141.39,177.83,177.98,120,72.097,75.245,109.65,153.13,149,104.7,136.85,143.42,128.46,129.55,138.17,148.52,155.3,168.55,181.39,189.9,186.61,187.92,193.32,184.78,179.25,149.86,110.02,81.318,54.083,41.387,41.527,44.599,63.929,80.887,81.485,80.783,79.579,89.97,101.54,137.27,168.83,166.45,153.23,155.04,141.01,158.83,121.62,126.61,90.733,82.22,73.075,71.86,73.769,66.94,66.848,66.069,63.429,60.759,59.383,55.143,56.814,56.122,58.039,60.957,58.007,61.717,63.398,60.937,62.739,60.377,58.544,70.183,102.98,159.26,183.19,189.98,184.04,155.63,135.74,130.47,100.28,82.642,102.09,136.32,129.88,120.83,99.566,62.979,56.99,53.371,50.791,81.835,66.048,55.191,46.161,49.936,50.531,46.246,42.037,67.599,99.02,112.95,97.299,56.444,69.826,61.62,48.41,39.651,42.209,39.903,41.079,39.461,38.142,36.59,36.503,37.61,48.041,65.625,50.994,52.468,67.429,49.324,52.979,59.596,57.913,53.581,54.94,73.454,79.447,66.861,77.036,101.59,151.56,182.6,181.61,178.12,184.05,201.9,193.04,157.22,128.53,94.73,79.361,82.666,83.032,84.838,87.802,98.197,115.46,98.793,96.799,92.971,88.465
36.5,58.492,45.641,59.272,63.193,58.414,60.216,66.465,63.926,63.272,69.628,65.994,40.67,39.836,36.376,42.466,38.506,37.955,47.954,48.271,91.44,80.192,71.892,76.956,37.621,62.636,85.059,55.341,43.732,41.499,71.471,64.603,48.177,111.6,117.19,107.24,145.21,179.69,176.53,169.14,180.99,139.39,101.59,112.38,127.24,133.77,93.419,77.563,77.83,75.415,72.585,90.521,111.43,126.01,137.75,123.29,94.861,82.622,75.584,78.535,82.555,86.462,97.638,97.312,97.223,101.59,109.3,116.68,127.27,145.66,158.87,201.31,232.47,224.9,214.12,189.36,182.7,153,140.46,143.76,148.49,148.9,152.49,155.64,148.4,143.21,133.83,138.24,136.77,190,207.01,166.4,160.59,154.4,171.21,131.8,108.08,110.78,105.93,99.693,100.4,109.03,113.77,99.999,89.413,81.734,91.592,102.23,113.34,115.82,139.23,189.66,209.43,204.9,210.81,216.27,215.81,214.68,206.63,169.52,124.52,114.62,112.84,124.21,147.05,148.72,156.77,138.14,112.85,101.29,84.966,90.032,69.139,54.499,47.269,52.699,61.302,106.51,159.49,126.94,105.04,120.3,92.067,69.003,85.09,108.79,114.86,134.89,164.52,193.31,207.58,213.39,216.96,217.74,203.12,188.28,175.55,157.92,152.4,157.82,177.02,179.67,184.34,191.26,205.3,186.01,155.8,158.71,142.64,122.82,124.83,135.43,140.23,139.37,117.64,139.38,113.4,106.13,118.59,134.88,132.37,136.68,137.47,146.51,171.53,146.63,173.92,193.96,173.15,170.69,154.02,147.1,113.21,117.89,117.53,107.05,103.03,88.075,103.68,118.39,130.34,129.09,133.93,87.611,58.96,97.344,134.37,140.19,154.28,171.8,183.54,132.72,83.174,72.264,129.52,161.76,138.21,92.044,110.05,131.62,173,171.88,165.19,178.99,188.1,182.78,186.12,186.3,183.4,183.42,188.8,187.06,181.81,162.45,93.557,57.719,45.126,39.83,41.696,59.009,70.387,70.843,105.18,74.827,77.972,86.808,94.551,130.43,165.46,181.11,165.04,152.07,141.77,152.62,168.02,139.37,106.99,82.451,81.21,85.308,85.813,81.747,82.158,87.125,70.269,63.97,63.653,58.583,58.719,60.778,59.161,62.104,64.523,65.067,68.967,69.714,62.096,60.166,60.633,61.39,61.176,69.692,101.18,130.36,126.83,100.43,99.366,98.601,119.56,133.43,133.73,131.63,151.65,147.27,146.59,121.95,88.127,91.92,84.603,86.862,79.732,57.64,59.367,55.926,62.126,49.497,51.185,64.451,107.61,114.6,93.685,62.661,70.227,60.161,52.321,51.757,48.364,47.816,48.948,41.465,36.244,33.43,33.027,34.086,41.546,50.953,52.184,49.813,53.527,50.83,48.243,55.191,54.081,70.99,60.317,51.919,64.01,73.774,71.428,60.392,92.297,124.45,176.45,187.95,163.08,167.52,158.33,132.38,107.37,86.545,81.113,83.16,86.151,90.988,103.3,109.08,111.84,101.95,107.04,104.23,76.414
37.5,55.361,44.288,41.772,40.564,38.865,38.881,37.872,38.384,35.98,43.212,41.121,40.135,45.618,59.103,65.491,49.43,43.319,47.728,42.112,48.286,45.034,52.835,62.346,48.626,56.42,83.436,65.762,64.666,76.372,107.74,102.47,140.86,178.48,171.16,192.81,203.49,196.29,184.76,196.85,184.66,199.19,184.96,189.52,210.05,167.47,84.277,103.27,85.85,69.743,60.914,67.037,73.067,69.902,108.96,163.98,194.09,161.6,133.55,89.574,88.83,79.742,103.54,117.1,117.66,128.57,131.5,129.91,137.77,164.33,187.71,219.61,246.6,248.99,236.68,214.44,174.74,149.98,140.98,160.17,160.65,153.19,153.5,151.35,151.09,140.11,122.27,101.71,107.63,119.67,131.12,144.73,132.7,134.31,126.73,118.37,100.13,94.022,93.66,96.364,94.662,111.52,110.57,78.141,81.094,86.206,86.348,93.269,108.96,109.7,116.69,142.02,175.7,195.41,205,212.33,218.11,204.49,200.06,191.6,170.09,152.75,144.57,142.81,156.83,163.32,146.32,127.28,104.47,99.277,86.61,72.754,61.977,55.048,49.407,52.346,65.048,86.262,119.52,155.6,178.87,122.62,100.12,69.795,96.56,118.79,119.3,136.24,158.14,203.81,225.84,224.88,203.69,213.91,213.41,201.91,194.32,177.64,169.41,175.27,168.45,149.77,167.7,176.47,195.4,201.12,196.87,187.93,165.6,124.76,110.77,130.87,169.16,163.73,132.86,133,103.4,98.986,105.35,132.98,126.1,125.95,131.35,140.81,164.23,150.28,184.73,201.75,202.19,195.25,175.46,157.74,114.4,95.499,85.308,78.73,59.264,71.324,101.3,121.03,124.56,115.21,109.25,87.149,77.624,90.748,97.336,135.23,131.45,151.35,186.67,171.28,103.46,93.524,145.23,165.76,118.55,99.469,84.218,126.93,152.01,162.75,172.1,179.39,184.13,182.02,185.28,183.22,180.32,179.53,186.4,187.1,180.85,166.21,117.53,58.32,43.659,36.717,44.698,63.58,67.421,87.312,101.51,81.163,80.302,89.06,102.37,129.86,171.48,173.45,188.99,158.21,152.07,183.72,167.41,135.66,103.45,99.729,91.386,91.924,99.939,99.838,90.118,92.76,86.679,73.788,69.225,63.426,68.87,70.089,60.505,94.414,106.52,112.3,107.9,101.23,91.037,77.385,68.829,60.476,63.127,65.466,65.008,73.708,73.465,74.12,72.459,72.403,81.007,77.789,103.8,135.46,156.26,152.67,149.65,147.96,113.44,97.172,99.368,105.57,106.51,99.31,99.826,66.451,57.377,56.286,64.639,74.753,81.568,109.01,98.267,93.435,68.184,60.147,66.16,64.6,58.488,61.974,58.663,56.534,53.253,41.457,35.811,34.623,40.883,42.674,44.695,45.181,45.382,47.165,47.071,52.385,45.305,50.865,53.825,56.934,51.784,50.386,60.029,67.17,50.019,69.846,98.36,153.38,192.06,191.68,165.81,139.29,121.47,109.46,98.021,79.535,92.78,105.42,99.286,103.3,106.04,105.44,99.958,92.815,86.561
38.5,74.082,57.104,49.988,45.836,45.699,44.481,37.517,38.571,42.519,43.868,42.993,39.867,40.747,40.354,45.674,65.379,86.703,49.088,37.028,44.42,55.19,53.699,55.375,57.02,78.689,102.94,77.397,89.695,121.22,136.04,144.17,148.28,150.08,147.34,156.22,175.74,230.94,207.76,203.1,193.31,212.14,236.4,215.51,159.15,151.97,105.83,117.53,95.232,82.408,48.02,40.121,72.796,80.862,68.99,104.94,192.77,186.54,116.72,88.43,92.036,88.879,91.654,102.03,118.28,156.99,183.27,185.77,191.57,210.18,200.23,235.15,248.06,242.76,203.37,171.3,176.83,161.33,164.11,160.24,160.08,159.09,159.6,148.8,145.61,141.42,112.11,99.314,93.535,89.643,98.998,93.159,104.67,111.47,103.02,108.57,115.95,118.4,104.2,104.25,103.12,81.095,83.862,86.574,92.247,96.696,84.371,82.798,97.839,107.86,115.69,123.07,147.75,170.75,177.36,190.18,207.76,199.51,194.13,180.02,158.19,143.96,143.17,150.52,162.55,132.53,118.51,105.7,98.432,89.621,87.295,72.111,63.291,68.303,61.645,58.585,82.01,107.51,136.6,134.23,154.49,131.52,90.473,87.79,91.586,79.908,86.85,118.25,167.12,214.42,223.36,211.11,195.37,201.03,213.38,215.04,201.76,192.36,177.12,174.49,164.6,153.73,156.48,160.52,191.32,209.24,202.42,180.23,161.6,138.01,141.36,156.76,183.2,154.19,137.09,106.47,96.792,108.06,122.24,141.05,143.39,125.1,122.77,116.43,126.71,131.36,171.51,195.04,209.06,199.8,193.5,165.5,138.6,84.544,60.83,71.837,52.34,58.361,67.358,78.817,101.8,100.79,108.56,78.373,86.8,91.432,90.012,102.81,127.5,145.69,191.27,191.82,136.79,122.78,160.15,159.95,106.35,95.556,104.33,118.7,133.14,145.72,156.48,174.42,185.76,185.4,178.24,177.07,171.29,170.63,170.02,161.38,153.17,151.23,126.85,59.849,41.758,41.087,57.007,65.237,66.017,102.01,86.619,83.407,87.486,105.24,111.37,147.58,174.22,169.22,153.15,135.15,154.61,155.58,179.48,170.52,131.08,110.36,102.88,91.663,77.302,87.218,85.106,94.209,111.49,88.428,79.69,72.441,73.565,91.684,98.094,128.51,160.18,188.65,192.49,184.09,170.76,151.56,136.84,120.6,108.75,82.483,61.477,63.434,51.959,67.594,75.988,88.893,83.443,88.086,117.15,128.24,148.39,161.59,154.78,170.29,145.96,112.89,111.48,120.13,101.63,110.32,120.91,89.28,69.371,62.368,81.321,91.792,96.033,126,138.13,140.22,120.52,89.983,91.361,96.424,82.777,65.843,68.741,75.453,73.636,64.737,51.104,43.648,46.431,49.697,45.825,43.322,41.305,43.635,45.482,45.317,48.021,49.37,46.949,50.351,55.252,55.306,51.91,50.774,57.979,53.424,52.176,65.23,105.6,150.64,182.56,168.12,115.21,82.529,64.14,69.371,85.478,101.76,109.49,96.947,85.198,87.497,81.693,101.65,88.225
39.5,102.34,71.025,65.55,59.611,45.887,38.76,37.198,42.39,40.377,40.939,35.917,42.715,40.117,39.701,57.355,69.509,68.051,42.272,46.48,48.596,63.593,65.454,56.923,43.266,59.038,67.099,87.55,110.39,141.93,188.41,189.37,171.66,159.75,125.06,149.63,145.24,181.35,222.86,229.36,223.61,215.75,226.85,215.85,217.89,153.99,186.65,133.98,71.878,68.532,70.477,63.783,82.566,61.99,67.994,78.952,107.19,141.58,136.47,122.17,114.34,132.85,106.59,98.395,93.787,107.15,139.99,170.23,220.17,227.77,213.74,232.02,238.15,239.68,223.75,174.85,147.65,179.51,175.76,169.42,163.32,161.21,158.12,147.74,137.2,125.15,116.69,105.37,100.06,98.949,106.2,93.068,100.67,103.9,97.42,102.88,106.12,101.4,95.446,88.374,86.365,92.704,92.024,88.864,94.101,96.467,93.552,87.449,88.391,100.31,107.16,123.88,150.13,161.15,171.89,176.08,192.88,203.17,209,184.64,166.77,152.9,142.32,172.46,184.53,145.65,121.35,116.45,115.76,97.987,100.36,86.101,81.504,104.19,98.804,110.98,130.25,136.69,141.73,154.16,127.82,143.01,120.59,96.815,80.378,89.92,95.26,143.54,172.58,203.07,214.8,200.36,168.72,179.63,200.49,209.23,205.71,199.25,182.79,173.3,166.07,155.09,143.96,155.74,177.39,196.45,191.7,155.99,182.18,181.95,161.88,165.53,167.48,149.66,123.92,93.875,107.12,135.29,137.92,132.53,137.93,143.2,128.44,117.75,112.03,109.55,138.78,181.4,199.81,199.61,191.89,178.32,157.06,94.495,77.249,99.599,114.21,113.51,92.289,88.274,62.909,59.08,90.811,78.164,72.124,75.702,92.249,96.05,116.55,150.07,182.53,200.36,169.93,127.83,162.17,138.79,93.895,107.2,117.46,106.88,143.35,146.62,146.14,144.61,157.64,165.15,170.68,169.86,162.85,158.51,151.57,138.29,132.34,133.74,110.76,62.595,41.206,46.689,58.483,59.578,67.293,71.811,84.829,111.24,120.01,135.16,145.31,120.07,163.85,191.13,162.19,152.63,152.7,182.67,180.57,191.74,147.77,125.86,139.29,145.2,112.18,108.08,116.66,128.66,130.33,113.39,90.349,79.816,99.62,129.87,137.93,159.28,183.61,193.2,195.94,203.57,178.17,157.33,151.86,150.55,165.81,153.25,89.946,72.097,60.142,72.083,83.429,102.29,130.69,115.08,125.77,157.78,142.86,159.75,181.29,173.03,146.15,131.58,115.35,124.13,137.96,117.41,113.07,107.82,94.205,85.722,88.405,88.086,111.77,126.23,136.14,120.94,100.65,97.475,99.204,91.915,87.292,103.87,102.08,96.686,94.603,113.48,97.917,75.536,57.063,58.208,54.845,48.787,45.544,48.751,46.957,52.36,44.794,57.156,89,106.69,113.71,97.004,88.759,97.294,77.902,55.56,57.369,47.193,52.65,69.484,91.881,106.94,107.65,82.423,70.332,58.002,79.563,71.855,82.1,88.501,91.992,97.127,101.15,92.485,100.35
40.5,90.306,116.64,97.609,85.2,77.26,48.458,44.861,47.324,56.102,55.334,42.011,45.124,45.697,43.704,58.999,75.081,61.522,45.673,65.818,49.711,79.727,75.454,59.452,55.135,46.863,47.544,68.281,93.823,129.47,181.98,199.59,198.31,190.9,171.03,155.39,136.37,133.68,186.71,209.33,219.3,207.47,204.34,201.1,185.7,199.95,169.24,138.51,100.42,90.002,137.23,141.74,99.494,53.546,66.961,87.49,94.358,105.46,136.08,151.96,133.18,123.44,106.77,93.793,94.248,98.355,115.79,153.04,175.07,173.85,191.04,199.53,189.09,223.09,235.7,223.98,199.3,196.84,186.45,162.44,162.03,152.49,150.74,147.82,137.47,125.92,123,118.56,110.76,108.02,103.34,115.85,104.41,96.778,91.883,109.12,102.57,97.536,93.571,91.137,86.023,82.746,85.698,83.695,91.649,94.553,93.868,87.849,87.716,91.979,100.74,111.57,136.33,154.76,163.66,172.57,183.69,199.03,198.91,182.41,173.58,157.7,134.78,123.94,148.93,130.81,131.82,129.59,112.12,110.95,120.98,133.14,143.59,122.33,122.51,130.37,143.98,112,123.34,127,129.29,140.39,114.7,93.576,145.37,130.12,136.32,155.13,172.67,200.88,205.85,193.5,160.77,166.17,192.46,199.63,205.04,204.02,187.54,183.88,176.55,157.8,155.45,143.2,153.5,169.63,172.78,184.14,183.01,182.55,169.7,152.97,143.74,132.83,101.36,93.7,112.99,114.9,111.03,114.05,122.37,135.96,107.67,132.71,121.74,118.26,107.92,138.8,172.41,193.79,191.72,182.99,173.17,145.53,121.12,113.5,113.52,119.51,144.29,106.26,57.994,62.558,90.437,100.06,89.9,93.886,97.054,103.86,105.03,150.82,176.23,189.41,183.94,131.46,146.26,123.08,96.586,128.27,120.62,125.85,139.15,143.59,126.95,118.19,125.13,136.34,153.64,164.13,163.36,156.83,144.93,139.72,125.36,118.28,99.2,61.883,41.978,51.877,53.966,62.653,62.287,77.368,76.289,86.445,113.99,135.75,113.8,106.67,125.68,170.27,157.44,140.75,164.98,168.54,177.37,175.06,133.19,176.98,192.52,187.46,174.38,163.1,159.26,150.66,125.22,114.13,108.92,116.59,143.1,175.03,192.17,204.64,192.98,193.93,191.16,194.4,169.65,146.72,170.43,184.21,180.9,185.49,144.23,108.85,87.672,91.326,103.35,109.57,146.2,149.22,137.45,153.48,141.23,154.5,179.1,170.29,164.42,160.83,153.21,149.19,138.24,143.61,123.77,93.55,83.282,89.315,94.923,107.92,112.65,112.85,111.13,115.57,103.6,81.763,71.549,80.743,87.934,102.54,108.85,121.06,128.46,133.27,154.08,138.07,100.74,77.915,61.076,54.569,52.064,52.178,50.623,49.072,57.404,79.735,111.39,62.285,68.693,72.165,63.357,72.168,77.885,82.799,101.94,91.569,58.304,55.503,53.987,51.389,51.758,65.484,55.966,46.319,81.34,98.178,73.341,84.395,96.355,92.904,80.3,106.53,118.58
41.5,84.678,83.83,109.93,134.93,128.15,90.069,59.68,55.73,50.423,53.531,47.973,61.274,67.605,69.273,68.633,58.707,46.684,43.122,52.399,53.038,101.79,78.334,64.3,70.125,72.369,70.671,73.435,109.27,133,157.75,190.01,198.29,205.73,198.28,169.21,138.29,69.808,49.496,106.36,135.51,126.84,120.82,169.26,179.56,141.94,122.21,137.1,165.47,187.54,198.94,157.09,80.434,87.859,53.197,71.033,99.993,111.98,97.68,130.16,123.02,103.97,102.91,91.269,88.309,85.473,87.227,90.787,104.27,125.46,159.86,210.44,210.11,231.33,232,221.52,206.18,219.85,212.34,185.82,163.65,150.91,140.39,122.52,131.73,122.56,115.98,113.34,104.83,101.36,105.92,98.266,92.932,84.259,85.295,83.661,79.467,77.492,89.134,90.832,88.883,84.851,88.679,85.53,85.416,84.435,88.521,90.115,89.151,88.557,91.527,102.76,110.95,128.04,140.15,150.55,166.17,166.83,185.15,178.94,179.42,166.11,155.93,146.47,141.21,126.49,134.7,120.81,109.4,120.91,116.15,145.26,92.448,67.814,83.665,107.63,99.287,84.249,110.4,137.35,120.47,96.358,93.016,105.28,156.77,148.83,154.02,162.59,163.41,193.98,212.18,188.26,161.59,167.72,169.88,170.49,194.87,204.73,202.76,193.45,181.82,162.33,153.55,149.69,134.83,151.67,163.74,168.32,164.75,171.21,155.58,136.15,117.4,109.94,102.91,100.31,104.49,108.86,100.58,102.26,102.11,106.78,107.32,101.65,131.66,126.82,120.1,118.7,141.96,166.17,180.59,189.3,179.24,173.36,159.12,138.46,111.78,112.69,91.787,70.971,60.591,79.001,89.928,108.4,111.77,108.05,110.98,121.25,104.46,129.61,161.95,192.41,187.19,153.94,137.49,129.47,100.53,126.34,113.6,128.83,129.58,129.95,130.36,112.07,122.65,127.97,153.95,166.05,160.87,156.03,148.44,142.06,124.2,111.02,99.02,58.67,41.033,53.87,60.065,61.339,63.05,70.946,79.482,82.696,107.95,117.42,112.34,120.87,109.49,163.08,145.78,156.08,153.92,172.94,169.81,172.93,190.86,221.49,183.73,149.78,148.52,163.01,166.61,150.77,132.31,116.94,133.55,163.52,181.24,195.33,204.66,187.15,181.4,190.65,182.07,177.53,152.76,146.5,151.57,170.93,197.57,213.18,198.59,166.05,147.44,136.38,139.9,146.42,175.69,190.79,187.33,181.24,175.09,162.55,148.09,163.82,166.07,171.22,170.68,164.2,149.7,146.32,146.3,118.29,113.48,89.224,93.442,93.643,100.65,108.13,120.7,111.91,104.4,97.913,103.11,89.959,86.477,97.448,112.86,127.75,147.28,159.95,168.55,173.03,168.02,132.26,98.517,76.446,60.72,57.356,63.815,63.177,80.125,73.037,53.968,40.766,46.133,62.222,64.662,55.868,50.122,48.599,48.084,59.135,63.735,72.27,79.683,67.929,59.603,62.031,60.803,54.568,100.32,112.07,72.784,87.758,83.03,92.792,101.58,122.88,106.37
42.5,102.77,94.812,91.516,112.13,175.12,146.09,95.574,56.409,50.658,63.074,53.289,83.106,70.996,75.292,47.717,37.322,44.544,38.767,56.565,93.255,95.202,89.342,82.556,86.377,72.414,71.432,78.027,84.302,118.25,167.82,170.72,168.36,167.66,169.26,171.15,153.42,101.34,51.257,51.052,76.954,75.345,90.027,137.12,160.82,162.65,167.65,140.34,161.04,177.16,174.35,152.45,105.92,104.47,102.81,95.409,90.302,103.36,92.514,101.61,93.101,113.41,112.5,91.376,78.442,71.4,71.268,69.844,76.302,93.072,119.86,168.04,183.51,195.2,215.57,219.31,201.4,206.22,204.61,195.13,187.23,169.42,154.67,148.84,134.75,127.79,106.48,86.904,90.21,99.381,98.324,102.06,107.23,96.866,104.78,91.268,79.698,79.823,82.754,81.335,78.85,75.495,75.4,78.209,82.656,78.603,79.836,84.711,89.264,91.946,89.925,93.362,100.54,109.34,118.86,130.78,133.63,140.79,143.67,158.55,155.8,158.93,158.92,158.98,164.63,148.84,135.31,121.24,121.2,116.42,106.39,107.67,85.512,69.246,61.604,54.601,60.164,68.713,111.89,122.03,123.76,116.03,99.174,103.52,120.42,102.68,126.23,155.36,160.67,179.35,204.26,189,166.96,161.25,139.5,159.13,166.22,179.9,197.57,184.95,180.54,156.58,151.83,141.07,131.2,148.07,143.47,138.99,142.65,145.29,136.54,128.86,112.83,106.36,109.91,105.29,107.17,107.55,100.93,92.68,75.269,85.015,93.762,97.58,106.07,116.04,133.06,125.27,114.63,136.61,148.37,165.15,177.64,174.44,166.85,165.32,152.71,133.49,117.52,109.68,106.14,98.435,97.79,98.769,107.93,112.01,110.03,107.49,111.83,121.26,173.71,201.49,194.12,164.9,134.96,138.6,92.294,129.93,110.16,114.74,129.73,116.55,96.531,97.766,112.33,129.42,148.6,157.36,162.13,163.98,150.71,146.97,135.76,111.02,108.86,84.938,48.83,65.999,62.183,60.113,61.554,68.359,82.819,92.728,97.41,82.539,102.3,137.35,145.04,167.17,157.92,153.67,159.16,154.34,164.81,189.23,178.94,185.72,174.29,133.31,127.92,121.23,126.14,128.34,123.32,106.2,128.87,153.81,172.54,176.38,162.21,155.78,155.68,153.99,154.96,151.26,143.95,139.52,153.57,184.87,172.71,187.24,205.24,187.51,190.12,192.09,157.22,171.73,175.23,158.09,168.84,189.1,182.55,169.89,157.52,160.77,161.28,174.6,169.63,164.33,161.21,160.85,157.4,126.89,118.72,111.26,98.192,108.78,100.29,98.724,100.38,119.5,132.31,143.19,144.86,151.92,152.69,147.64,172.88,195.37,196.78,193.54,202,195.45,203.39,191.9,164.52,146.1,101.23,87.853,87.85,77.85,63.991,47.931,47.378,41.878,54.245,77.872,111.27,111.72,106.55,95.369,80.461,69.462,56.876,54.02,53.524,72.041,72.088,72.856,82.513,86.918,134.02,139.34,103.42,77.025,102.8,96.49,110.88,103.03,104.92
43.5,102.09,94.374,93.355,154.06,184.7,119.48,91.446,87.112,80.471,105.64,153.32,134.22,72.024,49.923,43.565,44.324,59.359,73.863,88.005,84.014,78.132,66.143,74.599,69.052,59.428,63.51,87.941,88.115,115.84,143.45,164.67,167.74,176.93,158.37,139.35,137.97,103.14,79.416,61.745,97.615,147.6,146.02,165.3,163.25,136.35,134.13,136.46,133.27,114.07,116.12,109.21,123.58,114.2,115.14,103.84,91.641,82.224,109.94,103.15,90.732,104.52,129.17,116.85,100.32,90.97,84.634,67.096,75.206,111.4,123.78,128.69,153.7,172.9,203.79,221.31,215.72,218.15,215.11,206.04,189.23,171.07,162.84,161.69,153.77,157.32,105.66,72.186,72.275,69.177,80.698,96.315,93.074,96.354,103.71,99.618,88.576,78.934,76.379,77.88,81.138,80.556,79.92,77.446,76.568,75.996,79.971,88.145,91.529,93.508,92.72,89.683,93.774,95.852,101.6,110.24,116,120.77,124.62,144.55,143.69,146.84,134.5,137.53,140.14,145.07,132.08,124.58,126.1,119.39,114.87,114.09,98.79,85.113,74.125,69.57,56.387,51.608,52.703,59.746,57.109,82.745,132.34,142.32,163.77,151.91,125.39,144.99,161.96,162.93,183.88,187.75,174.35,143.14,159.14,144.75,154.12,160.24,160.83,156.96,160.67,141.35,140.44,132.98,134.82,129.08,132.67,137.61,140.89,138.62,127.35,126.56,134.3,127.75,123.67,119.42,113.1,105.85,105.56,80.814,62.919,67.897,81.404,72.075,70.775,79.293,103.35,132.74,129.53,120.46,134.38,133.62,143.54,161.52,164.57,167.14,171.76,174.09,175.93,161.89,140.65,114.29,100.3,95.348,97.678,100.66,107.78,94.701,112.12,132.39,169.18,184.6,185.95,166.87,146.69,136.2,117.76,136.33,107.43,108.03,118.73,133.45,115.1,114.79,124.36,139.96,145.3,146.74,146.16,149.35,140.68,145.85,148.85,137.38,123.16,115.58,78.026,63.929,63.311,57.64,61.908,59.389,65.751,75.418,88.613,100.16,117.14,119.6,113.06,161.24,164.9,169.5,155.17,168.52,157.26,155.06,160.97,150.08,141.11,136.9,133.46,118.28,117.47,133.44,128.91,124.94,122.45,125.8,124.7,104.02,111.87,116.9,133.39,150.62,132.24,126.97,147.87,178.1,183.05,184.57,179.02,179.83,182.85,183.15,220.81,203.5,203.34,193.6,193.96,194.3,191.44,197.73,198.62,202.32,194.96,196.19,181.41,176.51,172.42,174.31,181.78,155.38,139.98,128.24,115.38,114.57,86.677,90.658,102.27,114.25,128.91,135.29,140.09,139.38,139.7,147.08,155.7,151.25,166.72,185.29,178.81,187.25,178.98,182.58,208.3,202.34,202.78,174.34,132.21,117.69,104.65,74.949,61.723,50.83,48.968,44.457,62.267,82.43,102.73,104.4,93.754,96.275,81.714,76.817,71.816,68.247,63.426,57.205,54.673,57.284,67.295,83.222,118.27,138.78,120.89,91.461,107.37,134.18,137.86,136.56,143.51
44.5,102.5,86.844,86.553,102.12,148.66,98.071,99.195,102.87,100.37,103.39,84.945,69.046,56.842,45.917,46.181,66.395,61.688,64.528,61.601,64.005,60.732,60.147,57.03,56.417,55.663,57.216,61.142,68.99,95.887,114.74,135.8,144.88,173.15,162.95,166.63,161.31,152.47,121.62,129.58,131,94.529,125.75,153.28,148.5,138.58,132,124.22,109.64,68.022,51.597,79.987,98.312,99.07,98.452,100.17,107.46,103.65,114.96,140.72,133.5,127.98,136.06,147.56,142.81,145.08,134.97,128.64,116.24,85.754,85.107,108.78,130.04,145.15,174.28,191.16,201.9,206.7,210.85,217.47,208.62,184.65,156.85,160.56,137.5,126.65,122.36,122.43,99.228,107.28,111.22,92.293,83.639,82.105,107.05,90.748,99.939,112.05,103.5,109.05,105.18,95.529,98.545,85.036,89.468,91.44,89.602,93.256,90.856,84.346,86.375,86.299,84.262,86.737,84.103,84.088,96.446,107.47,113.5,124.73,134.54,144.95,142.35,140.3,142.82,138.44,125.4,126.39,131.77,129.86,127.09,114.8,96.154,104.19,61.425,59.3,60.053,59.051,44.797,45.654,43.959,48.179,87.328,149.65,186.58,162.93,158.18,147.75,158.58,150.91,155.39,159.3,161.79,137.75,136.37,129.37,129.43,127.28,125.92,140.1,144.59,134.97,131.72,140.17,138.48,130.86,145.51,167.15,171.43,149.86,129.12,130.91,157.88,162.25,159.33,150.31,146.28,138.89,136.15,94.143,71.123,68.517,78.835,80.162,67.966,54.674,71.737,93.573,109.39,112.96,121.96,135.88,137.05,131.83,156.23,165.65,178.33,186.53,186.31,185.78,176.39,162.83,132.27,110.55,90.207,86.162,115.09,102.81,104.21,130.94,156.29,174.54,180.57,156.69,152.47,130.01,127.21,140.94,116.58,101.18,103.79,99.107,124.52,129.66,133.99,116,98.571,92.505,89.438,98.468,102.61,121.61,140.43,145.83,134.02,114.44,110.71,89.337,84.975,69.367,55.003,68.426,99.488,83.825,124.12,153.37,151.29,163.48,147.77,166.33,168.82,156.95,119.56,174.92,178.64,167.95,168.38,155.78,113.93,110.25,99.2,89.909,99.271,127.38,136.71,148.73,126.26,104.62,116.38,113.23,94.603,92.027,121.58,156.47,151.71,140.52,144.14,159.11,140.93,171.75,196.14,200.21,205.59,209.79,210.46,212.87,203.02,218.24,205.07,213.22,213.51,227.9,229.63,224.46,220.17,218.27,204.39,194.32,176.95,179.4,187.12,189.05,160.66,125.51,109.09,106.18,94.322,92.023,117.73,136.24,140.25,131.65,117.52,111.6,107.05,92.059,112.34,121.26,125.05,146.4,155.62,155.23,161.74,164.93,178.86,203.65,195.88,173.95,144,123.78,100.77,80.622,67.856,57.279,60.208,58.207,76.88,89.681,88.751,73.084,69.08,66.499,63.864,57.125,54.296,55.587,57.353,61.657,62.861,59.432,56.83,66.913,86.594,82.773,91.971,95.09,69.726,68.172,78.367,81.468,101.27
45.5,100.72,100.72,87.882,87.882,82.696,82.696,107.04,107.04,76.084,76.084,67.503,67.503,56.301,56.301,57.984,57.984,59.544,59.544,58.865,58.865,59.538,59.538,68.682,68.682,68.786,68.786,63.374,63.374,83.74,83.74,98.439,98.439,151.32,151.32,168.51,168.51,145.37,145.37,159.95,159.95,158.99,158.99,157.55,157.55,141.74,141.74,142.88,142.88,134.5,134.5,113.15,113.15,122.55,122.55,137.95,137.95,158.34,158.34,169.98,169.98,123.13,123.13,135.37,135.37,184.14,184.14,168.95,168.95,118.67,118.67,155.78,155.78,188.32,188.32,208.29,208.29,205.06,205.06,198.35,198.35,197.56,197.56,174.71,174.71,148.84,148.84,138.85,138.85,99.093,99.093,82.653,82.653,79.913,79.913,129.22,129.22,157.38,157.38,139.61,139.61,109.38,109.38,105.07,105.07,95.836,95.836,95.76,95.76,82.11,82.11,84.665,84.665,83.416,83.416,82.903,82.903,87.04,87.04,105.34,105.34,134.08,134.08,157.34,157.34,137.19,137.19,131.01,131.01,122.22,122.22,99.592,99.592,73.415,73.415,59.394,59.394,62.611,62.611,49.914,49.914,47.437,47.437,89.478,89.478,135.92,135.92,148.23,148.23,191.88,191.88,148.09,148.09,146.39,146.39,123.71,123.71,107.96,107.96,124.68,124.68,140.28,140.28,141.47,141.47,159.24,159.24,196.94,196.94,167.45,167.45,141.78,141.78,151.48,151.48,145.89,145.89,142.35,142.35,88.296,88.296,61.555,61.555,70.552,70.552,67.041,67.041,86.661,86.661,98.716,98.716,115.34,115.34,129.63,129.63,145.04,145.04,174.7,174.7,178.9,178.9,172.56,172.56,107.57,107.57,101.48,101.48,108.7,108.7,149.26,149.26,175.34,175.34,148.5,148.5,134.04,134.04,136.01,136.01,103.89,103.89,92.23,92.23,74.642,74.642,62.372,62.372,58.821,58.821,64.297,64.297,100.04,100.04,138.07,138.07,129.53,129.53,122.24,122.24,81.643,81.643,91.581,91.581,130.3,130.3,175.02,175.02,158.89,158.89,146.82,146.82,110.07,110.07,132.49,132.49,152.12,152.12,125.51,125.51,102.54,102.54,122.33,122.33,153.79,153.79,115.36,115.36,102.03,102.03,117.74,117.74,124.43,124.43,143.55,143.55,147.69,147.69,132.19,132.19,175.87,175.87,205.16,205.16,214.67,214.67,214.61,214.61,215.83,215.83,199.76,199.76,216.52,216.52,217.98,217.98,206.9,206.9,182.56,182.56,173.08,173.08,177.49,177.49,167.54,167.54,137.45,137.45,123.35,123.35,130.5,130.5,98.243,98.243,98.606,98.606,118.76,118.76,132.08,132.08,135.26,135.26,155.29,155.29,171.5,171.5,200.14,200.14,160.55,160.55,116.7,116.7,85.857,85.857,82.678,82.678,77.348,77.348,65.712,65.712,53.812,53.812,59.192,59.192,49.054,49.054,49.342,49.342,56.103,56.103,60.243,60.243,58.428,58.428,91.657,91.657,87.378,87.378,71.346,71.346,94.109,94.109
46.5,120.8,120.8,98.831,98.831,89.682,89.682,102.49,102.49,127.57,127.57,101.88,101.88,78.695,78.695,55.731,55.731,60.586,60.586,59.746,59.746,60.246,60.246,64.63,64.63,61.008,61.008,60.156,60.156,63.263,63.263,73.57,73.57,102.41,102.41,139.03,139.03,140.79,140.79,163.36,163.36,165.78,165.78,193.37,193.37,180.34,180.34,179,179,193.6,193.6,175.81,175.81,174.88,174.88,186.37,186.37,203.78,203.78,192.75,192.75,133.85,133.85,146.73,146.73,175.35,175.35,175.47,175.47,181.09,181.09,185.89,185.89,195.55,195.55,200.09,200.09,189.36,189.36,189.26,189.26,191.21,191.21,204.53,204.53,143.97,143.97,147.92,147.92,172.17,172.17,169.05,169.05,120.84,120.84,179.19,179.19,192.58,192.58,147.92,147.92,125.69,125.69,129.2,129.2,111.01,111.01,93.734,93.734,87.669,87.669,82.138,82.138,81.83,81.83,85.245,85.245,82.445,82.445,85.993,85.993,117.34,117.34,155.34,155.34,154.37,154.37,144.86,144.86,119.05,119.05,86.333,86.333,65.285,65.285,60.85,60.85,61.826,61.826,59.053,59.053,45.976,45.976,71.761,71.761,115.71,115.71,146.24,146.24,193.65,193.65,152.52,152.52,140.57,140.57,128.73,128.73,111.94,111.94,119.83,119.83,139.36,139.36,147.71,147.71,164.48,164.48,190.88,190.88,158.03,158.03,132.67,132.67,140.87,140.87,127.84,127.84,113.45,113.45,71.865,71.865,64.642,64.642,58.624,58.624,69.862,69.862,71.268,71.268,90.667,90.667,98.307,98.307,114.4,114.4,119.94,119.94,139.5,139.5,167.03,167.03,149.28,149.28,136.02,136.02,117,117,106.62,106.62,154.32,154.32,174.83,174.83,153.45,153.45,145.02,145.02,145.33,145.33,120.19,120.19,94.172,94.172,80.936,80.936,73.238,73.238,76.959,76.959,78.477,78.477,78.058,78.058,108.65,108.65,135.23,135.23,140.09,140.09,86.8,86.8,68.328,68.328,96.631,96.631,161.64,161.64,153.88,153.88,155.19,155.19,126.72,126.72,127.18,127.18,121.27,121.27,116.5,116.5,103.92,103.92,133.03,133.03,146.59,146.59,102.09,102.09,112.39,112.39,168.71,168.71,173.06,173.06,183.2,183.2,163.28,163.28,143.08,143.08,157.8,157.8,193.06,193.06,206.24,206.24,220.53,220.53,221.41,221.41,216.06,216.06,217.03,217.03,205.84,205.84,192.04,192.04,177.47,177.47,179.65,179.65,170.29,170.29,171.9,171.9,161.22,161.22,149.14,149.14,154.18,154.18,111.47,111.47,100.65,100.65,125.37,125.37,125.7,125.7,108.07,108.07,131.68,131.68,156.81,156.81,196.65,196.65,166.55,166.55,116.4,116.4,95.024,95.024,95.266,95.266,87.89,87.89,71.331,71.331,62.791,62.791,62.355,62.355,57.88,57.88,60.596,60.596,62.612,62.612,63.747,63.747,61.286,61.286,91.344,91.344,118.82,118.82,105.95,105.95,109.19,109.19
47.5,127.86,127.86,119.04,119.04,101.18,101.18,85.086,85.086,73.58,73.58,87.921,87.921,92.019,92.019,68.424,68.424,59.095,59.095,59.929,59.929,59.022,59.022,58.63,58.63,65.001,65.001,56.22,56.22,50.296,50.296,52.133,52.133,71.102,71.102,78.278,78.278,112.97,112.97,136.5,136.5,180.88,180.88,207.69,207.69,195.09,195.09,193.45,193.45,200.57,200.57,203.1,203.1,191.24,191.24,196.89,196.89,203.87,203.87,189.55,189.55,173.65,173.65,172.4,172.4,145.97,145.97,180.69,180.69,178.46,178.46,203.11,203.11,208.04,208.04,199.2,199.2,186.88,186.88,158.26,158.26,151.41,151.41,159.46,159.46,167.52,167.52,182.7,182.7,212.31,212.31,157.03,157.03,133.95,133.95,164.91,164.91,178.41,178.41,153.31,153.31,146.94,146.94,113.88,113.88,100.28,100.28,89.273,89.273,83.21,83.21,80.494,80.494,78.949,78.949,86.325,86.325,81.864,81.864,75.136,75.136,134.36,134.36,167.33,167.33,165.01,165.01,151.26,151.26,125.22,125.22,104.41,104.41,77.081,77.081,61.039,61.039,57.304,57.304,64.364,64.364,45.678,45.678,86.794,86.794,128.28,128.28,120.9,120.9,142.3,142.3,148.9,148.9,151.97,151.97,146.54,146.54,143.56,143.56,135.53,135.53,145.71,145.71,162.55,162.55,176.32,176.32,184.09,184.09,155.49,155.49,120.58,120.58,115.79,115.79,102.78,102.78,97.357,97.357,77.658,77.658,63.665,63.665,54.317,54.317,45.463,45.463,55.061,55.061,62.225,62.225,83.356,83.356,98.908,98.908,122.29,122.29,116.75,116.75,149.39,149.39,166.18,166.18,143.03,143.03,117.64,117.64,120.26,120.26,158.47,158.47,169.54,169.54,152,152,154.32,154.32,147.5,147.5,134.46,134.46,105.01,105.01,90.211,90.211,100.13,100.13,125.61,125.61,131.63,131.63,99.237,99.237,82.175,82.175,109.07,109.07,125.92,125.92,111.23,111.23,72.072,72.072,116.17,116.17,132.77,132.77,149.05,149.05,145.1,145.1,123.46,123.46,99.33,99.33,95.409,95.409,128.55,128.55,133.1,133.1,151.53,151.53,174.51,174.51,125.55,125.55,115.56,115.56,155.14,155.14,132.08,132.08,150.46,150.46,134.52,134.52,149.69,149.69,159.62,159.62,178.38,178.38,189.33,189.33,200.84,200.84,206.87,206.87,208.28,208.28,203.36,203.36,174.51,174.51,159.77,159.77,135.16,135.16,126.96,126.96,160.56,160.56,166.39,166.39,162.75,162.75,152.51,152.51,151.65,151.65,120.19,120.19,104.83,104.83,119.48,119.48,105.07,105.07,107.77,107.77,134.7,134.7,171.59,171.59,194.36,194.36,170.28,170.28,124.77,124.77,96.814,96.814,98.295,98.295,92.131,92.131,77.26,77.26,70.025,70.025,68.195,68.195,67.337,67.337,61.619,61.619,63.315,63.315,62.653,62.653,67.071,67.071,66.716,66.716,129.01,129.01,138.79,138.79,133.23,133.23
48.5,124.19,124.19,117.15,117.15,112.96,112.96,83.374,83.374,69.928,69.928,60.555,60.555,58.86,58.86,61.28,61.28,57.639,57.639,63.831,63.831,62.729,62.729,60.449,60.449,69.713,69.713,66.049,66.049,50.224,50.224,45.501,45.501,53.734,53.734,61.898,61.898,73.568,73.568,114.72,114.72,135.79,135.79,166.89,166.89,194.66,194.66,194.26,194.26,192.96,192.96,189.74,189.74,193.72,193.72,190.26,190.26,201.84,201.84,205.82,205.82,180.86,180.86,192.14,192.14,181.53,181.53,208.66,208.66,220.18,220.18,203.95,203.95,200.52,200.52,193.78,193.78,183.74,183.74,165.08,165.08,148.97,148.97,133.49,133.49,156.38,156.38,214.78,214.78,180.95,180.95,118.56,118.56,122.83,122.83,166.42,166.42,170.58,170.58,151.36,151.36,105.98,105.98,95.222,95.222,89.723,89.723,73.059,73.059,65.87,65.87,72.24,72.24,78.372,78.372,111.68,111.68,94.865,94.865,102.09,102.09,149.5,149.5,165.23,165.23,149.52,149.52,148.59,148.59,124.36,124.36,86.786,86.786,91.844,91.844,63.454,63.454,62.88,62.88,72.29,72.29,46.768,46.768,53.539,53.539,102.9,102.9,98.736,98.736,98.044,98.044,131.22,131.22,153.98,153.98,184.9,184.9,179.63,179.63,176.37,176.37,179.04,179.04,177.84,177.84,184.87,184.87,192.06,192.06,177.35,177.35,132.25,132.25,120.69,120.69,110.31,110.31,101.66,101.66,76.33,76.33,62.168,62.168,49.276,49.276,43.315,43.315,42.728,42.728,45.099,45.099,53.556,53.556,91.048,91.048,103.67,103.67,114.89,114.89,116.78,116.78,155.65,155.65,147.27,147.27,137.43,137.43,137.94,137.94,156.88,156.88,173.68,173.68,154.34,154.34,157.78,157.78,150.81,150.81,132.41,132.41,113.91,113.91,124.01,124.01,140.27,140.27,140.51,140.51,154.83,154.83,130.18,130.18,62.803,62.803,69.846,69.846,84.888,84.888,143.7,143.7,96.142,96.142,130.12,130.12,131.12,131.12,142.87,142.87,134.15,134.15,134.56,134.56,94.094,94.094,80.334,80.334,95.918,95.918,109.36,109.36,103.66,103.66,175.52,175.52,159.34,159.34,118.63,118.63,123.43,123.43,94.354,94.354,72.255,72.255,93.477,93.477,89.565,89.565,102.74,102.74,150.03,150.03,138.8,138.8,161.73,161.73,175.95,175.95,187.27,187.27,179.61,179.61,164.69,164.69,141.08,141.08,113.9,113.9,103.14,103.14,141.21,141.21,162.39,162.39,152.29,152.29,129.35,129.35,126.32,126.32,122.33,122.33,118.97,118.97,109.23,109.23,106.25,106.25,108.41,108.41,138.82,138.82,176.94,176.94,208.59,208.59,184.7,184.7,138.71,138.71,102.48,102.48,97.461,97.461,93.572,93.572,87.568,87.568,76.677,76.677,72.667,72.667,72.482,72.482,69.107,69.107,68.312,68.312,63.225,63.225,68.568,68.568,74.629,74.629,104.59,104.59,150.26,150.26,130.08,130.08
49.5,108.27,108.27,125.6,125.6,113.93,113.93,96.994,96.994,72.009,72.009,77.282,77.282,70.084,70.084,77.683,77.683,68.176,68.176,67.678,67.678,67.675,67.675,78.694,78.694,126.37,126.37,104.12,104.12,53.208,53.208,46.512,46.512,50.2,50.2,45.481,45.481,45.887,45.887,57.699,57.699,74.861,74.861,79.028,79.028,105.99,105.99,168.98,168.98,192.2,192.2,191.95,191.95,182.67,182.67,192.39,192.39,204.37,204.37,205.05,205.05,205.77,205.77,196.39,196.39,186.36,186.36,205.51,205.51,213.8,213.8,202.23,202.23,198.11,198.11,188.71,188.71,177.84,177.84,173.09,173.09,167.48,167.48,180.82,180.82,178.46,178.46,189.18,189.18,165.11,165.11,146.4,146.4,123.91,123.91,167.11,167.11,189.88,189.88,157.01,157.01,114.63,114.63,78.365,78.365,75.197,75.197,62.054,62.054,70.907,70.907,80.067,80.067,101.71,101.71,126.94,126.94,112.71,112.71,126.78,126.78,142.26,142.26,161.84,161.84,154.87,154.87,141.08,141.08,121.98,121.98,79.293,79.293,65.801,65.801,92.327,92.327,79.285,79.285,83.099,83.099,60.322,60.322,79.125,79.125,107.87,107.87,75.446,75.446,63.093,63.093,90.126,90.126,128.91,128.91,165.73,165.73,178.45,178.45,172.12,172.12,175.97,175.97,180.07,180.07,180.45,180.45,189.57,189.57,190.68,190.68,165.11,165.11,127.29,127.29,118.94,118.94,104.39,104.39,92.124,92.124,77.047,77.047,63.374,63.374,48.873,48.873,40.944,40.944,41.771,41.771,44.072,44.072,55.749,55.749,92.87,92.87,104.64,104.64,104.16,104.16,119.69,119.69,152.39,152.39,156.68,156.68,151.34,151.34,165.07,165.07,170.25,170.25,164.24,164.24,159.9,159.9,144.49,144.49,121.92,121.92,91.863,91.863,92.618,92.618,134.03,134.03,127.86,127.86,127.24,127.24,115.27,115.27,54.721,54.721,63.664,63.664,131.88,131.88,155.65,155.65,139.61,139.61,150.93,150.93,130.11,130.11,123.31,123.31,149.86,149.86,151.76,151.76,116.83,116.83,91.351,91.351,76.605,76.605,82.821,82.821,95.168,95.168,178.83,178.83,179.43,179.43,122.36,122.36,97.889,97.889,106.04,106.04,96.266,96.266,86.589,86.589,80.108,80.108,81.48,81.48,110.16,110.16,101.02,101.02,99.542,99.542,109.44,109.44,116.82,116.82,121.36,121.36,104.83,104.83,112.78,112.78,131.17,131.17,122.49,122.49,136.4,136.4,160.39,160.39,127.98,127.98,88.342,88.342,75.572,75.572,111.23,111.23,139.39,139.39,123.07,123.07,117.94,117.94,110.03,110.03,132.49,132.49,173.24,173.24,199.48,199.48,186.02,186.02,166.89,166.89,121.8,121.8,103.2,103.2,101.46,101.46,95.872,95.872,88.476,88.476,90.007,90.007,82.661,82.661,73.875,73.875,66.826,66.826,72.233,72.233,72.944,72.944,81.297,81.297,85.819,85.819,140.86,140.86,141.06,141.06
50.5,116.65,116.65,112.78,112.78,104.73,104.73,88.495,88.495,87.238,87.238,77.108,77.108,72.165,72.165,77.881,77.881,76.038,76.038,92.466,92.466,77.673,77.673,101.71,101.71,103.33,103.33,75.38,75.38,73.824,73.824,59.225,59.225,53.497,53.497,52.81,52.81,48.7,48.7,48.909,48.909,58.775,58.775,60.467,60.467,75.276,75.276,91.861,91.861,160.15,160.15,193.29,193.29,193.25,193.25,196.59,196.59,212.05,212.05,208.3,208.3,215.9,215.9,203.47,203.47,183.19,183.19,197.12,197.12,198.89,198.89,192.69,192.69,183.67,183.67,151.34,151.34,145.98,145.98,183.49,183.49,190.9,190.9,160.52,160.52,141.75,141.75,143.08,143.08,189.48,189.48,177,177,174.88,174.88,160.94,160.94,181.49,181.49,169.46,169.46,132.05,132.05,96.488,96.488,78.431,78.431,60.561,60.561,72.558,72.558,133.57,133.57,151.33,151.33,149.7,149.7,135.63,135.63,140.6,140.6,148.11,148.11,135.07,135.07,139.11,139.11,140.54,140.54,121.17,121.17,78.585,78.585,76.053,76.053,100.04,100.04,100.64,100.64,118.54,118.54,91.916,91.916,94.237,94.237,101.19,101.19,62.272,62.272,66.515,66.515,75.83,75.83,87.392,87.392,120.49,120.49,155.44,155.44,166.06,166.06,171.23,171.23,176.54,176.54,184.76,184.76,189.79,189.79,190.76,190.76,182.46,182.46,141.07,141.07,127.81,127.81,112.98,112.98,106.09,106.09,99.875,99.875,75.221,75.221,69.73,69.73,45.217,45.217,41.609,41.609,47.267,47.267,42.43,42.43,62.674,62.674,92.511,92.511,100.01,100.01,104.62,104.62,117.15,117.15,160.82,160.82,158.99,158.99,156.23,156.23,161.34,161.34,172.49,172.49,168.29,168.29,147.87,147.87,127.16,127.16,104.59,104.59,101.05,101.05,122.5,122.5,127.91,127.91,131.1,131.1,132.62,132.62,106.68,106.68,115.93,115.93,156.82,156.82,159.67,159.67,171.07,171.07,160.64,160.64,134.94,134.94,104.19,104.19,105.79,105.79,128.94,128.94,124.82,124.82,94.489,94.489,82.911,82.911,69.508,69.508,107.66,107.66,170.74,170.74,187.38,187.38,132.24,132.24,85.646,85.646,93.157,93.157,87.922,87.922,101.41,101.41,117.48,117.48,105.07,105.07,112.9,112.9,94.432,94.432,87.303,87.303,83.639,83.639,88.5,88.5,69.003,69.003,63.452,63.452,61.626,61.626,83.677,83.677,109.58,109.58,137.41,137.41,174.58,174.58,161.68,161.68,144.2,144.2,145.5,145.5,153.62,153.62,164.94,164.94,136.95,136.95,121.92,121.92,109.95,109.95,133.47,133.47,175.79,175.79,191.12,191.12,177.81,177.81,155.95,155.95,135.51,135.51,105.56,105.56,99.553,99.553,91.017,91.017,96.302,96.302,100.68,100.68,84.33,84.33,79.101,79.101,80.053,80.053,82.717,82.717,75.584,75.584,75.456,75.456,76.096,76.096,130.08,130.08,131.65,131.65
51.5,116.64,116.64,76.203,76.203,96.344,96.344,81.377,81.377,82.413,82.413,84.841,84.841,84.586,84.586,88.316,88.316,66.549,66.549,92.953,92.953,87.63,87.63,66.458,66.458,78.196,78.196,88.429,88.429,100.64,100.64,91.918,91.918,77.231,77.231,55.926,55.926,53.532,53.532,52.563,52.563,67.364,67.364,113.75,113.75,114.66,114.66,88.345,88.345,134.75,134.75,179.55,179.55,192.63,192.63,188.14,188.14,191.28,191.28,198.25,198.25,191.99,191.99,186.07,186.07,182.59,182.59,194.46,194.46,196.28,196.28,184.41,184.41,187.9,187.9,156.56,156.56,157.37,157.37,168.79,168.79,173.09,173.09,186.2,186.2,141.71,141.71,145.26,145.26,177.81,177.81,162.92,162.92,201.27,201.27,173.66,173.66,170.7,170.7,180.27,180.27,151.97,151.97,130.33,130.33,138.86,138.86,68.061,68.061,70.72,70.72,131.84,131.84,156.95,156.95,176.57,176.57,190.67,190.67,156.41,156.41,132.82,132.82,126.97,126.97,124.18,124.18,120.02,120.02,112.48,112.48,90.266,90.266,84.04,84.04,84.53,84.53,75.808,75.808,119.88,119.88,133.37,133.37,129.4,129.4,105.44,105.44,70.272,70.272,50.938,50.938,48.287,48.287,60.613,60.613,76.072,76.072,138.08,138.08,124.65,124.65,141.33,141.33,149.54,149.54,149.08,149.08,162.58,162.58,162.24,162.24,151.42,151.42,156.49,156.49,145.35,145.35,138.69,138.69,130.35,130.35,120.48,120.48,117.02,117.02,125.6,125.6,95.035,95.035,67.893,67.893,52.999,52.999,49.663,49.663,46.426,46.426,83.109,83.109,82.355,82.355,91.07,91.07,94.878,94.878,124.69,124.69,163.09,163.09,167.54,167.54,167.72,167.72,169.53,169.53,163.32,163.32,152.36,152.36,150.08,150.08,132.07,132.07,128.15,128.15,128.05,128.05,141.06,141.06,141.12,141.12,143.02,143.02,164.29,164.29,146.4,146.4,146.41,146.41,158.36,158.36,165.57,165.57,162.7,162.7,129.16,129.16,101.39,101.39,118.89,118.89,144.74,144.74,117.59,117.59,101.09,101.09,143.75,143.75,98.685,98.685,106.18,106.18,183.22,183.22,190.02,190.02,138.87,138.87,82.344,82.344,84.425,84.425,100.78,100.78,132.74,132.74,147.04,147.04,148.46,148.46,156.49,156.49,118.48,118.48,117.46,117.46,103.79,103.79,96.611,96.611,71.789,71.789,84.443,84.443,107.45,107.45,114.55,114.55,126.09,126.09,156.92,156.92,182.91,182.91,181.92,181.92,162.74,162.74,159,159,157.48,157.48,173.14,173.14,159.46,159.46,138.67,138.67,116.87,116.87,145.95,145.95,180.25,180.25,191.44,191.44,173.16,173.16,153.91,153.91,127.36,127.36,120.65,120.65,111.24,111.24,107.08,107.08,115.65,115.65,95.538,95.538,82.656,82.656,80.79,80.79,90.942,90.942,107.04,107.04,108.96,108.96,73.844,73.844,67.691,67.691,123.69,123.69,153.94,153.94
52.5,122.36,122.36,48.51,48.51,77.146,77.146,94.822,94.822,78.478,78.478,81.928,81.928,99.67,99.67,102.88,102.88,74.874,74.874,104.82,104.82,115.57,115.57,75.333,75.333,68.379,68.379,109.85,109.85,131.05,131.05,127.53,127.53,104.07,104.07,67.155,67.155,83.74,83.74,67.468,67.468,77.989,77.989,124.16,124.16,134.16,134.16,116.81,116.81,138.44,138.44,143.34,143.34,155.79,155.79,174.98,174.98,156.45,156.45,177.21,177.21,175.45,175.45,179.09,179.09,178.44,178.44,183.06,183.06,173.79,173.79,162.96,162.96,176,176,175.29,175.29,174.23,174.23,161.46,161.46,181.66,181.66,194,194,182.45,182.45,155.35,155.35,158.73,158.73,174.83,174.83,193.13,193.13,192.83,192.83,137.51,137.51,166.94,166.94,157.43,157.43,133.79,133.79,126.04,126.04,125.68,125.68,85.035,85.035,117.8,117.8,150.72,150.72,154.2,154.2,171.62,171.62,123.15,123.15,103.86,103.86,115.82,115.82,114.03,114.03,101.92,101.92,87.088,87.088,106.84,106.84,101.5,101.5,96.496,96.496,74.157,74.157,97.84,97.84,138.82,138.82,151.88,151.88,122.05,122.05,66.762,66.762,52.803,52.803,45.683,45.683,54.85,54.85,64.483,64.483,162.05,162.05,119.59,119.59,103.34,103.34,116.8,116.8,137.14,137.14,157.73,157.73,151.44,151.44,147.22,147.22,150.49,150.49,133.49,133.49,129.94,129.94,117.42,117.42,119.14,119.14,146.8,146.8,132.75,132.75,137.25,137.25,92.751,92.751,55.597,55.597,52.022,52.022,48.988,48.988,81.986,81.986,86.047,86.047,71.046,71.046,85.8,85.8,103.26,103.26,127.98,127.98,167.88,167.88,171.35,171.35,167.18,167.18,160.2,160.2,154.7,154.7,144.1,144.1,130.27,130.27,114.35,114.35,125.24,125.24,150.3,150.3,143.82,143.82,145.29,145.29,161.08,161.08,142.69,142.69,148.21,148.21,159.19,159.19,156.67,156.67,151.69,151.69,125.93,125.93,124.56,124.56,96.199,96.199,126.37,126.37,135.92,135.92,138.46,138.46,114.37,114.37,109.17,109.17,123.24,123.24,180.02,180.02,184.1,184.1,140.94,140.94,89.729,89.729,89.495,89.495,120.68,120.68,145.34,145.34,137.5,137.5,173.41,173.41,162.54,162.54,142.85,142.85,130.54,130.54,121.64,121.64,117.76,117.76,100.82,100.82,119.15,119.15,145.28,145.28,146.12,146.12,135.06,135.06,147.64,147.64,172.45,172.45,171.1,171.1,137.94,137.94,152.25,152.25,161.96,161.96,172.09,172.09,165.95,165.95,147.11,147.11,123.82,123.82,167.65,167.65,183.01,183.01,186.02,186.02,156.3,156.3,138.75,138.75,135.87,135.87,130.99,130.99,128.38,128.38,129.87,129.87,112.88,112.88,89.006,89.006,81.855,81.855,90.641,90.641,94.834,94.834,115.2,115.2,121.57,121.57,93.711,93.711,52.844,52.844,114.31,114.31,141.77,141.77
53.5,115.53,115.53,57.268,57.268,64.559,64.559,104.61,104.61,92.406,92.406,88.852,88.852,83.666,83.666,114.71,114.71,85.353,85.353,76.356,76.356,86.625,86.625,71.377,71.377,66.914,66.914,78.537,78.537,110.08,110.08,127.05,127.05,117.01,117.01,92.098,92.098,108.99,108.99,114.63,114.63,101,101,108.79,108.79,111.02,111.02,86.488,86.488,113.9,113.9,121.8,121.8,144.97,144.97,149.7,149.7,98.202,98.202,142.38,142.38,157.76,157.76,162.81,162.81,165.92,165.92,166.13,166.13,156.53,156.53,150.99,150.99,165.1,165.1,172.08,172.08,167.11,167.11,170.4,170.4,171.49,171.49,177.99,177.99,176.26,176.26,154.62,154.62,158.05,158.05,180,180,189.68,189.68,152.13,152.13,153.42,153.42,146.4,146.4,145.09,145.09,144.57,144.57,117.86,117.86,114.36,114.36,142.77,142.77,132.87,132.87,137.68,137.68,152.31,152.31,149.24,149.24,127.93,127.93,110.15,110.15,108.82,108.82,108.21,108.21,99.553,99.553,103.05,103.05,81.728,81.728,73.684,73.684,99.157,99.157,103.18,103.18,116.72,116.72,149.12,149.12,143.97,143.97,105.5,105.5,77.189,77.189,58.273,58.273,45.762,45.762,61.054,61.054,64.202,64.202,163.82,163.82,154.25,154.25,89.721,89.721,94.552,94.552,102.41,102.41,117.06,117.06,130.54,130.54,137.99,137.99,128.58,128.58,121.14,121.14,109.21,109.21,109.1,109.1,101.99,101.99,118.65,118.65,117.1,117.1,136.78,136.78,95.98,95.98,80.075,80.075,95.63,95.63,73.733,73.733,71.72,71.72,69.591,69.591,70.763,70.763,73.712,73.712,94.618,94.618,112.49,112.49,141.51,141.51,166.86,166.86,168.54,168.54,157.42,157.42,147.7,147.7,146.77,146.77,143.69,143.69,135.08,135.08,148.53,148.53,158.6,158.6,150.3,150.3,175.16,175.16,136.09,136.09,129.38,129.38,143.92,143.92,158.12,158.12,152.32,152.32,136.34,136.34,124.2,124.2,99.5,99.5,89.69,89.69,111.21,111.21,138.71,138.71,136.27,136.27,103.6,103.6,114.94,114.94,150.17,150.17,174.16,174.16,179.2,179.2,136.95,136.95,92.523,92.523,103.46,103.46,139.86,139.86,145.82,145.82,142.99,142.99,168.67,168.67,136.78,136.78,136.62,136.62,128.9,128.9,127.32,127.32,122.37,122.37,118.39,118.39,130.08,130.08,145.15,145.15,152.39,152.39,145.05,145.05,154.46,154.46,161.17,161.17,147.39,147.39,117.54,117.54,133.84,133.84,153.59,153.59,169.85,169.85,172.32,172.32,160.08,160.08,156.73,156.73,163.22,163.22,172.25,172.25,168.61,168.61,161.53,161.53,136.66,136.66,134.74,134.74,146.08,146.08,149.07,149.07,128.09,128.09,100.18,100.18,90.198,90.198,100.82,100.82,92.825,92.825,103.27,103.27,116.54,116.54,124.53,124.53,93.554,93.554,57.105,57.105,95.829,95.829,131.62,131.62
54.5,125.51,125.51,59.458,59.458,57.949,57.949,77.329,77.329,114.93,114.93,78.698,78.698,48.754,48.754,54.623,54.623,77.714,77.714,51.257,51.257,60.662,60.662,59.605,59.605,58.465,58.465,76.274,76.274,96.077,96.077,116.74,116.74,132.14,132.14,115.54,115.54,105.65,105.65,119.01,119.01,96.532,96.532,96.082,96.082,114.28,114.28,110.49,110.49,132.11,132.11,121.61,121.61,124.31,124.31,133.28,133.28,95.246,95.246,90.006,90.006,125.78,125.78,143.05,143.05,145.64,145.64,155.92,155.92,152.2,152.2,157.93,157.93,171.83,171.83,182.66,182.66,181.29,181.29,178.42,178.42,164.92,164.92,170.63,170.63,165.51,165.51,161.11,161.11,139.55,139.55,154.13,154.13,154.11,154.11,146.19,146.19,136.32,136.32,118.64,118.64,131.03,131.03,117.68,117.68,100.75,100.75,87.48,87.48,159.99,159.99,147.04,147.04,136.59,136.59,122.58,122.58,134.1,134.1,132.67,132.67,123.53,123.53,112.61,112.61,110.53,110.53,105.44,105.44,116.75,116.75,112.64,112.64,94.041,94.041,82.936,82.936,171.95,171.95,190.3,190.3,161.04,161.04,154.55,154.55,83.595,83.595,60.878,60.878,57.537,57.537,53.879,53.879,67.895,67.895,79.992,79.992,166.12,166.12,139.36,139.36,128.84,128.84,87.018,87.018,86.209,86.209,100.45,100.45,111,111,123.99,123.99,119.32,119.32,112.57,112.57,97.218,97.218,83.83,83.83,71.57,71.57,95.298,95.298,95.922,95.922,109.36,109.36,96.412,96.412,78.109,78.109,64.244,64.244,84.499,84.499,76.088,76.088,63.859,63.859,60.574,60.574,67.915,67.915,77.507,77.507,123.66,123.66,122.01,122.01,129.62,129.62,147.82,147.82,151.63,151.63,149.91,149.91,144.32,144.32,147.18,147.18,146.92,146.92,147.27,147.27,159.44,159.44,164.12,164.12,170.32,170.32,125.34,125.34,127.31,127.31,129.18,129.18,140.6,140.6,128.87,128.87,112.42,112.42,109.6,109.6,100.52,100.52,114.81,114.81,121.89,121.89,115.94,115.94,99.204,99.204,94.432,94.432,119.42,119.42,157.76,157.76,173.36,173.36,173.47,173.47,138.96,138.96,111.58,111.58,118.79,118.79,140.87,140.87,136.83,136.83,145.23,145.23,142.49,142.49,155.93,155.93,126.12,126.12,119.45,119.45,125.68,125.68,122.64,122.64,124.61,124.61,132.13,132.13,144.84,144.84,147.66,147.66,142.51,142.51,153.2,153.2,138.1,138.1,121.56,121.56,116,116,133,133,151.4,151.4,164.51,164.51,167.23,167.23,166.85,166.85,165.44,165.44,157.7,157.7,161.25,161.25,166.1,166.1,152.09,152.09,135.02,135.02,124.75,124.75,118.35,118.35,111.89,111.89,96.375,96.375,90.979,90.979,98.505,98.505,91.167,91.167,89.795,89.795,110.51,110.51,120.01,120.01,105.63,105.63,91.406,91.406,64.272,64.272,94.996,94.996,113.17,113.17
55.5,126.26,126.26,78.166,78.166,74.348,74.348,74.704,74.704,126.53,126.53,106.82,106.82,75.217,75.217,55.612,55.612,55.792,55.792,41.985,41.985,60.739,60.739,57.874,57.874,59.718,59.718,57.884,57.884,74.487,74.487,99.016,99.016,117.73,117.73,128.01,128.01,102.57,102.57,84.073,84.073,85.11,85.11,84.511,84.511,117.31,117.31,108.68,108.68,126.16,126.16,123.46,123.46,120.74,120.74,120.27,120.27,88.071,88.071,94.018,94.018,97.648,97.648,117.21,117.21,113.63,113.63,130.57,130.57,130.79,130.79,131.4,131.4,141.8,141.8,163.2,163.2,171.88,171.88,165.46,165.46,155.9,155.9,161.93,161.93,164.29,164.29,154.14,154.14,141.84,141.84,141.46,141.46,130.35,130.35,128.44,128.44,122.91,122.91,132.5,132.5,144.71,144.71,132.25,132.25,108.01,108.01,82.756,82.756,150.69,150.69,152.45,152.45,146.37,146.37,139.01,139.01,136.91,136.91,129.2,129.2,105.44,105.44,122.3,122.3,122.37,122.37,113.48,113.48,119.33,119.33,127.01,127.01,122.87,122.87,104.86,104.86,81.689,81.689,99.089,99.089,122.12,122.12,121.65,121.65,82.029,82.029,98.555,98.555,90.483,90.483,81.797,81.797,61.163,61.163,77.387,77.387,170.37,170.37,116.68,116.68,139.1,139.1,81.593,81.593,82.32,82.32,86.665,86.665,86.533,86.533,103.98,103.98,107.83,107.83,98.951,98.951,78.311,78.311,64.3,64.3,54.105,54.105,62.288,62.288,72.107,72.107,94.461,94.461,104.75,104.75,89.636,89.636,74.431,74.431,58.63,58.63,73.574,73.574,107.92,107.92,74.222,74.222,64.647,64.647,71.963,71.963,82.65,82.65,104.65,104.65,101.29,101.29,96.035,96.035,121.46,121.46,139.3,139.3,146.2,146.2,148.91,148.91,147.79,147.79,154.16,154.16,161.83,161.83,170.08,170.08,164.49,164.49,143.15,143.15,124.89,124.89,115.96,115.96,107.13,107.13,119.31,119.31,119.38,119.38,105.13,105.13,103.26,103.26,103.43,103.43,130.57,130.57,122.21,122.21,109.69,109.69,114.27,114.27,130.59,130.59,153.64,153.64,169.61,169.61,165.26,165.26,142.6,142.6,132.88,132.88,125.77,125.77,140.93,140.93,153.63,153.63,162.02,162.02,149.66,149.66,161.25,161.25,128.58,128.58,113.78,113.78,124.52,124.52,121.21,121.21,114.43,114.43,121.55,121.55,132.72,132.72,158.97,158.97,156.54,156.54,163.5,163.5,126.54,126.54,131.85,131.85,127.18,127.18,129.02,129.02,133.96,133.96,148.14,148.14,162.25,162.25,161.05,161.05,167.53,167.53,155.53,155.53,151.79,151.79,147.88,147.88,136.61,136.61,111.57,111.57,86.54,86.54,83.705,83.705,88.851,88.851,83.341,83.341,75.29,75.29,86.286,86.286,101.89,101.89,99.418,99.418,128.41,128.41,154.45,154.45,108.14,108.14,88.124,88.124,80.617,80.617,99.497,99.497,94.167,94.167
56.5,111.06,111.06,106.79,106.79,103.04,103.04,129.93,129.93,131.92,131.92,122.15,122.15,91.159,91.159,87.525,87.525,65.064,65.064,43.514,43.514,73.086,73.086,66.061,66.061,79.778,79.778,85.329,85.329,68.31,68.31,93.546,93.546,125.75,125.75,113.69,113.69,83.451,83.451,86.908,86.908,114.36,114.36,114.11,114.11,102.4,102.4,108.97,108.97,100.44,100.44,96.414,96.414,96.072,96.072,88.113,88.113,82.11,82.11,71.594,71.594,76.407,76.407,97.93,97.93,93.026,93.026,103.63,103.63,112.19,112.19,123.6,123.6,137.06,137.06,126.94,126.94,138.63,138.63,148.62,148.62,145.7,145.7,152.1,152.1,156.22,156.22,159.68,159.68,141.25,141.25,133.78,133.78,141.91,141.91,126.87,126.87,117.69,117.69,136.25,136.25,147.89,147.89,133.22,133.22,103.08,103.08,83.641,83.641,143.08,143.08,153.52,153.52,163.35,163.35,138.47,138.47,154.71,154.71,151.53,151.53,124.8,124.8,131.81,131.81,130.26,130.26,128,128,126.19,126.19,120.93,120.93,119.2,119.2,101.66,101.66,114.67,114.67,67.858,67.858,86.884,86.884,95.229,95.229,125.08,125.08,125.09,125.09,108.91,108.91,99.506,99.506,71.047,71.047,89.062,89.062,156.32,156.32,140.67,140.67,115.86,115.86,119.11,119.11,70.725,70.725,88.743,88.743,92.868,92.868,92.198,92.198,89.883,89.883,94.331,94.331,75.624,75.624,65.667,65.667,64.724,64.724,74.587,74.587,80.632,80.632,88.604,88.604,77.9,77.9,92.337,92.337,100.42,100.42,80.91,80.91,57.964,57.964,78.697,78.697,105.42,105.42,99.594,99.594,89.643,89.643,69.401,69.401,86.868,86.868,92.211,92.211,117.48,117.48,113.73,113.73,107.89,107.89,126.18,126.18,129.54,129.54,122.97,122.97,148.93,148.93,161.76,161.76,169.73,169.73,159.8,159.8,139.44,139.44,123.88,123.88,100.64,100.64,87.704,87.704,105.1,105.1,98.67,98.67,82.36,82.36,73.125,73.125,88.387,88.387,130.27,130.27,115.3,115.3,107.37,107.37,124.64,124.64,129.09,129.09,157.85,157.85,160.52,160.52,161.45,161.45,153.13,153.13,136.46,136.46,147.64,147.64,161.28,161.28,154.82,154.82,154.31,154.31,153.81,153.81,153.48,153.48,155.01,155.01,142.01,142.01,134.22,134.22,123.24,123.24,115.72,115.72,120.99,120.99,154.5,154.5,160.06,160.06,176.42,176.42,127.92,127.92,112.83,112.83,118.94,118.94,122.55,122.55,131.29,131.29,133.87,133.87,140.82,140.82,158.66,158.66,158.11,158.11,159.25,159.25,160.29,160.29,141.19,141.19,131.35,131.35,121.9,121.9,100.6,100.6,94.172,94.172,84.292,84.292,85.662,85.662,89.894,89.894,102.48,102.48,111.12,111.12,118.93,118.93,118.59,118.59,147.49,147.49,145.41,145.41,128.72,128.72,86.849,86.849,117.65,117.65,98.381,98.381,84.594,84.594
57.5,115.09,115.09,125.64,125.64,136.12,136.12,151.54,151.54,136,136,136.31,136.31,120.01,120.01,103.01,103.01,80.468,80.468,49.866,49.866,54.341,54.341,56.97,56.97,83.58,83.58,86.096,86.096,77.307,77.307,80.98,80.98,125.14,125.14,115.83,115.83,103.37,103.37,98.944,98.944,115.67,115.67,107.8,107.8,112.27,112.27,137.14,137.14,144.38,144.38,100.01,100.01,77.065,77.065,77.989,77.989,77.606,77.606,51.57,51.57,61.66,61.66,75.858,75.858,75.663,75.663,82.49,82.49,86.678,86.678,88.526,88.526,80.208,80.208,77.309,77.309,114.35,114.35,130.05,130.05,116.64,116.64,140.79,140.79,149.3,149.3,144.83,144.83,133.73,133.73,119.77,119.77,122.85,122.85,127.66,127.66,127.41,127.41,128.24,128.24,131.36,131.36,128.27,128.27,119.15,119.15,106.15,106.15,125.51,125.51,136.18,136.18,142.67,142.67,144.07,144.07,152.48,152.48,155.02,155.02,137.92,137.92,115.4,115.4,119.09,119.09,126.37,126.37,121.16,121.16,101.59,101.59,106.01,106.01,87.472,87.472,94.967,94.967,100.14,100.14,66.708,66.708,98.801,98.801,134.71,134.71,137.31,137.31,131.7,131.7,116.25,116.25,115.25,115.25,90.812,90.812,137.35,137.35,141.78,141.78,143.93,143.93,99.361,99.361,50.526,50.526,79.896,79.896,80.584,80.584,85.387,85.387,91.098,91.098,93.93,93.93,94.88,94.88,93.191,93.191,83.615,83.615,80.248,80.248,90.81,90.81,90.084,90.084,84.902,84.902,89.894,89.894,82.223,82.223,92.994,92.994,74.737,74.737,61.486,61.486,60.714,60.714,122.65,122.65,99.274,99.274,101.58,101.58,73.173,73.173,90.49,90.49,100.25,100.25,117.72,117.72,115.13,115.13,103.89,103.89,96.427,96.427,113.11,113.11,152.34,152.34,168.35,168.35,140.26,140.26,148.26,148.26,132.08,132.08,127.07,127.07,84.126,84.126,77.696,77.696,76.315,76.315,80.723,80.723,70.171,70.171,72.252,72.252,84.832,84.832,128.7,128.7,122.07,122.07,114.65,114.65,139.06,139.06,141.82,141.82,152.38,152.38,158.13,158.13,162.19,162.19,157.89,157.89,136.69,136.69,153.61,153.61,160.52,160.52,160.31,160.31,163.48,163.48,162.54,162.54,156.84,156.84,167.56,167.56,160.51,160.51,161.69,161.69,147.86,147.86,120.4,120.4,138.47,138.47,165.43,165.43,167.81,167.81,149.95,149.95,118.37,118.37,107.81,107.81,109.73,109.73,112.88,112.88,126.76,126.76,132.65,132.65,142.32,142.32,148.32,148.32,155.07,155.07,158.05,158.05,149.96,149.96,129.06,129.06,116.61,116.61,110.11,110.11,104.95,104.95,84.918,84.918,81.688,81.688,88.496,88.496,89.182,89.182,95.789,95.789,103.01,103.01,122.85,122.85,144.6,144.6,135.71,135.71,98.95,98.95,122.88,122.88,103.92,103.92,91.305,91.305,108.14,108.14,111.4,111.4
58.5,127.05,127.05,132.57,132.57,149.37,149.37,165.59,165.59,163.15,163.15,149.58,149.58,107.31,107.31,87.909,87.909,62.286,62.286,40.467,40.467,40.17,40.17,47.239,47.239,101.49,101.49,129.16,129.16,106.94,106.94,75.986,75.986,90.576,90.576,92.85,92.85,92.871,92.871,129.03,129.03,138.14,138.14,89.492,89.492,78.234,78.234,105.68,105.68,138.61,138.61,142.98,142.98,110.49,110.49,83.08,83.08,67.591,67.591,55.215,55.215,52.131,52.131,57.471,57.471,68.6,68.6,89.571,89.571,76.028,76.028,86.645,86.645,89.043,89.043,101.24,101.24,128.58,128.58,135.47,135.47,115.89,115.89,139.62,139.62,144.02,144.02,135.28,135.28,122.41,122.41,112.29,112.29,107.69,107.69,96.624,96.624,99.424,99.424,106.97,106.97,109.98,109.98,115.53,115.53,121.08,121.08,118.09,118.09,114.74,114.74,116.86,116.86,130.66,130.66,138.84,138.84,140.54,140.54,133.59,133.59,116.84,116.84,110.09,110.09,95.855,95.855,103.85,103.85,95.554,95.554,89.569,89.569,73.955,73.955,76.002,76.002,92.977,92.977,113.99,113.99,94.211,94.211,92.923,92.923,128.7,128.7,130.13,130.13,132.42,132.42,131.26,131.26,132.16,132.16,115,115,93.903,93.903,143.74,143.74,156.71,156.71,120.99,120.99,62.25,62.25,73.208,73.208,78.027,78.027,79.542,79.542,90.801,90.801,106.58,106.58,126.36,126.36,111.59,111.59,79.81,79.81,75.31,75.31,96.831,96.831,97.288,97.288,87.143,87.143,63.629,63.629,73.937,73.937,105.52,105.52,107.89,107.89,102.19,102.19,111.76,111.76,145.24,145.24,155.99,155.99,80.765,80.765,49.699,49.699,44.122,44.122,69.255,69.255,112.53,112.53,118.11,118.11,102.15,102.15,108.47,108.47,143.71,143.71,156.49,156.49,151.74,151.74,135.08,135.08,146.47,146.47,136.18,136.18,133.72,133.72,75.565,75.565,71.615,71.615,68.506,68.506,83.783,83.783,81.744,81.744,94.878,94.878,124.09,124.09,134.77,134.77,121.83,121.83,123.42,123.42,135.47,135.47,138.31,138.31,148.28,148.28,155.31,155.31,162.07,162.07,154.46,154.46,149.39,149.39,157.99,157.99,156.64,156.64,159.62,159.62,161.52,161.52,157.84,157.84,175.13,175.13,166.33,166.33,164.57,164.57,165.67,165.67,160.31,160.31,154.04,154.04,163.21,163.21,168.41,168.41,182.75,182.75,132.29,132.29,114.93,114.93,118.1,118.1,114.28,114.28,113.67,113.67,121.91,121.91,125.65,125.65,128.3,128.3,123.33,123.33,135.66,135.66,149.34,149.34,146.6,146.6,118.73,118.73,106.2,106.2,96.864,96.864,92.638,92.638,85.846,85.846,85.513,85.513,82.44,82.44,78.168,78.168,106.9,106.9,119.29,119.29,143.22,143.22,157.99,157.99,118.1,118.1,58.263,58.263,86.376,86.376,89.907,89.907,69.561,69.561,118.63,118.63,139.13,139.13
59.5,109.03,109.03,132.73,132.73,152.71,152.71,163.59,163.59,161.31,161.31,157.97,157.97,119.52,119.52,99.763,99.763,67.748,67.748,54.449,54.449,70.25,70.25,53.306,53.306,59.158,59.158,94.863,94.863,125.83,125.83,108.88,108.88,130.25,130.25,108.44,108.44,112.41,112.41,104.82,104.82,83.136,83.136,58.23,58.23,53.154,53.154,82.807,82.807,98.906,98.906,103.3,103.3,109.36,109.36,95.676,95.676,77.63,77.63,76.511,76.511,66.766,66.766,66.006,66.006,70.114,70.114,98.482,98.482,87.608,87.608,83.056,83.056,88.073,88.073,103.96,103.96,136.26,136.26,149.17,149.17,130.49,130.49,129.83,129.83,131.89,131.89,124.74,124.74,115.61,115.61,111.78,111.78,101.57,101.57,87.506,87.506,89.049,89.049,96.182,96.182,104.16,104.16,112.35,112.35,112.8,112.8,112.19,112.19,108.8,108.8,108.64,108.64,114.18,114.18,131.64,131.64,127.66,127.66,122.85,122.85,105.03,105.03,95.291,95.291,84.268,84.268,78.43,78.43,78.92,78.92,84.232,84.232,81.172,81.172,69.99,69.99,100.77,100.77,112.53,112.53,100.4,100.4,94.336,94.336,110.16,110.16,119.85,119.85,118.13,118.13,114.71,114.71,122.68,122.68,153.15,153.15,132.95,132.95,143.15,143.15,147.37,147.37,159.08,159.08,116.05,116.05,86.515,86.515,75.875,75.875,84.408,84.408,108.37,108.37,112.81,112.81,111.23,111.23,97.65,97.65,81.786,81.786,88.659,88.659,103.28,103.28,91.557,91.557,83.571,83.571,81.785,81.785,107.79,107.79,145.68,145.68,153.37,153.37,171.21,171.21,159.46,159.46,153.86,153.86,158.41,158.41,84.878,84.878,79.368,79.368,64.298,64.298,73.19,73.19,88.2,88.2,102.37,102.37,114.51,114.51,141.35,141.35,166.07,166.07,153.55,153.55,126.38,126.38,144.46,144.46,120.1,120.1,116.62,116.62,102.32,102.32,77.507,77.507,74.942,74.942,86.757,86.757,83.84,83.84,94.003,94.003,89.719,89.719,107.53,107.53,155.03,155.03,115.99,115.99,123.25,123.25,133.89,133.89,135.7,135.7,151.92,151.92,165.89,165.89,163.93,163.93,153.14,153.14,152.74,152.74,159.41,159.41,161.43,161.43,161.91,161.91,161.92,161.92,154.7,154.7,163.76,163.76,169.78,169.78,171.06,171.06,170.7,170.7,165.33,165.33,153.97,153.97,148.93,148.93,176.3,176.3,148.25,148.25,128.94,128.94,122.51,122.51,124.72,124.72,120.01,120.01,122.45,122.45,120.3,120.3,117.4,117.4,87.803,87.803,91.34,91.34,110.53,110.53,122.71,122.71,113.1,113.1,104.59,104.59,91.747,91.747,84.87,84.87,87.323,87.323,88.455,88.455,84.923,84.923,84.174,84.174,94.978,94.978,115.19,115.19,127.68,127.68,139.71,139.71,128.63,128.63,91.804,91.804,61.235,61.235,99.834,99.834,104.7,104.7,68.984,68.984,123.16,123.16,151.87,151.87
60.5,113.16,113.16,131.54,131.54,151.6,151.6,160.31,160.31,150.38,150.38,140.53,140.53,145.62,145.62,132.26,132.26,86.746,86.746,44.661,44.661,58.065,58.065,54.441,54.441,79.285,79.285,109.55,109.55,133.25,133.25,119.89,119.89,129.97,129.97,109.19,109.19,95.429,95.429,99.248,99.248,61.818,61.818,53.599,53.599,54.991,54.991,72.475,72.475,72.42,72.42,56.252,56.252,53.132,53.132,58.188,58.188,59.062,59.062,65.54,65.54,97.787,97.787,86.366,86.366,102.78,102.78,97.363,97.363,99.519,99.519,78.363,78.363,84.485,84.485,103.69,103.69,135.1,135.1,145.69,145.69,125.8,125.8,123.66,123.66,127.46,127.46,99.96,99.96,113.74,113.74,118.72,118.72,93.804,93.804,94.304,94.304,96.772,96.772,101.46,101.46,104.52,104.52,106.52,106.52,111.05,111.05,107.91,107.91,101.87,101.87,98.221,98.221,98.046,98.046,102.52,102.52,111.28,111.28,106.04,106.04,98.588,98.588,86.161,86.161,83.486,83.486,92.096,92.096,94.779,94.779,74.086,74.086,77.628,77.628,85.669,85.669,101.47,101.47,123.17,123.17,113.5,113.5,106.76,106.76,110.53,110.53,113.17,113.17,119.68,119.68,126.87,126.87,129.91,129.91,139.05,139.05,133.11,133.11,124.38,124.38,134.06,134.06,154.2,154.2,158.06,158.06,145.35,145.35,116.14,116.14,137.3,137.3,116.49,116.49,104.34,104.34,81.999,81.999,84.792,84.792,87.089,87.089,100.53,100.53,102.53,102.53,89.468,89.468,78.752,78.752,96.652,96.652,135.89,135.89,156.6,156.6,157.81,157.81,160.75,160.75,157.43,157.43,146.96,146.96,149.35,149.35,144.74,144.74,95.82,95.82,118.42,118.42,73.677,73.677,127.69,127.69,152.41,152.41,162.24,162.24,158.39,158.39,139.84,139.84,131.03,131.03,110.94,110.94,126.37,126.37,100.64,100.64,96.433,96.433,80.918,80.918,62.077,62.077,75.301,75.301,81.088,81.088,94.556,94.556,107.83,107.83,88.216,88.216,103.21,103.21,101.72,101.72,112.87,112.87,127.8,127.8,134.81,134.81,140.02,140.02,155.93,155.93,162.58,162.58,164.48,164.48,156.97,156.97,154.59,154.59,157.71,157.71,161.94,161.94,160.28,160.28,155.7,155.7,155.84,155.84,153.79,153.79,168.2,168.2,164.62,164.62,163.87,163.87,153.86,153.86,145.87,145.87,142.96,142.96,140.42,140.42,126.64,126.64,110.92,110.92,115.99,115.99,120.14,120.14,121.48,121.48,124.35,124.35,120.35,120.35,91.752,91.752,61.254,61.254,105.09,105.09,117.36,117.36,87.177,87.177,84.132,84.132,83.72,83.72,82.091,82.091,79.521,79.521,82.837,82.837,85.397,85.397,91.932,91.932,111.92,111.92,107.53,107.53,115.49,115.49,100.59,100.59,84.576,84.576,73.747,73.747,52.513,52.513,55.515,55.515,98.278,98.278,97.615,97.615,83.348,83.348,131.36,131.36,148.22,148.22
61.5,124.71,124.71,134.88,134.88,149.22,149.22,151.64,151.64,145.82,145.82,138.38,138.38,142.36,142.36,113.24,113.24,56.498,56.498,41.149,41.149,85.51,85.51,70.883,70.883,71.965,71.965,83.036,83.036,103.35,103.35,108.73,108.73,113.92,113.92,104.59,104.59,86.588,86.588,66.324,66.324,51.215,51.215,52.267,52.267,52.925,52.925,63.479,63.479,56.238,56.238,51.744,51.744,54.175,54.175,55.075,55.075,55.036,55.036,64.602,64.602,77.175,77.175,94.024,94.024,79.78,79.78,81.381,81.381,90.28,90.28,104.92,104.92,114.62,114.62,128.24,128.24,139.17,139.17,141.76,141.76,139.93,139.93,130.79,130.79,119.92,119.92,107.03,107.03,102.72,102.72,116,116,110.35,110.35,107.4,107.4,103.59,103.59,102.22,102.22,101.27,101.27,110.1,110.1,106.23,106.23,100.23,100.23,98.336,98.336,102.99,102.99,111.81,111.81,118.03,118.03,116.09,116.09,112.33,112.33,105.05,105.05,105.28,105.28,101.81,101.81,109,109,106.05,106.05,75.566,75.566,79.77,79.77,79.425,79.425,103.73,103.73,118.33,118.33,123.12,123.12,124.86,124.86,127.56,127.56,122.26,122.26,119.87,119.87,127.1,127.1,128.93,128.93,134.48,134.48,123.37,123.37,125.14,125.14,149.72,149.72,162.33,162.33,154.43,154.43,153.22,153.22,152.83,152.83,155.74,155.74,148.07,148.07,102.95,102.95,58.197,58.197,66.115,66.115,85.798,85.798,124.06,124.06,123.24,123.24,128.19,128.19,130.89,130.89,136.9,136.9,147.23,147.23,159.29,159.29,155.42,155.42,154.96,154.96,136.57,136.57,116.99,116.99,141.9,141.9,151.59,151.59,104.13,104.13,128.28,128.28,141.51,141.51,137.92,137.92,152.98,152.98,145.88,145.88,131.42,131.42,124.81,124.81,111.67,111.67,122.72,122.72,112.44,112.44,106.89,106.89,97.052,97.052,90.951,90.951,70.689,70.689,72.979,72.979,89.301,89.301,98.497,98.497,155.07,155.07,120.47,120.47,96.822,96.822,98.234,98.234,116.41,116.41,133.58,133.58,145.13,145.13,150.62,150.62,154.06,154.06,153.87,153.87,160.87,160.87,153.75,153.75,152.64,152.64,150.92,150.92,155.31,155.31,154.18,154.18,142.63,142.63,144.21,144.21,144.15,144.15,154.45,154.45,157.36,157.36,151.15,151.15,140.21,140.21,127.14,127.14,85.782,85.782,129.34,129.34,119.07,119.07,108.54,108.54,102.81,102.81,112.82,112.82,121.8,121.8,122.24,122.24,113.34,113.34,104.28,104.28,150.15,150.15,153.66,153.66,133.8,133.8,71.671,71.671,75.097,75.097,90.175,90.175,70.659,70.659,77.226,77.226,100.1,100.1,102.46,102.46,102.76,102.76,115.54,115.54,126.06,126.06,113.34,113.34,92.429,92.429,57.29,57.29,52.148,52.148,47.068,47.068,51.26,51.26,85.809,85.809,94.397,94.397,71.842,71.842,128.88,128.88,142.79,142.79
62.5,112.56,112.56,130.68,130.68,132.66,132.66,119.37,119.37,141.49,141.49,132.14,132.14,108.74,108.74,67.258,67.258,48.735,48.735,36.24,36.24,56.073,56.073,62.925,62.925,59.706,59.706,68.026,68.026,71.382,71.382,74.095,74.095,79.136,79.136,79.616,79.616,73.391,73.391,60.096,60.096,51.005,51.005,67.045,67.045,79.849,79.849,96.448,96.448,86.771,86.771,84.791,84.791,85.72,85.72,77.802,77.802,75.848,75.848,73.245,73.245,62.988,62.988,76.011,76.011,80.669,80.669,70.078,70.078,97.623,97.623,118.6,118.6,127.48,127.48,140.84,140.84,141.29,141.29,140.07,140.07,135.26,135.26,128.15,128.15,124.96,124.96,112.13,112.13,112.89,112.89,119.22,119.22,117.44,117.44,113.22,113.22,107.79,107.79,99.789,99.789,95.707,95.707,99.926,99.926,99.582,99.582,100.56,100.56,110.15,110.15,117.91,117.91,120.89,120.89,117.32,117.32,117.63,117.63,119.27,119.27,123.54,123.54,122.3,122.3,117.69,117.69,119.68,119.68,113.52,113.52,86.29,86.29,77.137,77.137,80.082,80.082,101.89,101.89,124.29,124.29,130.64,130.64,119.74,119.74,122.44,122.44,113.93,113.93,117.71,117.71,118.12,118.12,113.61,113.61,127.25,127.25,129.82,129.82,137.79,137.79,144.62,144.62,144.01,144.01,146.15,146.15,146.49,146.49,147.64,147.64,149.22,149.22,148.97,148.97,148.05,148.05,133.19,133.19,131.16,131.16,138.1,138.1,144.21,144.21,144.52,144.52,148.37,148.37,137.28,137.28,136.54,136.54,136.12,136.12,148.7,148.7,147.95,147.95,129.8,129.8,128.78,128.78,127,127,130.92,130.92,142.66,142.66,122.92,122.92,131.96,131.96,123.48,123.48,116.02,116.02,129.31,129.31,114.23,114.23,118.48,118.48,104.34,104.34,108.44,108.44,104.11,104.11,97.659,97.659,127.1,127.1,129.48,129.48,109.42,109.42,71.752,71.752,91.105,91.105,103.16,103.16,100.68,100.68,110.2,110.2,108.24,108.24,115.21,115.21,119.96,119.96,139.74,139.74,146.27,146.27,149.71,149.71,160.88,160.88,155.36,155.36,152.25,152.25,154.49,154.49,153.29,153.29,149.5,149.5,147.41,147.41,147.82,147.82,145.89,145.89,144.96,144.96,135.1,135.1,143.58,143.58,143.99,143.99,142.41,142.41,138.33,138.33,120.65,120.65,117.68,117.68,128.2,128.2,112.05,112.05,118.33,118.33,112.85,112.85,98.03,98.03,102.81,102.81,123.11,123.11,123.35,123.35,114.6,114.6,140.77,140.77,157.31,157.31,158.69,158.69,145.15,145.15,99.971,99.971,88.643,88.643,99.073,99.073,86.98,86.98,91.56,91.56,75.002,75.002,77.2,77.2,92.408,92.408,99.861,99.861,76.788,76.788,58.708,58.708,48.605,48.605,61.503,61.503,81.642,81.642,72.274,72.274,72.811,72.811,93.267,93.267,102.23,102.23,67.428,67.428,119.89,119.89,136.11,136.11
63.5,114.46,114.46,114.86,114.86,131.09,131.09,118.28,118.28,110.99,110.99,104.54,104.54,93.418,93.418,61.946,61.946,52.157,52.157,52.336,52.336,45.274,45.274,59.084,59.084,62.213,62.213,60.52,60.52,68.787,68.787,71.882,71.882,74.171,74.171,77.106,77.106,79.158,79.158,62.731,62.731,62.293,62.293,87.217,87.217,102.07,102.07,98.817,98.817,98.771,98.771,99.721,99.721,102.05,102.05,100.04,100.04,102.29,102.29,97.44,97.44,86.853,86.853,84.268,84.268,86.913,86.913,78.003,78.003,99.607,99.607,125.06,125.06,132.91,132.91,128.65,128.65,133.61,133.61,136.99,136.99,126.27,126.27,118.02,118.02,118.39,118.39,118.18,118.18,114.23,114.23,110.84,110.84,110.43,110.43,105.47,105.47,103.11,103.11,100.93,100.93,101.59,101.59,100.02,100.02,104.34,104.34,105.43,105.43,109.01,109.01,113.37,113.37,119.84,119.84,114.44,114.44,115.42,115.42,115.68,115.68,117.35,117.35,123.44,123.44,125.53,125.53,117.16,117.16,112.76,112.76,99.531,99.531,98.397,98.397,115.36,115.36,114.53,114.53,123.27,123.27,106.46,106.46,98.786,98.786,112.29,112.29,113.14,113.14,116.25,116.25,111.23,111.23,107.65,107.65,108.55,108.55,124.02,124.02,130.75,130.75,136.32,136.32,142.53,142.53,145.35,145.35,151.78,151.78,152.08,152.08,147.3,147.3,150.58,150.58,154.93,154.93,153.35,153.35,149.96,149.96,148.3,148.3,138.09,138.09,137.61,137.61,129.38,129.38,125.68,125.68,132.13,132.13,132.42,132.42,133,133,136.56,136.56,130.51,130.51,124.66,124.66,124.98,124.98,124.12,124.12,124.43,124.43,138.22,138.22,139.96,139.96,143,143,129.38,129.38,104.25,104.25,91.379,91.379,85.951,85.951,101.88,101.88,105.93,105.93,105.93,105.93,124.27,124.27,135.97,135.97,111.06,111.06,84.66,84.66,81.514,81.514,98.003,98.003,110.5,110.5,110.64,110.64,113.11,113.11,129.39,129.39,139.87,139.87,137.31,137.31,141.8,141.8,143.03,143.03,144.05,144.05,149.4,149.4,153.74,153.74,147.58,147.58,148.1,148.1,151.59,151.59,152.54,152.54,134.86,134.86,141.69,141.69,148.24,148.24,134.67,134.67,137,137,132.4,132.4,124.77,124.77,118.7,118.7,125.93,125.93,140.48,140.48,140.21,140.21,135.7,135.7,133.73,133.73,107.28,107.28,113.11,113.11,105.48,105.48,96.018,96.018,119.69,119.69,123.21,123.21,145.11,145.11,151.46,151.46,155.55,155.55,152.99,152.99,146.15,146.15,115.85,115.85,56.559,56.559,69.659,69.659,80.424,80.424,65.825,65.825,95.816,95.816,136.58,136.58,120.84,120.84,73.822,73.822,62.429,62.429,81.94,81.94,114.74,114.74,144.58,144.58,133.56,133.56,73.874,73.874,98.698,98.698,92.809,92.809,69.048,69.048,79.182,79.182,124.3,124.3,136.35,136.35
64.5,97.187,97.187,112.21,112.21,125.48,125.48,125.15,125.15,90.744,90.744,80.216,80.216,101.71,101.71,79.208,79.208,63.22,63.22,58.268,58.268,50.715,50.715,57.643,57.643,65.981,65.981,66.192,66.192,66.325,66.325,67.018,67.018,69.801,69.801,73.909,73.909,86.858,86.858,71.009,71.009,73.477,73.477,96.381,96.381,96.542,96.542,91.129,91.129,91.256,91.256,96.142,96.142,101.86,101.86,107.3,107.3,112.05,112.05,128.64,128.64,96.369,96.369,100.36,100.36,108.3,108.3,97.83,97.83,111.11,111.11,126.52,126.52,126.62,126.62,133.46,133.46,134.95,134.95,132.63,132.63,125.32,125.32,117.56,117.56,114.42,114.42,117.18,117.18,115.3,115.3,108.63,108.63,104.82,104.82,101.76,101.76,97.811,97.811,97.544,97.544,95.809,95.809,105.11,105.11,109.62,109.62,108.31,108.31,111.56,111.56,117.33,117.33,113.35,113.35,110.93,110.93,111.78,111.78,106.13,106.13,103.84,103.84,110.63,110.63,117.54,117.54,125.91,125.91,128.54,128.54,129.1,129.1,130.19,130.19,114.71,114.71,115.26,115.26,115.72,115.72,106.05,106.05,97.878,97.878,106.27,106.27,114.72,114.72,111.44,111.44,101.38,101.38,95.136,95.136,94.923,94.923,109.17,109.17,118.87,118.87,115.76,115.76,128.94,128.94,129.93,129.93,139.76,139.76,143.91,143.91,140.13,140.13,144.69,144.69,144.77,144.77,143.14,143.14,141.33,141.33,139.13,139.13,139.16,139.16,136.01,136.01,137.35,137.35,130.53,130.53,133.19,133.19,130.91,130.91,133.89,133.89,128.18,128.18,126.92,126.92,116.79,116.79,107.88,107.88,113.4,113.4,122.66,122.66,119.13,119.13,120.73,120.73,116.99,116.99,117.16,117.16,117.4,117.4,98.643,98.643,110.21,110.21,127.99,127.99,131.91,131.91,131.09,131.09,140.73,140.73,123.05,123.05,100.08,100.08,79.874,79.874,94.388,94.388,99.985,99.985,112.96,112.96,116.14,116.14,131.38,131.38,143.61,143.61,140.42,140.42,135.19,135.19,137,137,139.7,139.7,138.26,138.26,137.25,137.25,142.49,142.49,139.37,139.37,142.49,142.49,145.37,145.37,149.89,149.89,153.21,153.21,155.69,155.69,153.88,153.88,149.54,149.54,136.66,136.66,128.58,128.58,126.86,126.86,121.36,121.36,135.97,135.97,144.72,144.72,148.13,148.13,142.11,142.11,119.73,119.73,101.97,101.97,119.13,119.13,106.71,106.71,105.86,105.86,103.66,103.66,123.17,123.17,132.6,132.6,148.45,148.45,151.66,151.66,148.64,148.64,142.46,142.46,113.28,113.28,102.81,102.81,91.843,91.843,80.165,80.165,111.01,111.01,133.04,133.04,113.22,113.22,95.889,95.889,73.766,73.766,84.08,84.08,125.73,125.73,143.48,143.48,152.62,152.62,154.83,154.83,129.22,129.22,104.28,104.28,85.095,85.095,68.451,68.451,80.162,80.162,120.38,120.38,116.05,116.05
65.5,86.503,86.503,108.17,108.17,123.73,123.73,121.05,121.05,97.679,97.679,63.181,63.181,103.24,103.24,112.36,112.36,75.417,75.417,63.663,63.663,61.75,61.75,67.183,67.183,78.858,78.858,72.237,72.237,70.087,70.087,71.442,71.442,75.298,75.298,60.703,60.703,76.299,76.299,95.492,95.492,102.43,102.43,109.76,109.76,104.05,104.05,101.38,101.38,104.71,104.71,106.71,106.71,111.07,111.07,116.18,116.18,119.29,119.29,124.47,124.47,137.13,137.13,121.34,121.34,119.23,119.23,117.89,117.89,128.9,128.9,130,130,131.57,131.57,136.65,136.65,134.47,134.47,127.72,127.72,124.97,124.97,112.41,112.41,111.92,111.92,110.34,110.34,113.23,113.23,110.98,110.98,112.88,112.88,105.42,105.42,100.27,100.27,95.312,95.312,93.638,93.638,107.49,107.49,108.55,108.55,111.94,111.94,114.5,114.5,117.23,117.23,110.12,110.12,96.391,96.391,90.508,90.508,93.935,93.935,91.016,91.016,100.47,100.47,106.59,106.59,123.72,123.72,130.11,130.11,127.36,127.36,108.47,108.47,106.43,106.43,107.66,107.66,118.62,118.62,118.56,118.56,110,110,111.28,111.28,114.36,114.36,111.25,111.25,96.155,96.155,89.021,89.021,89.963,89.963,99.97,99.97,100.06,100.06,109.9,109.9,116.76,116.76,123.64,123.64,129.92,129.92,128.62,128.62,136.28,136.28,134.19,134.19,131.52,131.52,127.82,127.82,130.61,130.61,136.25,136.25,130.38,130.38,129.05,129.05,132.62,132.62,129.78,129.78,123.86,123.86,127.43,127.43,128.71,128.71,129.69,129.69,126.8,126.8,110.11,110.11,102.98,102.98,110.18,110.18,112.17,112.17,115.9,115.9,116.24,116.24,120.37,120.37,116.95,116.95,99.609,99.609,112.41,112.41,113.31,113.31,113.76,113.76,115.81,115.81,124.49,124.49,124.05,124.05,109.61,109.61,91.5,91.5,88.183,88.183,101.95,101.95,120.22,120.22,105.93,105.93,107.17,107.17,129.37,129.37,135.4,135.4,137.96,137.96,134.28,134.28,131.82,131.82,132.62,132.62,132.49,132.49,128.67,128.67,127.97,127.97,130.37,130.37,139.08,139.08,142.03,142.03,155.89,155.89,157.17,157.17,153.81,153.81,146.87,146.87,117.98,117.98,119.7,119.7,117.04,117.04,120.74,120.74,134.75,134.75,144.64,144.64,143.49,143.49,142.19,142.19,121.52,121.52,125.5,125.5,129.49,129.49,124.87,124.87,113.31,113.31,111.48,111.48,103.6,103.6,113.21,113.21,133.8,133.8,143.78,143.78,145.98,145.98,144.64,144.64,138.76,138.76,132.49,132.49,117.38,117.38,104.56,104.56,104.49,104.49,108.83,108.83,104.01,104.01,95.804,95.804,102.8,102.8,102.28,102.28,106.36,106.36,127.14,127.14,139.85,139.85,148.52,148.52,145.97,145.97,132.73,132.73,95.645,95.645,68.528,68.528,64.683,64.683,80.779,80.779,109.58,109.58,97.988,97.988
66.5,83.267,83.267,94.375,94.375,114.38,114.38,108.78,108.78,96.101,96.101,88.093,88.093,92.759,92.759,126.22,126.22,108.01,108.01,70.512,70.512,61.484,61.484,58.522,58.522,57.007,57.007,70.768,70.768,69.676,69.676,63.537,63.537,61.347,61.347,67.811,67.811,102.07,102.07,120.47,120.47,127.19,127.19,118.66,118.66,104.45,104.45,98.28,98.28,105.76,105.76,104.52,104.52,109.55,109.55,117.92,117.92,119.84,119.84,117.34,117.34,116.5,116.5,122.02,122.02,122.78,122.78,135.4,135.4,127.93,127.93,129.6,129.6,132,132,133.23,133.23,131.31,131.31,127.93,127.93,124.58,124.58,119.82,119.82,117.53,117.53,99.052,99.052,106.34,106.34,111.56,111.56,111.09,111.09,107.37,107.37,103.81,103.81,96.992,96.992,89.735,89.735,96.239,96.239,104.8,104.8,111.54,111.54,113.78,113.78,108.59,108.59,105.22,105.22,92.722,92.722,97.831,97.831,90.661,90.661,90.738,90.738,102.79,102.79,117.1,117.1,125.59,125.59,122.37,122.37,108.78,108.78,95.567,95.567,99.798,99.798,103.32,103.32,112.62,112.62,107.61,107.61,94.396,94.396,109.97,109.97,108.73,108.73,97.889,97.889,92.788,92.788,94.538,94.538,90.344,90.344,87.643,87.643,92.17,92.17,95.969,95.969,99.952,99.952,102.02,102.02,111.82,111.82,123.75,123.75,127.92,127.92,126.94,126.94,124.36,124.36,123.05,123.05,127.15,127.15,127.69,127.69,126.91,126.91,130.79,130.79,131.36,131.36,127.41,127.41,115.22,115.22,120.6,120.6,123.47,123.47,130.12,130.12,134.54,134.54,124.79,124.79,118.88,118.88,109.09,109.09,90.949,90.949,106.07,106.07,108.67,108.67,106.21,106.21,101.06,101.06,91.744,91.744,110.28,110.28,108.78,108.78,114.4,114.4,112.75,112.75,119.78,119.78,120.03,120.03,105.63,105.63,94.384,94.384,98.607,98.607,111.37,111.37,135.89,135.89,121.12,121.12,113.59,113.59,121.18,121.18,127.22,127.22,134.32,134.32,126.47,126.47,119.44,119.44,124.8,124.8,124.6,124.6,125.06,125.06,130.03,130.03,131.18,131.18,138.62,138.62,139.7,139.7,146.43,146.43,148.63,148.63,144.75,144.75,136.06,136.06,123.11,123.11,113.43,113.43,115.57,115.57,113.84,113.84,116.43,116.43,136.26,136.26,140.49,140.49,137.74,137.74,129.34,129.34,121.52,121.52,126.2,126.2,116.43,116.43,115.2,115.2,111.4,111.4,111.14,111.14,123.45,123.45,134.04,134.04,135.85,135.85,139.83,139.83,141.18,141.18,139.95,139.95,135.63,135.63,133.9,133.9,125.23,125.23,127.89,127.89,114.34,114.34,87.99,87.99,61.423,61.423,79.325,79.325,108.05,108.05,120.38,120.38,122.25,122.25,123.6,123.6,128.03,128.03,129.35,129.35,119.37,119.37,93.847,93.847,62.798,62.798,71.337,71.337,68.079,68.079,83.35,83.35,83.867,83.867
67.5,83.841,83.841,102.27,102.27,107.45,107.45,100.34,100.34,92.473,92.473,94.951,94.951,79.468,79.468,76.765,76.765,121.64,121.64,100.42,100.42,68.886,68.886,64.266,64.266,62.191,62.191,65.143,65.143,66.494,66.494,65.313,65.313,71.717,71.717,84.212,84.212,98.207,98.207,110.74,110.74,93.915,93.915,107.72,107.72,100.25,100.25,101.74,101.74,125,125,121.52,121.52,119.93,119.93,125.55,125.55,124.88,124.88,126.17,126.17,123.07,123.07,123.53,123.53,125.44,125.44,125.85,125.85,127.85,127.85,128.18,128.18,132.32,132.32,134,134,130.27,130.27,132.79,132.79,127.72,127.72,119.89,119.89,112.49,112.49,103.31,103.31,115.75,115.75,110.43,110.43,109.92,109.92,104.77,104.77,104.95,104.95,94.829,94.829,81.033,81.033,85.442,85.442,91.842,91.842,96.86,96.86,103.18,103.18,96.547,96.547,85.467,85.467,80.631,80.631,82.305,82.305,87.07,87.07,93.052,93.052,106.15,106.15,114.65,114.65,119.98,119.98,110.29,110.29,94.296,94.296,89.114,89.114,88.084,88.084,94.154,94.154,106.65,106.65,92.525,92.525,96.825,96.825,105.2,105.2,96.109,96.109,86.166,86.166,87.926,87.926,88.59,88.59,89.166,89.166,89.48,89.48,89.046,89.046,87.443,87.443,88.278,88.278,93.847,93.847,106.06,106.06,118.81,118.81,122.34,122.34,121.05,121.05,119.12,119.12,117.02,117.02,123.11,123.11,127.38,127.38,122.23,122.23,120.51,120.51,117.3,117.3,116.39,116.39,120.85,120.85,116.62,116.62,123.53,123.53,122.84,122.84,124.87,124.87,118.93,118.93,120.96,120.96,121.2,121.2,116.46,116.46,115.31,115.31,120.94,120.94,110.72,110.72,97.748,97.748,103.7,103.7,112.56,112.56,107.41,107.41,118.45,118.45,115.46,115.46,116.87,116.87,113.07,113.07,97.691,97.691,94.532,94.532,94.798,94.798,115.49,115.49,126.97,126.97,125.8,125.8,125.9,125.9,126.51,126.51,126.7,126.7,120.66,120.66,121.96,121.96,118.68,118.68,118.61,118.61,122.84,122.84,127.25,127.25,126.49,126.49,132.82,132.82,138.54,138.54,136.65,136.65,142.41,142.41,139.05,139.05,139.45,139.45,131.26,131.26,127.15,127.15,117.42,117.42,112.7,112.7,121.59,121.59,124.63,124.63,124.34,124.34,132.48,132.48,133.24,133.24,120.08,120.08,111.09,111.09,116.44,116.44,115.61,115.61,115.57,115.57,112.24,112.24,103.65,103.65,127.38,127.38,126.4,126.4,128.22,128.22,132.53,132.53,135.41,135.41,135.72,135.72,134.63,134.63,134.56,134.56,130.92,130.92,122.6,122.6,117.14,117.14,107.43,107.43,109.37,109.37,117.43,117.43,107.73,107.73,102.52,102.52,109.81,109.81,114.65,114.65,117.48,117.48,112.76,112.76,111.65,111.65,102.69,102.69,101.64,101.64,94.935,94.935,72.973,72.973,78.882,78.882,74.345,74.345
68.5,82.11,82.11,95.407,95.407,113.36,113.36,108.15,108.15,102.66,102.66,99.449,99.449,74.386,74.386,72.762,72.762,81.183,81.183,108.94,108.94,100.7,100.7,90.786,90.786,84.743,84.743,70.167,70.167,66.415,66.415,65.368,65.368,75.749,75.749,107.81,107.81,108.54,108.54,75.203,75.203,50.068,50.068,72.146,72.146,87.481,87.481,86.777,86.777,112.76,112.76,116.08,116.08,119.81,119.81,124.04,124.04,119.62,119.62,119.85,119.85,121.59,121.59,122.19,122.19,120.63,120.63,116.73,116.73,123.08,123.08,122.17,122.17,123.07,123.07,126.91,126.91,126.43,126.43,123.6,123.6,122.27,122.27,119.57,119.57,116.77,116.77,108.63,108.63,114.88,114.88,110.24,110.24,109.49,109.49,112.76,112.76,106.95,106.95,95.673,95.673,82.254,82.254,82.713,82.713,87.258,87.258,96.739,96.739,97.84,97.84,92.031,92.031,76.912,76.912,70.741,70.741,76.116,76.116,81.963,81.963,89.699,89.699,94.85,94.85,105.76,105.76,117.08,117.08,113.69,113.69,110.62,110.62,91.31,91.31,86.252,86.252,92.327,92.327,99.101,99.101,94.535,94.535,91.069,91.069,88.391,88.391,86.33,86.33,85.84,85.84,95.063,95.063,98.724,98.724,97.929,97.929,94.514,94.514,99.399,99.399,95.983,95.983,86.661,86.661,97.344,97.344,115.8,115.8,116.61,116.61,118.14,118.14,116.85,116.85,115.18,115.18,116.27,116.27,119.93,119.93,122.8,122.8,118.93,118.93,116.05,116.05,115.02,115.02,116.68,116.68,117.63,117.63,116.36,116.36,119.17,119.17,119.53,119.53,121.95,121.95,123.54,123.54,124.69,124.69,120.79,120.79,122.2,122.2,125.11,125.11,119.55,119.55,112.82,112.82,115.81,115.81,114.52,114.52,112.91,112.91,115.41,115.41,116.68,116.68,108.29,108.29,113.53,113.53,105.05,105.05,99.05,99.05,99.943,99.943,109.56,109.56,124.91,124.91,122.96,122.96,119.24,119.24,121.67,121.67,120.52,120.52,122.59,122.59,122.03,122.03,125.78,125.78,121.37,121.37,121,121,124.65,124.65,129.44,129.44,135.6,135.6,133.98,133.98,135.63,135.63,130.8,130.8,126.28,126.28,124.96,124.96,122.49,122.49,125.87,125.87,119.31,119.31,107.85,107.85,119.16,119.16,125.84,125.84,132.71,132.71,131.18,131.18,129.21,129.21,123.31,123.31,108.96,108.96,112.42,112.42,116.89,116.89,116.97,116.97,114.77,114.77,112.34,112.34,108.03,108.03,114.14,114.14,118.46,118.46,123.56,123.56,129.8,129.8,131.38,131.38,131.34,131.34,130.75,130.75,128.94,128.94,128.54,128.54,124.49,124.49,112.25,112.25,116.42,116.42,123.28,123.28,130.1,130.1,116.78,116.78,100.72,100.72,101.11,101.11,105.62,105.62,108.14,108.14,107.58,107.58,110.7,110.7,98.794,98.794,105.9,105.9,108.35,108.35,86.659,86.659,78.76,78.76,78.711,78.711
69.5,98.113,98.113,100.95,100.95,105.48,105.48,108.71,108.71,100.17,100.17,94.14,94.14,78.132,78.132,56.318,56.318,47.212,47.212,77.016,77.016,95.276,95.276,102.52,102.52,97.632,97.632,92.661,92.661,81.102,81.102,77.853,77.853,72.495,72.495,70.388,70.388,63.164,63.164,50.991,50.991,42.875,42.875,41.527,41.527,57.481,57.481,70.336,70.336,100.31,100.31,103.13,103.13,120.44,120.44,112.35,112.35,114.28,114.28,112.73,112.73,114.72,114.72,112.95,112.95,113.91,113.91,113.19,113.19,113.3,113.3,116.65,116.65,120.84,120.84,120.01,120.01,118.35,118.35,120.49,120.49,120.93,120.93,122.51,122.51,113.29,113.29,113.49,113.49,116.3,116.3,112.18,112.18,116.06,116.06,109.43,109.43,108.74,108.74,107.67,107.67,101.13,101.13,88.945,88.945,92.951,92.951,102.76,102.76,102.62,102.62,95.564,95.564,89.581,89.581,75.401,75.401,78.43,78.43,93.177,93.177,96.849,96.849,96.249,96.249,102.84,102.84,109.22,109.22,117.26,117.26,118.93,118.93,104.22,104.22,89.976,89.976,97.704,97.704,107.64,107.64,104.11,104.11,97.155,97.155,92.78,92.78,91.417,91.417,95.635,95.635,101.26,101.26,108.37,108.37,112.93,112.93,110.9,110.9,111.27,111.27,114.45,114.45,111.32,111.32,111.35,111.35,114.55,114.55,114.96,114.96,115.89,115.89,115.98,115.98,117.18,117.18,113.35,113.35,112.24,112.24,112.23,112.23,112.16,112.16,111.39,111.39,112.59,112.59,112.9,112.9,113.19,113.19,112.42,112.42,110.31,110.31,110.74,110.74,114.92,114.92,119.33,119.33,117.63,117.63,117.57,117.57,122.25,122.25,123.48,123.48,124.65,124.65,113.23,113.23,108.54,108.54,110.2,110.2,112.23,112.23,114.49,114.49,118.36,118.36,121.5,121.5,122.16,122.16,118.42,118.42,115.87,115.87,117.91,117.91,114.85,114.85,113.89,113.89,110.39,110.39,114.33,114.33,112.77,112.77,115.11,115.11,113.98,113.98,117.09,117.09,119.25,119.25,121.27,121.27,119.59,119.59,118.87,118.87,125.55,125.55,120.68,120.68,122.95,122.95,127.82,127.82,125.02,125.02,128.66,128.66,128.42,128.42,125.75,125.75,126.44,126.44,128,128,118.15,118.15,120.76,120.76,122.59,122.59,126.23,126.23,129.13,129.13,125.22,125.22,108.73,108.73,113.17,113.17,108.75,108.75,115.38,115.38,117.19,117.19,115.34,115.34,108.83,108.83,100.34,100.34,111.84,111.84,110.3,110.3,114.54,114.54,123.78,123.78,124.6,124.6,123.95,123.95,125.6,125.6,123.46,123.46,124.11,124.11,126.39,126.39,124.52,124.52,122.35,122.35,118.17,118.17,118.13,118.13,115.49,115.49,113.06,113.06,113.69,113.69,117.44,117.44,106.39,106.39,107.48,107.48,111,111,105.31,105.31,108.14,108.14,100.61,100.61,89.041,89.041,87.152,87.152,92.152,92.152
70.5,96.487,96.487,96.487,96.487,97.406,97.406,97.406,97.406,99.008,99.008,99.008,99.008,75.559,75.559,75.559,75.559,48.623,48.623,48.623,48.623,51.702,51.702,51.702,51.702,80.733,80.733,80.733,80.733,68.888,68.888,68.888,68.888,47.595,47.595,47.595,47.595,53.437,53.437,53.437,53.437,48.027,48.027,48.027,48.027,52.069,52.069,52.069,52.069,92.513,92.513,92.513,92.513,111.91,111.91,111.91,111.91,109.97,109.97,109.97,109.97,108.12,108.12,108.12,108.12,106.6,106.6,106.6,106.6,110.21,110.21,110.21,110.21,113.52,113.52,113.52,113.52,117.26,117.26,117.26,117.26,115.52,115.52,115.52,115.52,110.37,110.37,110.37,110.37,106.29,106.29,106.29,106.29,106.18,106.18,106.18,106.18,95.702,95.702,95.702,95.702,97.265,97.265,97.265,97.265,96.039,96.039,96.039,96.039,101.11,101.11,101.11,101.11,80.172,80.172,80.172,80.172,85.638,85.638,85.638,85.638,99.961,99.961,99.961,99.961,107.16,107.16,107.16,107.16,106.28,106.28,106.28,106.28,104.31,104.31,104.31,104.31,101.08,101.08,101.08,101.08,103.29,103.29,103.29,103.29,107.87,107.87,107.87,107.87,109.25,109.25,109.25,109.25,107.9,107.9,107.9,107.9,107.09,107.09,107.09,107.09,104.01,104.01,104.01,104.01,100.76,100.76,100.76,100.76,104.92,104.92,104.92,104.92,107.02,107.02,107.02,107.02,104.69,104.69,104.69,104.69,103.63,103.63,103.63,103.63,106.14,106.14,106.14,106.14,110.1,110.1,110.1,110.1,112.03,112.03,112.03,112.03,107.28,107.28,107.28,107.28,107.53,107.53,107.53,107.53,105.86,105.86,105.86,105.86,112.45,112.45,112.45,112.45,115.6,115.6,115.6,115.6,112.36,112.36,112.36,112.36,109.47,109.47,109.47,109.47,106.17,106.17,106.17,106.17,103.85,103.85,103.85,103.85,105.17,105.17,105.17,105.17,106.37,106.37,106.37,106.37,108.47,108.47,108.47,108.47,109.74,109.74,109.74,109.74,110.18,110.18,110.18,110.18,113.26,113.26,113.26,113.26,116.07,116.07,116.07,116.07,118.16,118.16,118.16,118.16,123.33,123.33,123.33,123.33,116.59,116.59,116.59,116.59,116.04,116.04,116.04,116.04,114.75,114.75,114.75,114.75,117.34,117.34,117.34,117.34,126.32,126.32,126.32,126.32,110.21,110.21,110.21,110.21,109.72,109.72,109.72,109.72,108.74,108.74,108.74,108.74,106.63,106.63,106.63,106.63,99.095,99.095,99.095,99.095,112.38,112.38,112.38,112.38,120.88,120.88,120.88,120.88,118.31,118.31,118.31,118.31,119.78,119.78,119.78,119.78,120.14,120.14,120.14,120.14,110.02,110.02,110.02,110.02,114.18,114.18,114.18,114.18,113.59,113.59,113.59,113.59,114.18,114.18,114.18,114.18,109.88,109.88,109.88,109.88,101.62,101.62,101.62,101.62,92.994,92.994,92.994,92.994,92.484,92.484,92.484,92.484
71.5,93.486,93.486,93.486,93.486,85.529,85.529,85.529,85.529,86.759,86.759,86.759,86.759,72.442,72.442,72.442,72.442,61.387,61.387,61.387,61.387,39.555,39.555,39.555,39.555,38.203,38.203,38.203,38.203,39.084,39.084,39.084,39.084,50.59,50.59,50.59,50.59,46.738,46.738,46.738,46.738,46.691,46.691,46.691,46.691,51.939,51.939,51.939,51.939,92.383,92.383,92.383,92.383,104.08,104.08,104.08,104.08,107.13,107.13,107.13,107.13,102.86,102.86,102.86,102.86,107.09,107.09,107.09,107.09,105.71,105.71,105.71,105.71,106.86,106.86,106.86,106.86,108.74,108.74,108.74,108.74,108.84,108.84,108.84,108.84,110.56,110.56,110.56,110.56,108.24,108.24,108.24,108.24,108.1,108.1,108.1,108.1,93.628,93.628,93.628,93.628,82.735,82.735,82.735,82.735,98.307,98.307,98.307,98.307,93.032,93.032,93.032,93.032,91.313,91.313,91.313,91.313,94.297,94.297,94.297,94.297,91.991,91.991,91.991,91.991,108.09,108.09,108.09,108.09,109.65,109.65,109.65,109.65,107.17,107.17,107.17,107.17,103.65,103.65,103.65,103.65,107.12,107.12,107.12,107.12,111.35,111.35,111.35,111.35,104.19,104.19,104.19,104.19,103.64,103.64,103.64,103.64,102.35,102.35,102.35,102.35,98.502,98.502,98.502,98.502,96.888,96.888,96.888,96.888,101.09,101.09,101.09,101.09,101.07,101.07,101.07,101.07,101.53,101.53,101.53,101.53,103.3,103.3,103.3,103.3,102.48,102.48,102.48,102.48,105.15,105.15,105.15,105.15,105.23,105.23,105.23,105.23,103.4,103.4,103.4,103.4,97.039,97.039,97.039,97.039,98.562,98.562,98.562,98.562,102.14,102.14,102.14,102.14,103.19,103.19,103.19,103.19,103.44,103.44,103.44,103.44,103.88,103.88,103.88,103.88,101.26,101.26,101.26,101.26,99.267,99.267,99.267,99.267,100.46,100.46,100.46,100.46,104.31,104.31,104.31,104.31,107.04,107.04,107.04,107.04,109.27,109.27,109.27,109.27,108.57,108.57,108.57,108.57,108.44,108.44,108.44,108.44,111.75,111.75,111.75,111.75,112.36,112.36,112.36,112.36,115.36,115.36,115.36,115.36,112.05,112.05,112.05,112.05,113.93,113.93,113.93,113.93,114.91,114.91,114.91,114.91,119.87,119.87,119.87,119.87,113.5,113.5,113.5,113.5,107.02,107.02,107.02,107.02,107.25,107.25,107.25,107.25,104.9,104.9,104.9,104.9,104.19,104.19,104.19,104.19,100.38,100.38,100.38,100.38,108.23,108.23,108.23,108.23,113.97,113.97,113.97,113.97,114.91,114.91,114.91,114.91,117.47,117.47,117.47,117.47,116.11,116.11,116.11,116.11,107.4,107.4,107.4,107.4,107.36,107.36,107.36,107.36,111.89,111.89,111.89,111.89,112.41,112.41,112.41,112.41,107.63,107.63,107.63,107.63,97.337,97.337,97.337,97.337,98.64,98.64,98.64,98.64,95.039,95.039,95.039,95.039
72.5,88.702,88.702,88.702,88.702,79.885,79.885,79.885,79.885,73.364,73.364,73.364,73.364,57.699,57.699,57.699,57.699,59.985,59.985,59.985,59.985,58.86,58.86,58.86,58.86,57.737,57.737,57.737,57.737,54.91,54.91,54.91,54.91,58.02,58.02,58.02,58.02,50.496,50.496,50.496,50.496,53.861,53.861,53.861,53.861,53.639,53.639,53.639,53.639,79.149,79.149,79.149,79.149,97.849,97.849,97.849,97.849,102.2,102.2,102.2,102.2,96.189,96.189,96.189,96.189,100.04,100.04,100.04,100.04,97.254,97.254,97.254,97.254,99.914,99.914,99.914,99.914,102.65,102.65,102.65,102.65,104.2,104.2,104.2,104.2,104.69,104.69,104.69,104.69,103.98,103.98,103.98,103.98,103.49,103.49,103.49,103.49,100.35,100.35,100.35,100.35,95.557,95.557,95.557,95.557,97.681,97.681,97.681,97.681,95.792,95.792,95.792,95.792,97.247,97.247,97.247,97.247,99.072,99.072,99.072,99.072,100.47,100.47,100.47,100.47,103.93,103.93,103.93,103.93,103.15,103.15,103.15,103.15,99.556,99.556,99.556,99.556,101.68,101.68,101.68,101.68,106.29,106.29,106.29,106.29,105.98,105.98,105.98,105.98,103.48,103.48,103.48,103.48,102.35,102.35,102.35,102.35,98.057,98.057,98.057,98.057,95.146,95.146,95.146,95.146,95.687,95.687,95.687,95.687,99.639,99.639,99.639,99.639,99.585,99.585,99.585,99.585,99.369,99.369,99.369,99.369,99.605,99.605,99.605,99.605,102.43,102.43,102.43,102.43,101.33,101.33,101.33,101.33,100.83,100.83,100.83,100.83,99.517,99.517,99.517,99.517,96.063,96.063,96.063,96.063,97.074,97.074,97.074,97.074,97.79,97.79,97.79,97.79,98.477,98.477,98.477,98.477,99.474,99.474,99.474,99.474,98.92,98.92,98.92,98.92,98.945,98.945,98.945,98.945,98.394,98.394,98.394,98.394,100.64,100.64,100.64,100.64,103.84,103.84,103.84,103.84,105.5,105.5,105.5,105.5,103.1,103.1,103.1,103.1,103.48,103.48,103.48,103.48,102.77,102.77,102.77,102.77,104.35,104.35,104.35,104.35,108.54,108.54,108.54,108.54,111.67,111.67,111.67,111.67,110.93,110.93,110.93,110.93,111.91,111.91,111.91,111.91,117.63,117.63,117.63,117.63,112.02,112.02,112.02,112.02,109.99,109.99,109.99,109.99,105.36,105.36,105.36,105.36,103.42,103.42,103.42,103.42,100.15,100.15,100.15,100.15,98.997,98.997,98.997,98.997,101.22,101.22,101.22,101.22,107.57,107.57,107.57,107.57,110.24,110.24,110.24,110.24,110.06,110.06,110.06,110.06,114.11,114.11,114.11,114.11,111.84,111.84,111.84,111.84,107.74,107.74,107.74,107.74,100.55,100.55,100.55,100.55,110.22,110.22,110.22,110.22,110.66,110.66,110.66,110.66,111.39,111.39,111.39,111.39,105.37,105.37,105.37,105.37,101.25,101.25,101.25,101.25,96.493,96.493,96.493,96.493
73.5,81.158,81.158,81.158,81.158,70.068,70.068,70.068,70.068,59.169,59.169,59.169,59.169,55.562,55.562,55.562,55.562,61.909,61.909,61.909,61.909,64.659,64.659,64.659,64.659,75.187,75.187,75.187,75.187,68.69,68.69,68.69,68.69,66.8,66.8,66.8,66.8,66.585,66.585,66.585,66.585,53.557,53.557,53.557,53.557,54.458,54.458,54.458,54.458,72.382,72.382,72.382,72.382,90.002,90.002,90.002,90.002,97.484,97.484,97.484,97.484,92.33,92.33,92.33,92.33,90.74,90.74,90.74,90.74,84.735,84.735,84.735,84.735,82.836,82.836,82.836,82.836,87.676,87.676,87.676,87.676,91.277,91.277,91.277,91.277,93.074,93.074,93.074,93.074,93.867,93.867,93.867,93.867,95.707,95.707,95.707,95.707,91.161,91.161,91.161,91.161,90.372,90.372,90.372,90.372,93.22,93.22,93.22,93.22,93.917,93.917,93.917,93.917,93.625,93.625,93.625,93.625,93.269,93.269,93.269,93.269,89.958,89.958,89.958,89.958,88.215,88.215,88.215,88.215,93.716,93.716,93.716,93.716,93.897,93.897,93.897,93.897,96.24,96.24,96.24,96.24,100.24,100.24,100.24,100.24,98.956,98.956,98.956,98.956,99.517,99.517,99.517,99.517,98.963,98.963,98.963,98.963,93.643,93.643,93.643,93.643,91.229,91.229,91.229,91.229,94.467,94.467,94.467,94.467,96.266,96.266,96.266,96.266,95.609,95.609,95.609,95.609,97.408,97.408,97.408,97.408,97.716,97.716,97.716,97.716,97.321,97.321,97.321,97.321,95.871,95.871,95.871,95.871,96.849,96.849,96.849,96.849,97.044,97.044,97.044,97.044,95.672,95.672,95.672,95.672,94.738,94.738,94.738,94.738,94.299,94.299,94.299,94.299,95.197,95.197,95.197,95.197,94.904,94.904,94.904,94.904,95.645,95.645,95.645,95.645,95.903,95.903,95.903,95.903,96.067,96.067,96.067,96.067,96.793,96.793,96.793,96.793,99.297,99.297,99.297,99.297,100.29,100.29,100.29,100.29,101.15,101.15,101.15,101.15,101.3,101.3,101.3,101.3,100.1,100.1,100.1,100.1,98.862,98.862,98.862,98.862,100.88,100.88,100.88,100.88,105.84,105.84,105.84,105.84,107.01,107.01,107.01,107.01,106.55,106.55,106.55,106.55,108.1,108.1,108.1,108.1,105.83,105.83,105.83,105.83,102.53,102.53,102.53,102.53,101.64,101.64,101.64,101.64,97.706,97.706,97.706,97.706,96.201,96.201,96.201,96.201,96.962,96.962,96.962,96.962,100.21,100.21,100.21,100.21,103.97,103.97,103.97,103.97,105.23,105.23,105.23,105.23,106.4,106.4,106.4,106.4,109.52,109.52,109.52,109.52,107.78,107.78,107.78,107.78,104.65,104.65,104.65,104.65,96.873,96.873,96.873,96.873,103.69,103.69,103.69,103.69,105.85,105.85,105.85,105.85,105.03,105.03,105.03,105.03,100.89,100.89,100.89,100.89,99.262,99.262,99.262,99.262,90.093,90.093,90.093,90.093
74.5,72.995,72.995,72.995,72.995,66.274,66.274,66.274,66.274,60.311,60.311,60.311,60.311,60.855,60.855,60.855,60.855,68.202,68.202,68.202,68.202,70.953,70.953,70.953,70.953,73.261,73.261,73.261,73.261,72.592,72.592,72.592,72.592,72.686,72.686,72.686,72.686,59.962,59.962,59.962,59.962,49.671,49.671,49.671,49.671,67.099,67.099,67.099,67.099,74.782,74.782,74.782,74.782,85.938,85.938,85.938,85.938,93.607,93.607,93.607,93.607,90.964,90.964,90.964,90.964,87.111,87.111,87.111,87.111,78.339,78.339,78.339,78.339,79.839,79.839,79.839,79.839,80.233,80.233,80.233,80.233,84.742,84.742,84.742,84.742,90.602,90.602,90.602,90.602,89.091,89.091,89.091,89.091,90.55,90.55,90.55,90.55,87.145,87.145,87.145,87.145,89.465,89.465,89.465,89.465,89.961,89.961,89.961,89.961,91.395,91.395,91.395,91.395,85.798,85.798,85.798,85.798,84.927,84.927,84.927,84.927,83.687,83.687,83.687,83.687,82.257,82.257,82.257,82.257,82.44,82.44,82.44,82.44,89.864,89.864,89.864,89.864,90.281,90.281,90.281,90.281,94.272,94.272,94.272,94.272,93.713,93.713,93.713,93.713,94.616,94.616,94.616,94.616,92.394,92.394,92.394,92.394,86.132,86.132,86.132,86.132,87.881,87.881,87.881,87.881,90.272,90.272,90.272,90.272,91.751,91.751,91.751,91.751,92.371,92.371,92.371,92.371,93.302,93.302,93.302,93.302,93.01,93.01,93.01,93.01,92.116,92.116,92.116,92.116,91.811,91.811,91.811,91.811,92.229,92.229,92.229,92.229,91.798,91.798,91.798,91.798,90.338,90.338,90.338,90.338,89.813,89.813,89.813,89.813,88.886,88.886,88.886,88.886,89.609,89.609,89.609,89.609,89.481,89.481,89.481,89.481,90.562,90.562,90.562,90.562,92.218,92.218,92.218,92.218,92.784,92.784,92.784,92.784,92.909,92.909,92.909,92.909,94.151,94.151,94.151,94.151,93.019,93.019,93.019,93.019,93.751,93.751,93.751,93.751,98.756,98.756,98.756,98.756,97.282,97.282,97.282,97.282,96.667,96.667,96.667,96.667,93.519,93.519,93.519,93.519,94.056,94.056,94.056,94.056,97.007,97.007,97.007,97.007,98.291,98.291,98.291,98.291,99.488,99.488,99.488,99.488,95.069,95.069,95.069,95.069,94.565,94.565,94.565,94.565,93.659,93.659,93.659,93.659,90.081,90.081,90.081,90.081,91.942,91.942,91.942,91.942,94.218,94.218,94.218,94.218,95.948,95.948,95.948,95.948,99.27,99.27,99.27,99.27,100.87,100.87,100.87,100.87,101.54,101.54,101.54,101.54,105.17,105.17,105.17,105.17,104.36,104.36,104.36,104.36,103.67,103.67,103.67,103.67,99.62,99.62,99.62,99.62,98.672,98.672,98.672,98.672,99.091,99.091,99.091,99.091,95.947,95.947,95.947,95.947,93.671,93.671,93.671,93.671,82.163,82.163,82.163,82.163,75.121,75.121,75.121,75.121
75.5,51.387,51.387,51.387,51.387,61.083,61.083,61.083,61.083,64.337,64.337,64.337,64.337,68.627,68.627,68.627,68.627,67.289,67.289,67.289,67.289,86.003,86.003,86.003,86.003,81.078,81.078,81.078,81.078,74.3,74.3,74.3,74.3,70.329,70.329,70.329,70.329,58.053,58.053,58.053,58.053,56.2,56.2,56.2,56.2,69.349,69.349,69.349,69.349,73.381,73.381,73.381,73.381,76.763,76.763,76.763,76.763,76.54,76.54,76.54,76.54,85.857,85.857,85.857,85.857,82.849,82.849,82.849,82.849,74.338,74.338,74.338,74.338,77.059,77.059,77.059,77.059,79.254,79.254,79.254,79.254,80.175,80.175,80.175,80.175,82.479,82.479,82.479,82.479,83.809,83.809,83.809,83.809,86.051,86.051,86.051,86.051,88.453,88.453,88.453,88.453,89.693,89.693,89.693,89.693,88.97,88.97,88.97,88.97,87.112,87.112,87.112,87.112,80.194,80.194,80.194,80.194,79.585,79.585,79.585,79.585,80.936,80.936,80.936,80.936,82.016,82.016,82.016,82.016,82.032,82.032,82.032,82.032,79.71,79.71,79.71,79.71,87.662,87.662,87.662,87.662,85.339,85.339,85.339,85.339,82.756,82.756,82.756,82.756,84.684,84.684,84.684,84.684,84.168,84.168,84.168,84.168,84.879,84.879,84.879,84.879,85.686,85.686,85.686,85.686,85.36,85.36,85.36,85.36,87.982,87.982,87.982,87.982,88.92,88.92,88.92,88.92,88.454,88.454,88.454,88.454,88.261,88.261,88.261,88.261,88.771,88.771,88.771,88.771,88.622,88.622,88.622,88.622,88.296,88.296,88.296,88.296,87.623,87.623,87.623,87.623,86.22,86.22,86.22,86.22,85.846,85.846,85.846,85.846,84.846,84.846,84.846,84.846,85.703,85.703,85.703,85.703,85.996,85.996,85.996,85.996,87.519,87.519,87.519,87.519,88.311,88.311,88.311,88.311,88.615,88.615,88.615,88.615,88.384,88.384,88.384,88.384,88.688,88.688,88.688,88.688,90.481,90.481,90.481,90.481,89.275,89.275,89.275,89.275,92.165,92.165,92.165,92.165,93.018,93.018,93.018,93.018,93.694,93.694,93.694,93.694,95.092,95.092,95.092,95.092,95.829,95.829,95.829,95.829,95.033,95.033,95.033,95.033,94.868,94.868,94.868,94.868,94.07,94.07,94.07,94.07,86.288,86.288,86.288,86.288,89.194,89.194,89.194,89.194,82.039,82.039,82.039,82.039,86.277,86.277,86.277,86.277,88.239,88.239,88.239,88.239,89.141,89.141,89.141,89.141,92.962,92.962,92.962,92.962,95.375,95.375,95.375,95.375,97.142,97.142,97.142,97.142,98.257,98.257,98.257,98.257,100.92,100.92,100.92,100.92,98.964,98.964,98.964,98.964,98.066,98.066,98.066,98.066,96.059,96.059,96.059,96.059,95.508,95.508,95.508,95.508,94.112,94.112,94.112,94.112,89.703,89.703,89.703,89.703,85.611,85.611,85.611,85.611,71.85,71.85,71.85,71.85,49.591,49.591,49.591,49.591
76.5,41.825,41.825,41.825,41.825,44.319,44.319,44.319,44.319,58.19,58.19,58.19,58.19,67.445,67.445,67.445,67.445,67.257,67.257,67.257,67.257,64.265,64.265,64.265,64.265,67.692,67.692,67.692,67.692,54.695,54.695,54.695,54.695,51.045,51.045,51.045,51.045,52.164,52.164,52.164,52.164,53.428,53.428,53.428,53.428,67.722,67.722,67.722,67.722,67.408,67.408,67.408,67.408,64.056,64.056,64.056,64.056,60.223,60.223,60.223,60.223,50.011,50.011,50.011,50.011,67.794,67.794,67.794,67.794,64.358,64.358,64.358,64.358,71.816,71.816,71.816,71.816,73.101,73.101,73.101,73.101,76.257,76.257,76.257,76.257,76.229,76.229,76.229,76.229,77.004,77.004,77.004,77.004,80.19,80.19,80.19,80.19,84.422,84.422,84.422,84.422,88.683,88.683,88.683,88.683,87.561,87.561,87.561,87.561,76.28,76.28,76.28,76.28,71.826,71.826,71.826,71.826,77.595,77.595,77.595,77.595,79.381,79.381,79.381,79.381,80.055,80.055,80.055,80.055,78.957,78.957,78.957,78.957,79.704,79.704,79.704,79.704,76.308,76.308,76.308,76.308,73.256,73.256,73.256,73.256,76.615,76.615,76.615,76.615,77.795,77.795,77.795,77.795,81.159,81.159,81.159,81.159,80.474,80.474,80.474,80.474,80.164,80.164,80.164,80.164,80.852,80.852,80.852,80.852,83.964,83.964,83.964,83.964,83.062,83.062,83.062,83.062,83.707,83.707,83.707,83.707,84.205,84.205,84.205,84.205,83.996,83.996,83.996,83.996,83.952,83.952,83.952,83.952,83.916,83.916,83.916,83.916,83.514,83.514,83.514,83.514,82.542,82.542,82.542,82.542,82.417,82.417,82.417,82.417,80.878,80.878,80.878,80.878,82.849,82.849,82.849,82.849,82.976,82.976,82.976,82.976,83.928,83.928,83.928,83.928,84.276,84.276,84.276,84.276,83.951,83.951,83.951,83.951,84.334,84.334,84.334,84.334,85.411,85.411,85.411,85.411,87.448,87.448,87.448,87.448,88.819,88.819,88.819,88.819,90.622,90.622,90.622,90.622,90.57,90.57,90.57,90.57,90.048,90.048,90.048,90.048,93.367,93.367,93.367,93.367,90.746,90.746,90.746,90.746,90.731,90.731,90.731,90.731,94.033,94.033,94.033,94.033,91.474,91.474,91.474,91.474,90.523,90.523,90.523,90.523,77.306,77.306,77.306,77.306,82.334,82.334,82.334,82.334,88.492,88.492,88.492,88.492,85.787,85.787,85.787,85.787,87.678,87.678,87.678,87.678,90.725,90.725,90.725,90.725,93.808,93.808,93.808,93.808,92.452,92.452,92.452,92.452,91.473,91.473,91.473,91.473,94.711,94.711,94.711,94.711,93.152,93.152,93.152,93.152,93.563,93.563,93.563,93.563,92.871,92.871,92.871,92.871,93.615,93.615,93.615,93.615,91.96,91.96,91.96,91.96,89.259,89.259,89.259,89.259,83.931,83.931,83.931,83.931,70.845,70.845,70.845,70.845,43.797,43.797,43.797,43.797
77.5,51.362,51.362,51.362,51.362,53.194,53.194,53.194,53.194,62.728,62.728,62.728,62.728,65.742,65.742,65.742,65.742,70.45,70.45,70.45,70.45,68.085,68.085,68.085,68.085,69.358,69.358,69.358,69.358,57.653,57.653,57.653,57.653,54.499,54.499,54.499,54.499,59.75,59.75,59.75,59.75,58.129,58.129,58.129,58.129,65.005,65.005,65.005,65.005,58.125,58.125,58.125,58.125,50.088,50.088,50.088,50.088,50.134,50.134,50.134,50.134,49.109,49.109,49.109,49.109,48.631,48.631,48.631,48.631,57.753,57.753,57.753,57.753,70.299,70.299,70.299,70.299,72.015,72.015,72.015,72.015,70.032,70.032,70.032,70.032,70.866,70.866,70.866,70.866,72.992,72.992,72.992,72.992,73.265,73.265,73.265,73.265,74.55,74.55,74.55,74.55,77.063,77.063,77.063,77.063,76.551,76.551,76.551,76.551,70.364,70.364,70.364,70.364,73.557,73.557,73.557,73.557,75.717,75.717,75.717,75.717,78.384,78.384,78.384,78.384,82.301,82.301,82.301,82.301,76.818,76.818,76.818,76.818,74.395,74.395,74.395,74.395,74.732,74.732,74.732,74.732,74.471,74.471,74.471,74.471,75.071,75.071,75.071,75.071,74.934,74.934,74.934,74.934,76.487,76.487,76.487,76.487,75.632,75.632,75.632,75.632,76.21,76.21,76.21,76.21,76.49,76.49,76.49,76.49,77.524,77.524,77.524,77.524,79.157,79.157,79.157,79.157,78.295,78.295,78.295,78.295,78.184,78.184,78.184,78.184,78.933,78.933,78.933,78.933,79.498,79.498,79.498,79.498,79.454,79.454,79.454,79.454,78.809,78.809,78.809,78.809,78.63,78.63,78.63,78.63,79.059,79.059,79.059,79.059,78.266,78.266,78.266,78.266,78.918,78.918,78.918,78.918,79.575,79.575,79.575,79.575,80.042,80.042,80.042,80.042,79.996,79.996,79.996,79.996,80.258,80.258,80.258,80.258,80.669,80.669,80.669,80.669,82.574,82.574,82.574,82.574,83.372,83.372,83.372,83.372,85.423,85.423,85.423,85.423,84.471,84.471,84.471,84.471,86.473,86.473,86.473,86.473,86.51,86.51,86.51,86.51,84.938,84.938,84.938,84.938,84.803,84.803,84.803,84.803,84.114,84.114,84.114,84.114,85.563,85.563,85.563,85.563,87.812,87.812,87.812,87.812,87.565,87.565,87.565,87.565,75.002,75.002,75.002,75.002,79.44,79.44,79.44,79.44,81.499,81.499,81.499,81.499,82.123,82.123,82.123,82.123,84.898,84.898,84.898,84.898,87.001,87.001,87.001,87.001,88.489,88.489,88.489,88.489,86.656,86.656,86.656,86.656,86.002,86.002,86.002,86.002,84.968,84.968,84.968,84.968,86.016,86.016,86.016,86.016,84.621,84.621,84.621,84.621,85.055,85.055,85.055,85.055,84.636,84.636,84.636,84.636,83.321,83.321,83.321,83.321,81.899,81.899,81.899,81.899,81.292,81.292,81.292,81.292,74.022,74.022,74.022,74.022,56.687,56.687,56.687,56.687
78.5,58.667,58.667,58.667,58.667,60.85,60.85,60.85,60.85,58.425,58.425,58.425,58.425,64.291,64.291,64.291,64.291,74.14,74.14,74.14,74.14,76.343,76.343,76.343,76.343,73.478,73.478,73.478,73.478,70.433,70.433,70.433,70.433,62.274,62.274,62.274,62.274,56.836,56.836,56.836,56.836,58.25,58.25,58.25,58.25,53.337,53.337,53.337,53.337,50.672,50.672,50.672,50.672,50.139,50.139,50.139,50.139,52.597,52.597,52.597,52.597,65.265,65.265,65.265,65.265,63.938,63.938,63.938,63.938,64.843,64.843,64.843,64.843,67.834,67.834,67.834,67.834,67.993,67.993,67.993,67.993,66.571,66.571,66.571,66.571,67.993,67.993,67.993,67.993,69.158,69.158,69.158,69.158,69.609,69.609,69.609,69.609,70.74,70.74,70.74,70.74,69.659,69.659,69.659,69.659,65.068,65.068,65.068,65.068,67.602,67.602,67.602,67.602,71.562,71.562,71.562,71.562,72.462,72.462,72.462,72.462,73.003,73.003,73.003,73.003,79.481,79.481,79.481,79.481,79.683,79.683,79.683,79.683,72.899,72.899,72.899,72.899,72.003,72.003,72.003,72.003,74.981,74.981,74.981,74.981,73.522,73.522,73.522,73.522,73.893,73.893,73.893,73.893,73.416,73.416,73.416,73.416,73.273,73.273,73.273,73.273,74.112,74.112,74.112,74.112,74.483,74.483,74.483,74.483,74.404,74.404,74.404,74.404,73.779,73.779,73.779,73.779,73.727,73.727,73.727,73.727,73.629,73.629,73.629,73.629,72.894,72.894,72.894,72.894,72.575,72.575,72.575,72.575,73.267,73.267,73.267,73.267,73.317,73.317,73.317,73.317,73.927,73.927,73.927,73.927,74.491,74.491,74.491,74.491,74.962,74.962,74.962,74.962,75.637,75.637,75.637,75.637,75.779,75.779,75.779,75.779,77.672,77.672,77.672,77.672,75.959,75.959,75.959,75.959,77.716,77.716,77.716,77.716,80.096,80.096,80.096,80.096,81.104,81.104,81.104,81.104,81.547,81.547,81.547,81.547,80.363,80.363,80.363,80.363,78.439,78.439,78.439,78.439,81.003,81.003,81.003,81.003,82.494,82.494,82.494,82.494,79.813,79.813,79.813,79.813,80.883,80.883,80.883,80.883,82.679,82.679,82.679,82.679,78.399,78.399,78.399,78.399,81.051,81.051,81.051,81.051,82.617,82.617,82.617,82.617,74.986,74.986,74.986,74.986,79.14,79.14,79.14,79.14,80.618,80.618,80.618,80.618,75.508,75.508,75.508,75.508,77.895,77.895,77.895,77.895,79.755,79.755,79.755,79.755,83.389,83.389,83.389,83.389,81.873,81.873,81.873,81.873,79.045,79.045,79.045,79.045,78.359,78.359,78.359,78.359,80.619,80.619,80.619,80.619,80.122,80.122,80.122,80.122,79.693,79.693,79.693,79.693,73.248,73.248,73.248,73.248,76.878,76.878,76.878,76.878,68.873,68.873,68.873,68.873,75.406,75.406,75.406,75.406,72.12,72.12,72.12,72.12,67.396,67.396,67.396,67.396
79.5,60.313,60.313,60.313,60.313,60.681,60.681,60.681,60.681,54.072,54.072,54.072,54.072,63.477,63.477,63.477,63.477,65.228,65.228,65.228,65.228,63.708,63.708,63.708,63.708,66.685,66.685,66.685,66.685,65.983,65.983,65.983,65.983,69.501,69.501,69.501,69.501,68.318,68.318,68.318,68.318,58.411,58.411,58.411,58.411,64.23,64.23,64.23,64.23,65.357,65.357,65.357,65.357,65.752,65.752,65.752,65.752,63.551,63.551,63.551,63.551,68.228,68.228,68.228,68.228,67.208,67.208,67.208,67.208,64.452,64.452,64.452,64.452,61.873,61.873,61.873,61.873,59.346,59.346,59.346,59.346,64.205,64.205,64.205,64.205,64.385,64.385,64.385,64.385,64.026,64.026,64.026,64.026,67.911,67.911,67.911,67.911,66.7,66.7,66.7,66.7,63.936,63.936,63.936,63.936,62.98,62.98,62.98,62.98,66.468,66.468,66.468,66.468,67.114,67.114,67.114,67.114,67.378,67.378,67.378,67.378,67.865,67.865,67.865,67.865,71.583,71.583,71.583,71.583,74.855,74.855,74.855,74.855,71.289,71.289,71.289,71.289,68.551,68.551,68.551,68.551,69.724,69.724,69.724,69.724,70.804,70.804,70.804,70.804,73.02,73.02,73.02,73.02,72.65,72.65,72.65,72.65,69.456,69.456,69.456,69.456,69.958,69.958,69.958,69.958,69.587,69.587,69.587,69.587,69.045,69.045,69.045,69.045,69.414,69.414,69.414,69.414,69.062,69.062,69.062,69.062,69.732,69.732,69.732,69.732,69.088,69.088,69.088,69.088,68.926,68.926,68.926,68.926,69.043,69.043,69.043,69.043,68.225,68.225,68.225,68.225,68.796,68.796,68.796,68.796,69.256,69.256,69.256,69.256,70.373,70.373,70.373,70.373,71.181,71.181,71.181,71.181,71.087,71.087,71.087,71.087,72.971,72.971,72.971,72.971,73.517,73.517,73.517,73.517,75.007,75.007,75.007,75.007,77.57,77.57,77.57,77.57,77.561,77.561,77.561,77.561,75.835,75.835,75.835,75.835,77.001,77.001,77.001,77.001,75.598,75.598,75.598,75.598,75.994,75.994,75.994,75.994,78.243,78.243,78.243,78.243,73.704,73.704,73.704,73.704,75.804,75.804,75.804,75.804,71.606,71.606,71.606,71.606,69.825,69.825,69.825,69.825,72.001,72.001,72.001,72.001,73.121,73.121,73.121,73.121,79.14,79.14,79.14,79.14,75.984,75.984,75.984,75.984,72.668,72.668,72.668,72.668,69.704,69.704,69.704,69.704,70.481,70.481,70.481,70.481,72.438,72.438,72.438,72.438,74.328,74.328,74.328,74.328,78.642,78.642,78.642,78.642,75.131,75.131,75.131,75.131,73.981,73.981,73.981,73.981,73.12,73.12,73.12,73.12,70.808,70.808,70.808,70.808,69.483,69.483,69.483,69.483,64.206,64.206,64.206,64.206,69.045,69.045,69.045,69.045,71.451,71.451,71.451,71.451,66.307,66.307,66.307,66.307,68.976,68.976,68.976,68.976,62.62,62.62,62.62,62.62
80.5,62.371,62.371,62.371,62.371,52.482,52.482,52.482,52.482,52.482,52.482,52.482,52.482,54.652,54.652,54.652,54.652,54.652,54.652,54.652,54.652,54.431,54.431,54.431,54.431,54.431,54.431,54.431,54.431,55.709,55.709,55.709,55.709,55.709,55.709,55.709,55.709,56.712,56.712,56.712,56.712,56.712,56.712,56.712,56.712,58.423,58.423,58.423,58.423,58.423,58.423,58.423,58.423,64.211,64.211,64.211,64.211,64.211,64.211,64.211,64.211,66.177,66.177,66.177,66.177,66.177,66.177,66.177,66.177,58.436,58.436,58.436,58.436,58.436,58.436,58.436,58.436,58.152,58.152,58.152,58.152,58.152,58.152,58.152,58.152,60.979,60.979,60.979,60.979,60.979,60.979,60.979,60.979,61.029,61.029,61.029,61.029,61.029,61.029,61.029,61.029,61.137,61.137,61.137,61.137,61.137,61.137,61.137,61.137,62.478,62.478,62.478,62.478,62.478,62.478,62.478,62.478,63.377,63.377,63.377,63.377,63.377,63.377,63.377,63.377,65.515,65.515,65.515,65.515,65.515,65.515,65.515,65.515,66.37,66.37,66.37,66.37,66.37,66.37,66.37,66.37,65.694,65.694,65.694,65.694,65.694,65.694,65.694,65.694,68.166,68.166,68.166,68.166,68.166,68.166,68.166,68.166,67.02,67.02,67.02,67.02,67.02,67.02,67.02,67.02,65.363,65.363,65.363,65.363,65.363,65.363,65.363,65.363,65.099,65.099,65.099,65.099,65.099,65.099,65.099,65.099,65.09,65.09,65.09,65.09,65.09,65.09,65.09,65.09,65.636,65.636,65.636,65.636,65.636,65.636,65.636,65.636,64.324,64.324,64.324,64.324,64.324,64.324,64.324,64.324,65.111,65.111,65.111,65.111,65.111,65.111,65.111,65.111,66.205,66.205,66.205,66.205,66.205,66.205,66.205,66.205,68.309,68.309,68.309,68.309,68.309,68.309,68.309,68.309,72.56,72.56,72.56,72.56,72.56,72.56,72.56,72.56,74.048,74.048,74.048,74.048,74.048,74.048,74.048,74.048,70.735,70.735,70.735,70.735,70.735,70.735,70.735,70.735,70.943,70.943,70.943,70.943,70.943,70.943,70.943,70.943,70.358,70.358,70.358,70.358,70.358,70.358,70.358,70.358,66.903,66.903,66.903,66.903,66.903,66.903,66.903,66.903,68.72,68.72,68.72,68.72,68.72,68.72,68.72,68.72,68.995,68.995,68.995,68.995,68.995,68.995,68.995,68.995,65.317,65.317,65.317,65.317,65.317,65.317,65.317,65.317,65.511,65.511,65.511,65.511,65.511,65.511,65.511,65.511,66.072,66.072,66.072,66.072,66.072,66.072,66.072,66.072,69.185,69.185,69.185,69.185,69.185,69.185,69.185,69.185,66.438,66.438,66.438,66.438,66.438,66.438,66.438,66.438,61.984,61.984,61.984,61.984,61.984,61.984,61.984,61.984,62.732,62.732,62.732,62.732,62.732,62.732,62.732,62.732,59.398,59.398,59.398,59.398,59.398,59.398,59.398,59.398,62.371,62.371,62.371,62.371
81.5,60.622,60.622,60.622,60.622,55.97,55.97,55.97,55.97,55.97,55.97,55.97,55.97,51.254,51.254,51.254,51.254,51.254,51.254,51.254,51.254,51.105,51.105,51.105,51.105,51.105,51.105,51.105,51.105,53.936,53.936,53.936,53.936,53.936,53.936,53.936,53.936,51.051,51.051,51.051,51.051,51.051,51.051,51.051,51.051,36.061,36.061,36.061,36.061,36.061,36.061,36.061,36.061,47.36,47.36,47.36,47.36,47.36,47.36,47.36,47.36,57.19,57.19,57.19,57.19,57.19,57.19,57.19,57.19,54.502,54.502,54.502,54.502,54.502,54.502,54.502,54.502,53.171,53.171,53.171,53.171,53.171,53.171,53.171,53.171,55.619,55.619,55.619,55.619,55.619,55.619,55.619,55.619,55.06,55.06,55.06,55.06,55.06,55.06,55.06,55.06,56.574,56.574,56.574,56.574,56.574,56.574,56.574,56.574,57.94,57.94,57.94,57.94,57.94,57.94,57.94,57.94,59.049,59.049,59.049,59.049,59.049,59.049,59.049,59.049,61.984,61.984,61.984,61.984,61.984,61.984,61.984,61.984,62.293,62.293,62.293,62.293,62.293,62.293,62.293,62.293,61.339,61.339,61.339,61.339,61.339,61.339,61.339,61.339,62.715,62.715,62.715,62.715,62.715,62.715,62.715,62.715,62.833,62.833,62.833,62.833,62.833,62.833,62.833,62.833,61.515,61.515,61.515,61.515,61.515,61.515,61.515,61.515,61.326,61.326,61.326,61.326,61.326,61.326,61.326,61.326,60.374,60.374,60.374,60.374,60.374,60.374,60.374,60.374,61.278,61.278,61.278,61.278,61.278,61.278,61.278,61.278,60.529,60.529,60.529,60.529,60.529,60.529,60.529,60.529,60.443,60.443,60.443,60.443,60.443,60.443,60.443,60.443,61.58,61.58,61.58,61.58,61.58,61.58,61.58,61.58,62.674,62.674,62.674,62.674,62.674,62.674,62.674,62.674,67.163,67.163,67.163,67.163,67.163,67.163,67.163,67.163,66.904,66.904,66.904,66.904,66.904,66.904,66.904,66.904,64.072,64.072,64.072,64.072,64.072,64.072,64.072,64.072,65.676,65.676,65.676,65.676,65.676,65.676,65.676,65.676,66.495,66.495,66.495,66.495,66.495,66.495,66.495,66.495,64.359,64.359,64.359,64.359,64.359,64.359,64.359,64.359,63.626,63.626,63.626,63.626,63.626,63.626,63.626,63.626,65.681,65.681,65.681,65.681,65.681,65.681,65.681,65.681,63.494,63.494,63.494,63.494,63.494,63.494,63.494,63.494,57.005,57.005,57.005,57.005,57.005,57.005,57.005,57.005,54.839,54.839,54.839,54.839,54.839,54.839,54.839,54.839,59.553,59.553,59.553,59.553,59.553,59.553,59.553,59.553,56.355,56.355,56.355,56.355,56.355,56.355,56.355,56.355,59.131,59.131,59.131,59.131,59.131,59.131,59.131,59.131,60.946,60.946,60.946,60.946,60.946,60.946,60.946,60.946,56.974,56.974,56.974,56.974,56.974,56.974,56.974,56.974,60.622,60.622,60.622,60.622
82.5,56.252,56.252,56.252,56.252,54.099,54.099,54.099,54.099,54.099,54.099,54.099,54.099,52.547,52.547,52.547,52.547,52.547,52.547,52.547,52.547,51.866,51.866,51.866,51.866,51.866,51.866,51.866,51.866,52.244,52.244,52.244,52.244,52.244,52.244,52.244,52.244,50.929,50.929,50.929,50.929,50.929,50.929,50.929,50.929,53.897,53.897,53.897,53.897,53.897,53.897,53.897,53.897,51.175,51.175,51.175,51.175,51.175,51.175,51.175,51.175,54.694,54.694,54.694,54.694,54.694,54.694,54.694,54.694,51.621,51.621,51.621,51.621,51.621,51.621,51.621,51.621,50.737,50.737,50.737,50.737,50.737,50.737,50.737,50.737,53.923,53.923,53.923,53.923,53.923,53.923,53.923,53.923,53.465,53.465,53.465,53.465,53.465,53.465,53.465,53.465,52.155,52.155,52.155,52.155,52.155,52.155,52.155,52.155,53.234,53.234,53.234,53.234,53.234,53.234,53.234,53.234,53.466,53.466,53.466,53.466,53.466,53.466,53.466,53.466,56.872,56.872,56.872,56.872,56.872,56.872,56.872,56.872,57.269,57.269,57.269,57.269,57.269,57.269,57.269,57.269,57.625,57.625,57.625,57.625,57.625,57.625,57.625,57.625,57.046,57.046,57.046,57.046,57.046,57.046,57.046,57.046,58.171,58.171,58.171,58.171,58.171,58.171,58.171,58.171,57.27,57.27,57.27,57.27,57.27,57.27,57.27,57.27,57.191,57.191,57.191,57.191,57.191,57.191,57.191,57.191,56.325,56.325,56.325,56.325,56.325,56.325,56.325,56.325,55.857,55.857,55.857,55.857,55.857,55.857,55.857,55.857,55.185,55.185,55.185,55.185,55.185,55.185,55.185,55.185,57.286,57.286,57.286,57.286,57.286,57.286,57.286,57.286,57.382,57.382,57.382,57.382,57.382,57.382,57.382,57.382,60.028,60.028,60.028,60.028,60.028,60.028,60.028,60.028,58.97,58.97,58.97,58.97,58.97,58.97,58.97,58.97,59.433,59.433,59.433,59.433,59.433,59.433,59.433,59.433,60.288,60.288,60.288,60.288,60.288,60.288,60.288,60.288,59.119,59.119,59.119,59.119,59.119,59.119,59.119,59.119,58.133,58.133,58.133,58.133,58.133,58.133,58.133,58.133,58.185,58.185,58.185,58.185,58.185,58.185,58.185,58.185,60.311,60.311,60.311,60.311,60.311,60.311,60.311,60.311,62.759,62.759,62.759,62.759,62.759,62.759,62.759,62.759,58.518,58.518,58.518,58.518,58.518,58.518,58.518,58.518,52.757,52.757,52.757,52.757,52.757,52.757,52.757,52.757,55.146,55.146,55.146,55.146,55.146,55.146,55.146,55.146,54.357,54.357,54.357,54.357,54.357,54.357,54.357,54.357,53.986,53.986,53.986,53.986,53.986,53.986,53.986,53.986,54.741,54.741,54.741,54.741,54.741,54.741,54.741,54.741,55.135,55.135,55.135,55.135,55.135,55.135,55.135,55.135,55.901,55.901,55.901,55.901,55.901,55.901,55.901,55.901,56.252,56.252,56.252,56.252
83.5,51.577,51.577,51.577,51.577,51.136,51.136,51.136,51.136,51.136,51.136,51.136,51.136,50.123,50.123,50.123,50.123,50.123,50.123,50.123,50.123,49.545,49.545,49.545,49.545,49.545,49.545,49.545,49.545,49.76,49.76,49.76,49.76,49.76,49.76,49.76,49.76,50.879,50.879,50.879,50.879,50.879,50.879,50.879,50.879,51.922,51.922,51.922,51.922,51.922,51.922,51.922,51.922,53.19,53.19,53.19,53.19,53.19,53.19,53.19,53.19,50.963,50.963,50.963,50.963,50.963,50.963,50.963,50.963,46.827,46.827,46.827,46.827,46.827,46.827,46.827,46.827,48.344,48.344,48.344,48.344,48.344,48.344,48.344,48.344,52.686,52.686,52.686,52.686,52.686,52.686,52.686,52.686,52.97,52.97,52.97,52.97,52.97,52.97,52.97,52.97,48.876,48.876,48.876,48.876,48.876,48.876,48.876,48.876,48.059,48.059,48.059,48.059,48.059,48.059,48.059,48.059,49.484,49.484,49.484,49.484,49.484,49.484,49.484,49.484,53.222,53.222,53.222,53.222,53.222,53.222,53.222,53.222,54.077,54.077,54.077,54.077,54.077,54.077,54.077,54.077,52.449,52.449,52.449,52.449,52.449,52.449,52.449,52.449,52.085,52.085,52.085,52.085,52.085,52.085,52.085,52.085,53.96,53.96,53.96,53.96,53.96,53.96,53.96,53.96,54.276,54.276,54.276,54.276,54.276,54.276,54.276,54.276,53.931,53.931,53.931,53.931,53.931,53.931,53.931,53.931,52.437,52.437,52.437,52.437,52.437,52.437,52.437,52.437,51.336,51.336,51.336,51.336,51.336,51.336,51.336,51.336,51.281,51.281,51.281,51.281,51.281,51.281,51.281,51.281,53.831,53.831,53.831,53.831,53.831,53.831,53.831,53.831,52.12,52.12,52.12,52.12,52.12,52.12,52.12,52.12,53.18,53.18,53.18,53.18,53.18,53.18,53.18,53.18,55.061,55.061,55.061,55.061,55.061,55.061,55.061,55.061,54.22,54.22,54.22,54.22,54.22,54.22,54.22,54.22,53.895,53.895,53.895,53.895,53.895,53.895,53.895,53.895,53.275,53.275,53.275,53.275,53.275,53.275,53.275,53.275,53.166,53.166,53.166,53.166,53.166,53.166,53.166,53.166,55.897,55.897,55.897,55.897,55.897,55.897,55.897,55.897,57.329,57.329,57.329,57.329,57.329,57.329,57.329,57.329,55.995,55.995,55.995,55.995,55.995,55.995,55.995,55.995,52.212,52.212,52.212,52.212,52.212,52.212,52.212,52.212,49.773,49.773,49.773,49.773,49.773,49.773,49.773,49.773,51.35,51.35,51.35,51.35,51.35,51.35,51.35,51.35,51.963,51.963,51.963,51.963,51.963,51.963,51.963,51.963,49.994,49.994,49.994,49.994,49.994,49.994,49.994,49.994,49.75,49.75,49.75,49.75,49.75,49.75,49.75,49.75,50.705,50.705,50.705,50.705,50.705,50.705,50.705,50.705,51.196,51.196,51.196,51.196,51.196,51.196,51.196,51.196,51.577,51.577,51.577,51.577
84.5,46.77,46.77,46.77,46.77,46.449,46.449,46.449,46.449,46.449,46.449,46.449,46.449,46.061,46.061,46.061,46.061,46.061,46.061,46.061,46.061,46.03,46.03,46.03,46.03,46.03,46.03,46.03,46.03,46.031,46.031,46.031,46.031,46.031,46.031,46.031,46.031,43.871,43.871,43.871,43.871,43.871,43.871,43.871,43.871,43.798,43.798,43.798,43.798,43.798,43.798,43.798,43.798,42.858,42.858,42.858,42.858,42.858,42.858,42.858,42.858,42.563,42.563,42.563,42.563,42.563,42.563,42.563,42.563,43.804,43.804,43.804,43.804,43.804,43.804,43.804,43.804,45.912,45.912,45.912,45.912,45.912,45.912,45.912,45.912,49.134,49.134,49.134,49.134,49.134,49.134,49.134,49.134,49.688,49.688,49.688,49.688,49.688,49.688,49.688,49.688,47.642,47.642,47.642,47.642,47.642,47.642,47.642,47.642,45.172,45.172,45.172,45.172,45.172,45.172,45.172,45.172,44.933,44.933,44.933,44.933,44.933,44.933,44.933,44.933,46.412,46.412,46.412,46.412,46.412,46.412,46.412,46.412,48.812,48.812,48.812,48.812,48.812,48.812,48.812,48.812,47.647,47.647,47.647,47.647,47.647,47.647,47.647,47.647,48.65,48.65,48.65,48.65,48.65,48.65,48.65,48.65,49.579,49.579,49.579,49.579,49.579,49.579,49.579,49.579,47.449,47.449,47.449,47.449,47.449,47.449,47.449,47.449,46.393,46.393,46.393,46.393,46.393,46.393,46.393,46.393,47.157,47.157,47.157,47.157,47.157,47.157,47.157,47.157,44.837,44.837,44.837,44.837,44.837,44.837,44.837,44.837,47.861,47.861,47.861,47.861,47.861,47.861,47.861,47.861,47.304,47.304,47.304,47.304,47.304,47.304,47.304,47.304,46.677,46.677,46.677,46.677,46.677,46.677,46.677,46.677,47.935,47.935,47.935,47.935,47.935,47.935,47.935,47.935,49.632,49.632,49.632,49.632,49.632,49.632,49.632,49.632,48.614,48.614,48.614,48.614,48.614,48.614,48.614,48.614,48.512,48.512,48.512,48.512,48.512,48.512,48.512,48.512,49.966,49.966,49.966,49.966,49.966,49.966,49.966,49.966,49.308,49.308,49.308,49.308,49.308,49.308,49.308,49.308,52.146,52.146,52.146,52.146,52.146,52.146,52.146,52.146,51.537,51.537,51.537,51.537,51.537,51.537,51.537,51.537,53.33,53.33,53.33,53.33,53.33,53.33,53.33,53.33,47.448,47.448,47.448,47.448,47.448,47.448,47.448,47.448,46.184,46.184,46.184,46.184,46.184,46.184,46.184,46.184,46.968,46.968,46.968,46.968,46.968,46.968,46.968,46.968,46.965,46.965,46.965,46.965,46.965,46.965,46.965,46.965,46.258,46.258,46.258,46.258,46.258,46.258,46.258,46.258,46.583,46.583,46.583,46.583,46.583,46.583,46.583,46.583,46.237,46.237,46.237,46.237,46.237,46.237,46.237,46.237,46.615,46.615,46.615,46.615,46.615,46.615,46.615,46.615,46.77,46.77,46.77,46.77
85.5,42.938,42.938,42.938,42.938,42.438,42.438,42.438,42.438,42.438,42.438,42.438,42.438,41.674,41.674,41.674,41.674,41.674,41.674,41.674,41.674,41.552,41.552,41.552,41.552,41.552,41.552,41.552,41.552,41.498,41.498,41.498,41.498,41.498,41.498,41.498,41.498,41.666,41.666,41.666,41.666,41.666,41.666,41.666,41.666,42.023,42.023,42.023,42.023,42.023,42.023,42.023,42.023,41.072,41.072,41.072,41.072,41.072,41.072,41.072,41.072,41.471,41.471,41.471,41.471,41.471,41.471,41.471,41.471,41.231,41.231,41.231,41.231,41.231,41.231,41.231,41.231,42.475,42.475,42.475,42.475,42.475,42.475,42.475,42.475,42.458,42.458,42.458,42.458,42.458,42.458,42.458,42.458,44.298,44.298,44.298,44.298,44.298,44.298,44.298,44.298,44.257,44.257,44.257,44.257,44.257,44.257,44.257,44.257,43.353,43.353,43.353,43.353,43.353,43.353,43.353,43.353,43.57,43.57,43.57,43.57,43.57,43.57,43.57,43.57,43.508,43.508,43.508,43.508,43.508,43.508,43.508,43.508,43.273,43.273,43.273,43.273,43.273,43.273,43.273,43.273,43.08,43.08,43.08,43.08,43.08,43.08,43.08,43.08,41.865,41.865,41.865,41.865,41.865,41.865,41.865,41.865,41.287,41.287,41.287,41.287,41.287,41.287,41.287,41.287,41.111,41.111,41.111,41.111,41.111,41.111,41.111,41.111,40.317,40.317,40.317,40.317,40.317,40.317,40.317,40.317,40.143,40.143,40.143,40.143,40.143,40.143,40.143,40.143,42.126,42.126,42.126,42.126,42.126,42.126,42.126,42.126,44.958,44.958,44.958,44.958,44.958,44.958,44.958,44.958,41.733,41.733,41.733,41.733,41.733,41.733,41.733,41.733,44.262,44.262,44.262,44.262,44.262,44.262,44.262,44.262,46.079,46.079,46.079,46.079,46.079,46.079,46.079,46.079,45.24,45.24,45.24,45.24,45.24,45.24,45.24,45.24,45.626,45.626,45.626,45.626,45.626,45.626,45.626,45.626,46.283,46.283,46.283,46.283,46.283,46.283,46.283,46.283,47.551,47.551,47.551,47.551,47.551,47.551,47.551,47.551,46.242,46.242,46.242,46.242,46.242,46.242,46.242,46.242,47.454,47.454,47.454,47.454,47.454,47.454,47.454,47.454,49.739,49.739,49.739,49.739,49.739,49.739,49.739,49.739,47.911,47.911,47.911,47.911,47.911,47.911,47.911,47.911,43.367,43.367,43.367,43.367,43.367,43.367,43.367,43.367,42.474,42.474,42.474,42.474,42.474,42.474,42.474,42.474,43.532,43.532,43.532,43.532,43.532,43.532,43.532,43.532,43.356,43.356,43.356,43.356,43.356,43.356,43.356,43.356,43.506,43.506,43.506,43.506,43.506,43.506,43.506,43.506,43.424,43.424,43.424,43.424,43.424,43.424,43.424,43.424,43.334,43.334,43.334,43.334,43.334,43.334,43.334,43.334,42.981,42.981,42.981,42.981,42.981,42.981,42.981,42.981,42.938,42.938,42.938,42.938
86.5,39.971,39.971,39.971,39.971,39.231,39.231,39.231,39.231,39.231,39.231,39.231,39.231,39.114,39.114,39.114,39.114,39.114,39.114,39.114,39.114,38.498,38.498,38.498,38.498,38.498,38.498,38.498,38.498,38.333,38.333,38.333,38.333,38.333,38.333,38.333,38.333,37.987,37.987,37.987,37.987,37.987,37.987,37.987,37.987,38.196,38.196,38.196,38.196,38.196,38.196,38.196,38.196,38.072,38.072,38.072,38.072,38.072,38.072,38.072,38.072,38.867,38.867,38.867,38.867,38.867,38.867,38.867,38.867,39.162,39.162,39.162,39.162,39.162,39.162,39.162,39.162,38.907,38.907,38.907,38.907,38.907,38.907,38.907,38.907,38.216,38.216,38.216,38.216,38.216,38.216,38.216,38.216,38.632,38.632,38.632,38.632,38.632,38.632,38.632,38.632,39.03,39.03,39.03,39.03,39.03,39.03,39.03,39.03,39.252,39.252,39.252,39.252,39.252,39.252,39.252,39.252,39.685,39.685,39.685,39.685,39.685,39.685,39.685,39.685,38.914,38.914,38.914,38.914,38.914,38.914,38.914,38.914,37.129,37.129,37.129,37.129,37.129,37.129,37.129,37.129,36.961,36.961,36.961,36.961,36.961,36.961,36.961,36.961,36.609,36.609,36.609,36.609,36.609,36.609,36.609,36.609,36.466,36.466,36.466,36.466,36.466,36.466,36.466,36.466,37.036,37.036,37.036,37.036,37.036,37.036,37.036,37.036,37.404,37.404,37.404,37.404,37.404,37.404,37.404,37.404,38.807,38.807,38.807,38.807,38.807,38.807,38.807,38.807,42.227,42.227,42.227,42.227,42.227,42.227,42.227,42.227,38.955,38.955,38.955,38.955,38.955,38.955,38.955,38.955,38.133,38.133,38.133,38.133,38.133,38.133,38.133,38.133,39.872,39.872,39.872,39.872,39.872,39.872,39.872,39.872,41.546,41.546,41.546,41.546,41.546,41.546,41.546,41.546,41.781,41.781,41.781,41.781,41.781,41.781,41.781,41.781,40.551,40.551,40.551,40.551,40.551,40.551,40.551,40.551,41.007,41.007,41.007,41.007,41.007,41.007,41.007,41.007,42.401,42.401,42.401,42.401,42.401,42.401,42.401,42.401,42.469,42.469,42.469,42.469,42.469,42.469,42.469,42.469,42.076,42.076,42.076,42.076,42.076,42.076,42.076,42.076,42.741,42.741,42.741,42.741,42.741,42.741,42.741,42.741,41.863,41.863,41.863,41.863,41.863,41.863,41.863,41.863,39.787,39.787,39.787,39.787,39.787,39.787,39.787,39.787,40.407,40.407,40.407,40.407,40.407,40.407,40.407,40.407,41.259,41.259,41.259,41.259,41.259,41.259,41.259,41.259,41.129,41.129,41.129,41.129,41.129,41.129,41.129,41.129,41.991,41.991,41.991,41.991,41.991,41.991,41.991,41.991,42.273,42.273,42.273,42.273,42.273,42.273,42.273,42.273,42.489,42.489,42.489,42.489,42.489,42.489,42.489,42.489,41.395,41.395,41.395,41.395,41.395,41.395,41.395,41.395,39.971,39.971,39.971,39.971
87.5,41.342,41.342,41.342,41.342,39.49,39.49,39.49,39.49,39.49,39.49,39.49,39.49,37.697,37.697,37.697,37.697,37.697,37.697,37.697,37.697,36.814,36.814,36.814,36.814,36.814,36.814,36.814,36.814,36.285,36.285,36.285,36.285,36.285,36.285,36.285,36.285,36.673,36.673,36.673,36.673,36.673,36.673,36.673,36.673,36.126,36.126,36.126,36.126,36.126,36.126,36.126,36.126,36.727,36.727,36.727,36.727,36.727,36.727,36.727,36.727,37.054,37.054,37.054,37.054,37.054,37.054,37.054,37.054,37.675,37.675,37.675,37.675,37.675,37.675,37.675,37.675,36.849,36.849,36.849,36.849,36.849,36.849,36.849,36.849,36.367,36.367,36.367,36.367,36.367,36.367,36.367,36.367,36.435,36.435,36.435,36.435,36.435,36.435,36.435,36.435,36.388,36.388,36.388,36.388,36.388,36.388,36.388,36.388,36.867,36.867,36.867,36.867,36.867,36.867,36.867,36.867,37.237,37.237,37.237,37.237,37.237,37.237,37.237,37.237,37.357,37.357,37.357,37.357,37.357,37.357,37.357,37.357,37.442,37.442,37.442,37.442,37.442,37.442,37.442,37.442,36.814,36.814,36.814,36.814,36.814,36.814,36.814,36.814,36.765,36.765,36.765,36.765,36.765,36.765,36.765,36.765,36.355,36.355,36.355,36.355,36.355,36.355,36.355,36.355,36.564,36.564,36.564,36.564,36.564,36.564,36.564,36.564,38.033,38.033,38.033,38.033,38.033,38.033,38.033,38.033,40.516,40.516,40.516,40.516,40.516,40.516,40.516,40.516,39.044,39.044,39.044,39.044,39.044,39.044,39.044,39.044,34.563,34.563,34.563,34.563,34.563,34.563,34.563,34.563,36.373,36.373,36.373,36.373,36.373,36.373,36.373,36.373,37.53,37.53,37.53,37.53,37.53,37.53,37.53,37.53,37.29,37.29,37.29,37.29,37.29,37.29,37.29,37.29,38.488,38.488,38.488,38.488,38.488,38.488,38.488,38.488,37.605,37.605,37.605,37.605,37.605,37.605,37.605,37.605,38.169,38.169,38.169,38.169,38.169,38.169,38.169,38.169,37.801,37.801,37.801,37.801,37.801,37.801,37.801,37.801,36.958,36.958,36.958,36.958,36.958,36.958,36.958,36.958,38.288,38.288,38.288,38.288,38.288,38.288,38.288,38.288,39.23,39.23,39.23,39.23,39.23,39.23,39.23,39.23,38.303,38.303,38.303,38.303,38.303,38.303,38.303,38.303,36.943,36.943,36.943,36.943,36.943,36.943,36.943,36.943,36.775,36.775,36.775,36.775,36.775,36.775,36.775,36.775,39.392,39.392,39.392,39.392,39.392,39.392,39.392,39.392,38.444,38.444,38.444,38.444,38.444,38.444,38.444,38.444,41.254,41.254,41.254,41.254,41.254,41.254,41.254,41.254,42.188,42.188,42.188,42.188,42.188,42.188,42.188,42.188,45.456,45.456,45.456,45.456,45.456,45.456,45.456,45.456,44.688,44.688,44.688,44.688,44.688,44.688,44.688,44.688,41.342,41.342,41.342,41.342
88.5,39.263,39.263,39.263,39.263,38.857,38.857,38.857,38.857,38.857,38.857,38.857,38.857,37.655,37.655,37.655,37.655,37.655,37.655,37.655,37.655,36.507,36.507,36.507,36.507,36.507,36.507,36.507,36.507,37.398,37.398,37.398,37.398,37.398,37.398,37.398,37.398,37.215,37.215,37.215,37.215,37.215,37.215,37.215,37.215,37.56,37.56,37.56,37.56,37.56,37.56,37.56,37.56,37.411,37.411,37.411,37.411,37.411,37.411,37.411,37.411,37.825,37.825,37.825,37.825,37.825,37.825,37.825,37.825,37.713,37.713,37.713,37.713,37.713,37.713,37.713,37.713,38.085,38.085,38.085,38.085,38.085,38.085,38.085,38.085,37.116,37.116,37.116,37.116,37.116,37.116,37.116,37.116,37.183,37.183,37.183,37.183,37.183,37.183,37.183,37.183,37.066,37.066,37.066,37.066,37.066,37.066,37.066,37.066,36.975,36.975,36.975,36.975,36.975,36.975,36.975,36.975,37.099,37.099,37.099,37.099,37.099,37.099,37.099,37.099,37.329,37.329,37.329,37.329,37.329,37.329,37.329,37.329,37.303,37.303,37.303,37.303,37.303,37.303,37.303,37.303,37.468,37.468,37.468,37.468,37.468,37.468,37.468,37.468,37.769,37.769,37.769,37.769,37.769,37.769,37.769,37.769,38.186,38.186,38.186,38.186,38.186,38.186,38.186,38.186,37.89,37.89,37.89,37.89,37.89,37.89,37.89,37.89,40.307,40.307,40.307,40.307,40.307,40.307,40.307,40.307,37.637,37.637,37.637,37.637,37.637,37.637,37.637,37.637,35.652,35.652,35.652,35.652,35.652,35.652,35.652,35.652,35.261,35.261,35.261,35.261,35.261,35.261,35.261,35.261,36.881,36.881,36.881,36.881,36.881,36.881,36.881,36.881,36.719,36.719,36.719,36.719,36.719,36.719,36.719,36.719,36.557,36.557,36.557,36.557,36.557,36.557,36.557,36.557,35.377,35.377,35.377,35.377,35.377,35.377,35.377,35.377,38.469,38.469,38.469,38.469,38.469,38.469,38.469,38.469,36.697,36.697,36.697,36.697,36.697,36.697,36.697,36.697,38.162,38.162,38.162,38.162,38.162,38.162,38.162,38.162,37.969,37.969,37.969,37.969,37.969,37.969,37.969,37.969,39.445,39.445,39.445,39.445,39.445,39.445,39.445,39.445,39.006,39.006,39.006,39.006,39.006,39.006,39.006,39.006,38.035,38.035,38.035,38.035,38.035,38.035,38.035,38.035,36.306,36.306,36.306,36.306,36.306,36.306,36.306,36.306,34.914,34.914,34.914,34.914,34.914,34.914,34.914,34.914,35.046,35.046,35.046,35.046,35.046,35.046,35.046,35.046,37.28,37.28,37.28,37.28,37.28,37.28,37.28,37.28,39.827,39.827,39.827,39.827,39.827,39.827,39.827,39.827,40.494,40.494,40.494,40.494,40.494,40.494,40.494,40.494,40.137,40.137,40.137,40.137,40.137,40.137,40.137,40.137,38.507,38.507,38.507,38.507,38.507,38.507,38.507,38.507,39.263,39.263,39.263,39.263
89.5,38.994,38.994,38.994,38.994,38.994,38.994,38.994,38.994,38.994,38.994,38.994,38.994,38.994,38.994,38.994,38.994,38.994,38.994,38.994,38.994,38.994,38.994,38.994,38.994,38.994,38.994,38.994,38.994,38.994,38.994,38.994,38.994,38.994,38.994,38.994,38.994,38.994,38.994,38.994,38.994,38.994,38.994,38.994,38.994,38.994,38.994,38.994,38.994,38.994,38.994,38.994,38.994,38.994,38.994,38.994,38.994,38.994,38.994,38.994,38.994,38.994,38.994,38.994,38.994,38.994,38.994,38.994,38.994,38.994,38.994,38.994,38.994,38.994,38.994,38.994,38.994,38.994,38.994,38.994,38.994,38.994,38.994,38.994,38.994,38.994,38.994,38.994,38.994,38.994,38.994,38.994,38.994,38.994,38.994,38.994,38.994,38.994,38.994,38.994,38.994,38.994,38.994,38.994,38.994,38.994,38.994,38.994,38.994,38.994,38.994,38.994,38.994,38.994,38.994,38.994,38.994,38.994,38.994,38.994,38.994,38.994,38.994,38.994,38.994,38.994,38.994,38.994,38.994,38.994,38.994,38.994,38.994,38.994,38.994,38.994,38.994,38.994,38.994,38.994,38.994,38.994,38.994,38.994,38.994,38.994,38.994,38.994,38.994,38.994,38.994,38.994,38.994,38.994,38.994,38.994,38.994,38.994,38.994,38.994,38.994,38.994,38.994,38.994,38.994,38.994,38.994,38.994,38.994,38.994,38.994,38.994,38.994,38.994,38.994,38.994,38.994,38.994,38.994,38.994,38.994,38.994,38.994,38.994,38.994,38.994,38.994,38.994,38.994,38.994,38.994,38.994,38.994,38.994,38.994,38.994,38.994,38.994,38.994,38.994,38.994,38.994,38.994,38.994,38.994,38.994,38.994,38.994,38.994,38.994,38.994,38.994,38.994,38.994,38.994,38.994,38.994,38.994,38.994,38.994,38.994,38.994,38.994,38.994,38.994,38.994,38.994,38.994,38.994,38.994,38.994,38.994,38.994,38.994,38.994,38.994,38.994,38.994,38.994,38.994,38.994,38.994,38.994,38.994,38.994,38.994,38.994,38.994,38.994,38.994,38.994,38.994,38.994,38.994,38.994,38.994,38.994,38.994,38.994,38.994,38.994,38.994,38.994,38.994,38.994,38.994,38.994,38.994,38.994,38.994,38.994,38.994,38.994,38.994,38.994,38.994,38.994,38.994,38.994,38.994,38.994,38.994,38.994,38.994,38.994,38.994,38.994,38.994,38.994,38.994,38.994,38.994,38.994,38.994,38.994,38.994,38.994,38.994,38.994,38.994,38.994,38.994,38.994,38.994,38.994,38.994,38.994,38.994,38.994,38.994,38.994,38.994,38.994,38.994,38.994,38.994,38.994,38.994,38.994,38.994,38.994,38.994,38.994,38.994,38.994,38.994,38.994,38.994,38.994,38.994,38.994,38.994,38.994,38.994,38.994,38.994,38.994,38.994,38.994,38.994,38.994,38.994,38.994,38.994,38.994,38.994,38.994,38.994,38.994,38.994,38.994,38.994,38.994,38.994,38.994,38.994,38.994,38.994,38.994,38.994,38.994
