2451545,1361.5409
2451546,1361.5552
2451547,1361.5045
2451548,1361.5562
2451549,1361.7755
2451550,1361.9474
2451551,1362.0626
2451552,1362.1778
2451553,1362.3024
2451554,1362.2811
2451555,1362.1207
2451556,1361.8875
2451557,1361.8191
2451558,1361.7969
2451559,1361.7734
2451560,1361.6934
2451561,1361.6675
2451562,1361.7844
2451563,1361.7462
2451564,1361.619
2451565,1361.6029
2451566,1361.6909
2451567,1361.742
2451568,1361.6423
2451569,1361.5196
2451570,1361.4237
2451571,1361.4982
2451572,1361.5611
2451573,1361.6224
2451574,1361.6493
2451575,1361.7571
2451576,1361.888
2451577,1361.967
2451578,1362.0591
2451579,1362.1758
2451580,1362.2692
2451581,1362.2467
2451582,1362.1159
2451583,1362.1359
2451584,1362.1307
2451585,1362.1661
2451586,1362.1685
2451587,1362.1703
2451588,1362.148
2451589,1362.2071
2451590,1362.1699
2451591,1361.8943
2451592,1361.8085
2451593,1361.6975
2451594,1361.5321
2451595,1361.3655
2451596,1361.4506
2451597,1361.5067
2451598,1361.2735
2451599,1361.1125
2451600,1360.8927
2451601,1360.749
2451602,1360.4838
2451603,1360.2352
2451604,1360.0841
2451605,1360.2324
2451606,1360.6235
2451607,1361.0917
2451608,1361.4677
2451609,1361.5178
2451610,1361.4955
2451611,1361.4565
2451612,1361.3374
2451613,1361.252
2451614,1361.266
2451615,1361.2002
2451616,1361.1693
2451617,1361.1932
2451618,1361.1366
2451619,1361.1123
2451620,1361.1374
2451621,1361.0994
2451622,1361.1255
2451623,1360.8906
2451624,1360.821
2451625,1360.6937
2451626,1360.7016
2451627,1361.1347
2451628,1361.471
2451629,1361.6019
2451630,1361.6393
2451631,1361.7276
2451632,1361.7621
2451633,1361.8617
2451634,1361.9496
2451635,1361.8548
2451636,1361.8273
2451637,1361.8634
2451638,1361.857
2451639,1361.9459
2451640,1362.0714
2451641,1362.2415
2451642,1362.2491
2451643,1362.1346
2451644,1362.0855
2451645,1362.1105
2451646,1362.1076
2451647,1362.0215
2451648,1362.0578
2451649,1362.0025
2451650,1361.8443
2451651,1361.8335
2451652,1361.8243
2451653,1361.8879
2451654,1361.9779
2451655,1361.9858
2451656,1361.7885
2451657,1361.2418
2451658,1360.517
2451659,1360.0169
2451660,1359.8468
2451661,1360.0401
2451662,1360.3135
2451663,1360.4512
2451664,1360.8339
2451665,1361.2831
2451666,1361.6453
2451667,1361.8871
2451668,1361.9775
2451669,1361.9099
2451670,1361.9518
2451671,1361.9606
2451672,1361.9743
2451673,1361.9817
2451674,1361.8484
2451675,1361.6495
2451676,1361.2555
2451677,1361.1745
2451678,1361.3069
2451679,1361.2618
2451680,1361.1265
2451681,1360.8121
2451682,1360.3516
2451683,1360.0931
2451684,1359.9272
2451685,1359.8906
2451686,1360.3222
2451687,1360.897
2451688,1361.338
2451689,1361.6755
2451690,1361.6966
2451691,1361.5475
2451692,1361.4197
2451693,1361.328
2451694,1361.2214
2451695,1361.0798
2451696,1360.952
2451697,1361.0525
2451698,1361.289
2451699,1361.3201
2451700,1361.2746
2451701,1361.2503
2451702,1361.2461
2451703,1361.2647
2451704,1361.2524
2451705,1361.2777
2451706,1361.4661
2451707,1361.4522
2451708,1361.2588
2451709,1361.335
2451710,1361.5102
2451711,1361.727
2451712,1361.7265
2451713,1361.6096
2451714,1361.4015
2451715,1361.4717
2451716,1361.4856
2451717,1361.5486
2451718,1361.7789
2451719,1361.8136
2451720,1361.6864
2451721,1361.3419
2451722,1361.0458
2451723,1360.917
2451724,1360.8346
2451725,1360.8786
2451726,1361.1249
2451727,1361.4129
2451728,1361.6044
2451729,1361.649
2451730,1361.6257
2451731,1361.4305
2451732,1361.2215
2451733,1361.1714
2451734,1361.0141
2451735,1361.1063
2451736,1361.0401
2451737,1360.9587
2451738,1361.0246
2451739,1361.2052
2451740,1361.4707
2451741,1361.687
2451742,1361.672
2451743,1361.6304
2451744,1361.4785
2451745,1361.2479
2451746,1360.9217
2451747,1360.7939
2451748,1361.0828
2451749,1361.2609
2451750,1361.4422
2451751,1361.4933
2451752,1361.693
2451753,1361.8874
2451754,1361.877
2451755,1361.9151
2451756,1362.0379
2451757,1362.1172
2451758,1362.0443
2451759,1361.9726
2451760,1361.9322
2451761,1361.9713
2451762,1361.9364
2451763,1361.9211
2451764,1361.7597
2451765,1361.67
2451766,1361.6666
2451767,1361.88
2451768,1362.0687
2451769,1362.3894
2451770,1362.4691
2451771,1362.2557
2451772,1361.9277
2451773,1361.7726
2451774,1361.847
2451775,1361.9753
2451776,1362.1618
2451777,1362.2214
2451778,1362.0458
2451779,1361.7922
2451780,1361.5895
2451781,1361.5878
2451782,1361.6455
2451783,1361.5554
2451784,1361.4742
2451785,1361.4414
2451786,1361.4196
2451787,1361.5876
2451788,1361.6866
2451789,1361.7213
2451790,1361.6684
2451791,1361.6445
2451792,1361.5302
2451793,1361.4081
2451794,1361.7308
2451795,1362.198
2451796,1362.43
2451797,1362.4938
2451798,1362.4355
2451799,1362.3038
2451800,1362.1156
2451801,1362.0838
2451802,1361.8256
2451803,1361.6554
2451804,1361.584
2451805,1361.4449
2451806,1361.1639
2451807,1360.663
2451808,1360.1276
2451809,1359.5639
2451810,1359.1723
2451811,1359.3061
2451812,1359.9523
2451813,1360.678
2451814,1361.2988
2451815,1361.7772
2451816,1362.1512
2451817,1361.9863
2451818,1361.6338
2451819,1361.2562
2451820,1361.2842
2451821,1361.643
2451822,1361.883
2451823,1362.1876
2451824,1362.2582
2451825,1362.1512
2451826,1362.092
2451827,1362.0008
2451828,1361.8465
2451829,1361.7722
2451830,1361.9183
2451831,1362.0557
2451832,1361.991
2451833,1362.0602
2451834,1362.2291
2451835,1362.2835
2451836,1362.1948
2451837,1362.1064
2451838,1361.9229
2451839,1361.8788
2451840,1361.9913
2451841,1362.1625
2451842,1362.3922
2451843,1362.4948
2451844,1362.473
2451845,1362.3104
2451846,1362.2486
2451847,1362.3133
2451848,1362.2411
2451849,1362.2225
2451850,1362.0176
2451851,1361.7674
2451852,1361.6212
2451853,1361.6863
2451854,1361.8074
2451855,1362.086
2451856,1362.1793
2451857,1362.1001
2451858,1361.9181
2451859,1361.703
2451860,1361.618
2451861,1361.6816
2451862,1361.6976
2451863,1361.7442
2451864,1361.8777
2451865,1361.8931
2451866,1361.7666
2451867,1361.6152
2451868,1361.4794
2451869,1361.5302
2451870,1361.67
2451871,1361.7685
2451872,1361.9451
2451873,1361.9949
2451874,1362.0759
2451875,1362.0483
2451876,1361.9518
2451877,1361.9296
2451878,1362.0416
2451879,1362.0621
2451880,1362.1225
2451881,1362.231
2451882,1362.3887
2451883,1362.4636
2451884,1362.2055
2451885,1361.8678
2451886,1361.7335
2451887,1361.7796
2451888,1361.8466
2451889,1361.9402
2451890,1362.0178
2451891,1362.0533
2451892,1361.9134
2451893,1361.786
2451894,1361.7343
2451895,1361.8972
2451896,1362.1012
2451897,1362.3721
2451898,1362.4581
2451899,1362.396
2451900,1362.2473
2451901,1362.0787
2451902,1361.9371
2451903,1361.8881
2451904,1361.8906
2451905,1361.9014
2451906,1361.9419
2451907,1361.8899
2451908,1361.8184
2451909,1361.6537
2451910,1361.4337
2451911,1361.2836
2451912,1361.4075
2451913,1361.546
2451914,1361.6548
2451915,1361.8687
2451916,1362.1032
2451917,1362.208
2451918,1362.1866
2451919,1362.1506
2451920,1361.9662
2451921,1361.8025
2451922,1361.6241
2451923,1361.4908
2451924,1361.5859
2451925,1361.863
2451926,1362.0617
2451927,1362.2645
2451928,1362.2814
2451929,1362.2043
2451930,1362.1215
2451931,1362.0608
2451932,1362.0497
2451933,1362.1797
2451934,1361.9917
2451935,1361.9523
2451936,1362.0404
2451937,1361.985
2451938,1362.0078
2451939,1362.1252
2451940,1362.1448
2451941,1362.258
2451942,1362.3108
2451943,1362.2856
2451944,1362.2686
2451945,1362.3882
2451946,1362.2803
2451947,1362.0336
2451948,1361.9082
2451949,1361.9055
2451950,1361.9634
2451951,1361.9138
2451952,1361.9507
2451953,1362.0159
2451954,1361.9845
2451955,1362.0145
2451956,1361.9997
2451957,1361.975
2451958,1361.9066
2451959,1361.9044
2451960,1361.8873
2451961,1361.894
2451962,1361.9799
2451963,1362.0966
2451964,1362.0681
2451965,1362.0622
2451966,1362.056
2451967,1361.9888
2451968,1362.0185
2451969,1362.0408
2451970,1362.1431
2451971,1362.2197
2451972,1362.1778
2451973,1361.9735
2451974,1361.769
2451975,1361.5343
2451976,1361.5072
2451977,1361.5723
2451978,1361.7804
2451979,1361.95
2451980,1362.133
2451981,1362.073
2451982,1361.9828
2451983,1361.7689
2451984,1361.6626
2451985,1361.6473
2451986,1361.7635
2451987,1361.8522
2451988,1361.9418
2451989,1362.0652
2451990,1362.0426
2451991,1361.8168
2451992,1361.6597
2451993,1361.5249
2451994,1361.1899
2451995,1360.6451
2451996,1359.6912
2451997,1359.2899
2451998,1359.4983
2451999,1359.8682
2452000,1360.3909
2452001,1360.7855
2452002,1361.2641
2452003,1361.6371
2452004,1361.8
2452005,1361.6576
2452006,1361.3094
2452007,1361.145
2452008,1360.9848
2452009,1360.9366
2452010,1360.9585
2452011,1361.0418
2452012,1361.2399
2452013,1361.5258
2452014,1361.6427
2452015,1361.7182
2452016,1361.6324
2452017,1361.5465
2452018,1361.507
2452019,1361.4933
2452020,1361.3917
2452021,1361.0754
2452022,1360.9107
2452023,1360.9211
2452024,1360.8409
2452025,1360.9633
2452026,1361.1638
2452027,1361.2986
2452028,1361.4939
2452029,1361.6633
2452030,1361.7596
2452031,1361.7088
2452032,1361.6795
2452033,1361.5828
2452034,1361.4941
2452035,1361.6435
2452036,1361.7431
2452037,1361.6786
2452038,1361.6707
2452039,1361.6211
2452040,1361.5057
2452041,1361.2377
2452042,1360.8946
2452043,1360.8117
2452044,1360.8853
2452045,1361.1034
2452046,1361.363
2452047,1361.6049
2452048,1361.7423
2452049,1361.7284
2452050,1361.663
2452051,1361.5146
2452052,1361.2656
2452053,1360.9588
2452054,1360.8652
2452055,1361.0009
2452056,1361.242
2452057,1361.55
2452058,1361.8245
2452059,1361.9633
2452060,1361.9206
2452061,1361.7947
2452062,1361.7105
2452063,1361.6497
2452064,1361.4742
2452065,1361.2366
2452066,1361.2159
2452067,1361.3083
2452068,1361.2319
2452069,1360.8289
2452070,1360.419
2452071,1360.5319
2452072,1360.8602
2452073,1361.2995
2452074,1361.4361
2452075,1361.4711
2452076,1361.4863
2452077,1361.1515
2452078,1360.8537
2452079,1360.6277
2452080,1360.5052
2452081,1360.4868
2452082,1360.738
2452083,1361.196
2452084,1361.5027
2452085,1361.6596
2452086,1361.6698
2452087,1361.5047
2452088,1361.5203
2452089,1361.5768
2452090,1361.6394
2452091,1361.7185
2452092,1361.9211
2452093,1362.1224
2452094,1362.0068
2452095,1361.8535
2452096,1361.6807
2452097,1361.5542
2452098,1361.4603
2452099,1361.3575
2452100,1361.3926
2452101,1361.5958
2452102,1361.7859
2452103,1361.8101
2452104,1361.7209
2452105,1361.4643
2452106,1361.237
2452107,1361.0898
2452108,1361.184
2452109,1361.3612
2452110,1361.4988
2452111,1361.4734
2452112,1361.3832
2452113,1361.3224
2452114,1361.3555
2452115,1361.3638
2452116,1361.3913
2452117,1361.4346
2452118,1361.5461
2452119,1361.6577
2452120,1361.7313
2452121,1361.6414
2452122,1361.6414
2452123,1361.5784
2452124,1361.4534
2452125,1361.2852
2452126,1360.8773
2452127,1360.6887
2452128,1360.8034
2452129,1360.9126
2452130,1361.1741
2452131,1361.3963
2452132,1361.4199
2452133,1361.0273
2452134,1361.0262
2452135,1361.1953
2452136,1361.4941
2452137,1361.6865
2452138,1361.8342
2452139,1361.9425
2452140,1361.6651
2452141,1361.3603
2452142,1361.1496
2452143,1361.0984
2452144,1361.2103
2452145,1361.4277
2452146,1361.5502
2452147,1361.4824
2452148,1361.3358
2452149,1361.2616
2452150,1361.2691
2452151,1361.2138
2452152,1361.0375
2452153,1361.0029
2452154,1361.017
2452155,1360.9825
2452156,1360.9837
2452157,1361.061
2452158,1361.1199
2452159,1361.3615
2452160,1361.4206
2452161,1361.209
2452162,1360.7935
2452163,1360.486
2452164,1360.5996
2452165,1360.8402
2452166,1361.1862
2452167,1361.4997
2452168,1361.7737
2452169,1361.877
2452170,1361.8486
2452171,1361.6288
2452172,1361.5152
2452173,1361.3571
2452174,1361.1767
2452175,1360.8733
2452176,1360.7201
2452177,1360.5019
2452178,1360.4767
2452179,1360.68
2452180,1360.8645
2452181,1361.0693
2452182,1361.2604
2452183,1361.4361
2452184,1361.5723
2452185,1361.7794
2452186,1362.1274
2452187,1362.4658
2452188,1362.5751
2452189,1362.3577
2452190,1362.1698
2452191,1362.0383
2452192,1362.1456
2452193,1362.2797
2452194,1362.3178
2452195,1362.2163
2452196,1361.967
2452197,1361.6505
2452198,1361.4918
2452199,1361.4205
2452200,1361.3955
2452201,1361.4317
2452202,1361.5586
2452203,1361.6872
2452204,1361.7382
2452205,1361.7866
2452206,1361.899
2452207,1361.9027
2452208,1361.7287
2452209,1361.471
2452210,1361.3069
2452211,1361.0762
2452212,1360.7986
2452213,1360.6993
2452214,1360.7742
2452215,1360.9512
2452216,1361.1114
2452217,1361.2717
2452218,1361.5049
2452219,1361.6738
2452220,1361.6671
2452221,1361.5415
2452222,1361.0746
2452223,1360.7005
2452224,1360.7102
2452225,1361.0939
2452226,1361.3066
2452227,1361.5535
2452228,1361.8317
2452229,1361.9345
2452230,1361.8878
2452231,1361.5783
2452232,1361.455
2452233,1361.4596
2452234,1361.5503
2452235,1361.9108
2452236,1362.1089
2452237,1362.1573
2452238,1362.2304
2452239,1362.2072
2452240,1362.0251
2452241,1361.7706
2452242,1361.5032
2452243,1361.28
2452244,1361.0252
2452245,1360.9877
2452246,1361.1049
2452247,1361.2531
2452248,1361.4379
2452249,1361.455
2452250,1361.5163
2452251,1361.7858
2452252,1362.1997
2452253,1362.3284
2452254,1362.1155
2452255,1361.9644
2452256,1361.9705
2452257,1362.0482
2452258,1362.0079
2452259,1361.9247
2452260,1362.052
2452261,1362.3028
2452262,1362.5275
2452263,1362.4911
2452264,1362.1184
2452265,1361.7569
2452266,1361.6113
2452267,1361.3361
2452268,1361.122
2452269,1361.3632
2452270,1361.568
2452271,1361.8556
2452272,1362.04
2452273,1362.2864
2452274,1362.6109
2452275,1362.7272
2452276,1362.6575
2452277,1362.426
2452278,1362.2955
2452279,1362.3842
2452280,1362.481
2452281,1362.4739
2452282,1362.5796
2452283,1362.5995
2452284,1362.1637
2452285,1361.7947
2452286,1361.6416
2452287,1361.7874
2452288,1361.9611
2452289,1362.136
2452290,1362.1494
2452291,1362.0543
2452292,1361.9875
2452293,1362.2164
2452294,1362.3603
2452295,1362.4362
2452296,1362.3713
2452297,1362.5319
2452298,1362.5757
2452299,1362.4168
2452300,1362.3837
2452301,1362.5524
2452302,1362.7228
2452303,1362.5759
2452304,1362.2274
2452305,1361.9754
2452306,1361.8108
2452307,1361.7985
2452308,1361.8536
2452309,1362.0756
2452310,1362.3494
2452311,1362.3695
2452312,1362.3896
2452313,1362.4097
2452314,1362.4298
2452315,1362.4476
2452316,1362.3
2452317,1362.0822
2452318,1361.9025
2452319,1361.8981
2452320,1362.1052
2452321,1362.4105
2452322,1362.4184
2452323,1362.3769
2452324,1362.2952
2452325,1362.1094
2452326,1362.056
2452327,1362.1914
2452328,1362.3214
2452329,1362.5105
2452330,1362.5485
2452331,1362.2858
2452332,1362.2618
2452333,1362.2225
2452334,1362.2032
2452335,1362.249
2452336,1362.3707
2452337,1362.5125
2452338,1362.4776
2452339,1362.3892
2452340,1362.3175
2452341,1362.3009
2452342,1362.2889
2452343,1362.2931
2452344,1362.155
2452345,1361.9407
2452346,1361.729
2452347,1361.6503
2452348,1361.6226
2452349,1361.6269
2452350,1361.7655
2452351,1361.7997
2452352,1361.8591
2452353,1361.9674
2452354,1362.1286
2452355,1362.2956
2452356,1362.3531
2452357,1362.2799
2452358,1362.0795
2452359,1361.8696
2452360,1361.8506
2452361,1361.9778
2452362,1362.0462
2452363,1362.1573
2452364,1361.8734
2452365,1361.4547
2452366,1360.9207
2452367,1360.5842
2452368,1360.6436
2452369,1360.9866
2452370,1361.4038
2452371,1361.7256
2452372,1361.8907
2452373,1361.8778
2452374,1361.7293
2452375,1361.6543
2452376,1361.57
2452377,1361.3677
2452378,1361.2496
2452379,1361.2489
2452380,1361.3609
2452381,1361.4165
2452382,1361.4912
2452383,1361.6661
2452384,1361.6889
2452385,1361.7496
2452386,1361.7332
2452387,1361.6416
2452388,1361.6103
2452389,1361.5776
2452390,1361.651
2452391,1361.7618
2452392,1361.7051
2452393,1361.7251
2452394,1361.8239
2452395,1362.0137
2452396,1362.1226
2452397,1362.0922
2452398,1361.832
2452399,1361.6036
2452400,1361.62
2452401,1361.5834
2452402,1361.532
2452403,1361.5182
2452404,1361.4606
2452405,1361.387
2452406,1361.4355
2452407,1361.5307
2452408,1361.6238
2452409,1361.507
2452410,1361.439
2452411,1361.4436
2452412,1361.371
2452413,1361.2243
2452414,1361.1477
2452415,1361.0767
2452416,1361.0873
2452417,1361.1903
2452418,1361.1855
2452419,1361.1951
2452420,1361.308
2452421,1361.5343
2452422,1361.6911
2452423,1361.8175
2452424,1361.8115
2452425,1361.7735
2452426,1361.6909
2452427,1361.5756
2452428,1361.4299
2452429,1361.3003
2452430,1361.3427
2452431,1361.4203
2452432,1361.7004
2452433,1361.7062
2452434,1361.5778
2452435,1361.5099
2452436,1361.4017
2452437,1361.3469
2452438,1361.4735
2452439,1361.6914
2452440,1361.6822
2452441,1361.5805
2452442,1361.5814
2452443,1361.7105
2452444,1361.7653
2452445,1361.8411
2452446,1361.7007
2452447,1361.6191
2452448,1361.4056
2452449,1361.2758
2452450,1361.2407
2452451,1361.352
2452452,1361.5506
2452453,1361.7695
2452454,1361.8437
2452455,1361.8598
2452456,1361.8482
2452457,1361.7161
2452458,1361.5592
2452459,1361.6082
2452460,1361.5926
2452461,1361.4469
2452462,1361.4136
2452463,1361.4331
2452464,1361.575
2452465,1361.7181
2452466,1361.7328
2452467,1361.63
2452468,1361.3184
2452469,1361.1003
2452470,1360.8702
2452471,1360.6679
2452472,1360.5769
2452473,1360.4835
2452474,1360.5309
2452475,1360.5383
2452476,1360.5235
2452477,1360.5915
2452478,1360.7064
2452479,1360.8867
2452480,1361.0679
2452481,1360.9843
2452482,1360.5391
2452483,1360.3397
2452484,1360.0613
2452485,1360.008
2452486,1360.3686
2452487,1360.7196
2452488,1361.1599
2452489,1361.4907
2452490,1361.4799
2452491,1361.2788
2452492,1361.2984
2452493,1361.4652
2452494,1361.468
2452495,1361.309
2452496,1361.2722
2452497,1361.367
2452498,1361.5014
2452499,1361.4826
2452500,1361.1698
2452501,1360.6276
2452502,1360.2473
2452503,1359.6737
2452504,1359.2623
2452505,1359.3814
2452506,1360.1468
2452507,1360.9514
2452508,1361.5209
2452509,1361.6019
2452510,1361.4035
2452511,1361.1686
2452512,1361.1662
2452513,1361.2998
2452514,1361.4192
2452515,1361.502
2452516,1361.5519
2452517,1361.4684
2452518,1361.312
2452519,1361.2845
2452520,1361.2292
2452521,1361.1183
2452522,1360.9956
2452523,1361.1451
2452524,1361.4039
2452525,1361.8516
2452526,1362.0724
2452527,1361.916
2452528,1361.4544
2452529,1361.0069
2452530,1360.76
2452531,1360.8635
2452532,1361.0738
2452533,1361.3315
2452534,1361.5678
2452535,1361.6436
2452536,1361.6089
2452537,1361.4198
2452538,1361.1831
2452539,1361.0622
2452540,1361.1997
2452541,1361.2392
2452542,1361.2895
2452543,1361.46
2452544,1361.5601
2452545,1361.6668
2452546,1361.6629
2452547,1361.567
2452548,1361.4751
2452549,1361.4296
2452550,1361.3731
2452551,1361.5142
2452552,1361.5502
2452553,1361.5809
2452554,1361.5512
2452555,1361.4109
2452556,1361.3797
2452557,1361.3206
2452558,1361.2952
2452559,1361.326
2452560,1361.3599
2452561,1361.4786
2452562,1361.5609
2452563,1361.4717
2452564,1361.3849
2452565,1361.3731
2452566,1361.4906
2452567,1361.6128
2452568,1361.5528
2452569,1361.3315
2452570,1361.0831
2452571,1360.9474
2452572,1360.8074
2452573,1360.8128
2452574,1360.9952
2452575,1361.264
2452576,1361.492
2452577,1361.7622
2452578,1361.8386
2452579,1361.7859
2452580,1361.6024
2452581,1361.4338
2452582,1361.3478
2452583,1361.2504
2452584,1360.9354
2452585,1360.866
2452586,1360.9214
2452587,1361.1872
2452588,1361.6127
2452589,1361.9061
2452590,1361.8929
2452591,1361.6673
2452592,1361.2595
2452593,1361.1327
2452594,1361.028
2452595,1361.1451
2452596,1361.247
2452597,1361.2364
2452598,1361.1335
2452599,1360.9741
2452600,1360.8174
2452601,1360.846
2452602,1361.0525
2452603,1361.4637
2452604,1361.7854
2452605,1361.9303
2452606,1361.8992
2452607,1361.734
2452608,1361.7125
2452609,1361.6918
2452610,1361.7191
2452611,1361.745
2452612,1361.8114
2452613,1361.7348
2452614,1361.7392
2452615,1361.8263
2452616,1362.0344
2452617,1362.2528
2452618,1362.2049
2452619,1362.0415
2452620,1361.9302
2452621,1362.0361
2452622,1362.1253
2452623,1362.1655
2452624,1361.9087
2452625,1361.3641
2452626,1360.9924
2452627,1360.8663
2452628,1360.8629
2452629,1361.1536
2452630,1361.5381
2452631,1361.8838
2452632,1362.1499
2452633,1362.1465
2452634,1361.9041
2452635,1361.7939
2452636,1361.7671
2452637,1361.7607
2452638,1361.7289
2452639,1361.7385
2452640,1361.7827
2452641,1361.8378
2452642,1361.9163
2452643,1361.8954
2452644,1361.6744
2452645,1361.5703
2452646,1361.4774
2452647,1361.4092
2452648,1361.3848
2452649,1361.5495
2452650,1361.6857
2452651,1361.6598
2452652,1361.6891
2452653,1361.6357
2452654,1361.5651
2452655,1361.6601
2452656,1361.7593
2452657,1361.8701
2452658,1361.9385
2452659,1361.9248
2452660,1361.8691
2452661,1361.7837
2452662,1361.7204
2452663,1361.4913
2452664,1361.3364
2452665,1361.2441
2452666,1361.2696
2452667,1361.4144
2452668,1361.5411
2452669,1361.7048
2452670,1361.808
2452671,1361.7708
2452672,1361.646
2452673,1361.4943
2452674,1361.3691
2452675,1361.449
2452676,1361.7271
2452677,1361.8811
2452678,1361.966
2452679,1361.9218
2452680,1361.8479
2452681,1361.888
2452682,1361.949
2452683,1362.0086
2452684,1362.0613
2452685,1362.0278
2452686,1361.9629
2452687,1361.8757
2452688,1361.7027
2452689,1361.6458
2452690,1361.4917
2452691,1361.1807
2452692,1360.9654
2452693,1360.9548
2452694,1361.0745
2452695,1361.3206
2452696,1361.4794
2452697,1361.4715
2452698,1361.4636
2452699,1361.4558
2452700,1361.4479
2452701,1361.44
2452702,1361.4351
2452703,1361.3467
2452704,1361.3169
2452705,1361.4136
2452706,1361.3448
2452707,1361.2939
2452708,1361.3354
2452709,1361.365
2452710,1361.2199
2452711,1360.9858
2452712,1360.7907
2452713,1360.5481
2452714,1360.4707
2452715,1360.4557
2452716,1360.6885
2452717,1360.996
2452718,1361.1569
2452719,1361.1931
2452720,1361.1291
2452721,1361.1201
2452722,1361.1884
2452723,1361.2589
2452724,1361.3372
2452725,1361.1805
2452726,1360.8193
2452727,1360.7889
2452728,1360.7523
2452729,1360.78
2452730,1360.8517
2452731,1360.9221
2452732,1361.139
2452733,1361.168
2452734,1361.2242
2452735,1361.2733
2452736,1361.2485
2452737,1361.1795
2452738,1361.0381
2452739,1360.9317
2452740,1360.8402
2452741,1360.8938
2452742,1360.9856
2452743,1361.1486
2452744,1361.2399
2452745,1361.311
2452746,1361.295
2452747,1361.2514
2452748,1361.2735
2452749,1361.3192
2452750,1361.3648
2452751,1361.3704
2452752,1361.34
2452753,1361.2008
2452754,1361.2545
2452755,1361.1779
2452756,1361.1406
2452757,1360.9437
2452758,1360.7812
2452759,1360.6022
2452760,1360.2721
2452761,1360.0769
2452762,1360.206
2452763,1360.417
2452764,1360.5796
2452765,1360.7724
2452766,1360.9917
2452767,1360.9904
2452768,1360.9277
2452769,1360.9995
2452770,1361.1204
2452771,1361.183
2452772,1361.2055
2452773,1361.1483
2452774,1361.1396
2452775,1361.216
2452776,1361.307
2452777,1361.446
2452778,1361.5083
2452779,1361.5173
2452780,1361.5781
2452781,1361.5857
2452782,1361.7371
2452783,1361.7658
2452784,1361.7178
2452785,1361.5152
2452786,1361.2729
2452787,1360.9808
2452788,1360.8157
2452789,1360.9892
2452790,1361.1827
2452791,1361.2942
2452792,1361.2812
2452793,1361.1856
2452794,1361.0053
2452795,1360.9275
2452796,1360.8356
2452797,1360.5181
2452798,1360.4364
2452799,1360.178
2452800,1359.878
2452801,1359.9299
2452802,1360.2479
2452803,1360.7369
2452804,1361.1139
2452805,1361.4032
2452806,1361.5696
2452807,1361.641
2452808,1361.6459
2452809,1361.5143
2452810,1361.2905
2452811,1361.0329
2452812,1360.9733
2452813,1361.0513
2452814,1361.156
2452815,1361.1622
2452816,1361.1764
2452817,1361.1829
2452818,1361.2088
2452819,1361.116
2452820,1361.1142
2452821,1360.9799
2452822,1360.8401
2452823,1360.7583
2452824,1360.5942
2452825,1360.3292
2452826,1360.2996
2452827,1360.4985
2452828,1360.9318
2452829,1361.3651
2452830,1361.5874
2452831,1361.5139
2452832,1361.3891
2452833,1361.3876
2452834,1361.4395
2452835,1361.452
2452836,1361.4161
2452837,1361.2573
2452838,1361.0329
2452839,1360.8917
2452840,1360.5076
2452841,1360.2048
2452842,1360.3785
2452843,1360.8812
2452844,1361.2916
2452845,1361.439
2452846,1361.4264
2452847,1361.4561
2452848,1361.4407
2452849,1361.3476
2452850,1361.3288
2452851,1361.3009
2452852,1361.2739
2452853,1361.227
2452854,1361.3014
2452855,1361.1245
2452856,1360.9681
2452857,1360.7753
2452858,1360.6475
2452859,1360.5627
2452860,1360.501
2452861,1360.7587
2452862,1361.1481
2452863,1361.4112
2452864,1361.5172
2452865,1361.1995
2452866,1360.9382
2452867,1360.8748
2452868,1361.0499
2452869,1361.3527
2452870,1361.5514
2452871,1361.5789
2452872,1361.4549
2452873,1361.1923
2452874,1361.0275
2452875,1361.08
2452876,1361.1811
2452877,1361.3865
2452878,1361.4195
2452879,1361.4006
2452880,1361.4083
2452881,1361.4808
2452882,1361.5703
2452883,1361.6599
2452884,1361.6333
2452885,1361.5509
2452886,1361.4324
2452887,1361.3684
2452888,1361.4554
2452889,1361.6442
2452890,1361.6888
2452891,1361.5369
2452892,1361.3745
2452893,1361.1427
2452894,1361.1085
2452895,1361.2086
2452896,1361.3467
2452897,1361.4568
2452898,1361.4145
2452899,1361.266
2452900,1361.1304
2452901,1361.1811
2452902,1361.3471
2452903,1361.4321
2452904,1361.3774
2452905,1361.2822
2452906,1361.1233
2452907,1360.915
2452908,1360.8642
2452909,1360.8876
2452910,1360.9811
2452911,1360.9858
2452912,1361.2039
2452913,1361.4039
2452914,1361.4815
2452915,1361.4217
2452916,1361.3898
2452917,1361.2892
2452918,1361.2515
2452919,1361.2088
2452920,1361.1173
2452921,1361.155
2452922,1361.3173
2452923,1361.5263
2452924,1361.5537
2452925,1361.3848
2452926,1361.2549
2452927,1361.2114
2452928,1361.1767
2452929,1361.2577
2452930,1361.3806
2452931,1361.4634
2452932,1361.1836
2452933,1360.5201
2452934,1359.7557
2452935,1359.3682
2452936,1359.1356
2452937,1358.9536
2452938,1358.7108
2452939,1358.6338
2452940,1358.2067
2452941,1357.4369
2452942,1357.024
2452943,1357.3446
2452944,1358.2855
2452945,1359.5102
2452946,1360.5467
2452947,1361.2422
2452948,1361.5511
2452949,1361.5643
2452950,1361.4974
2452951,1361.3307
2452952,1361.1428
2452953,1361.0119
2452954,1360.9563
2452955,1361.0384
2452956,1361.1319
2452957,1361.1491
2452958,1361.1528
2452959,1361.041
2452960,1360.9397
2452961,1360.8297
2452962,1360.767
2452963,1360.8454
2452964,1360.8691
2452965,1360.7586
2452966,1360.5853
2452967,1360.5974
2452968,1360.7058
2452969,1360.8027
2452970,1360.8842
2452971,1361.1295
2452972,1361.5418
2452973,1361.7632
2452974,1361.8747
2452975,1361.6753
2452976,1361.4287
2452977,1361.3078
2452978,1361.141
2452979,1360.9665
2452980,1360.893
2452981,1360.9745
2452982,1360.9835
2452983,1360.9929
2452984,1360.9848
2452985,1360.9568
2452986,1360.9383
2452987,1360.8499
2452988,1360.7965
2452989,1360.8511
2452990,1361.0212
2452991,1361.23
2452992,1361.4369
2452993,1361.4469
2452994,1361.488
2452995,1361.5124
2452996,1361.4123
2452997,1361.238
2452998,1361.1649
2452999,1361.1806
2453000,1361.2548
2453001,1361.4195
2453002,1361.5207
2453003,1361.5673
2453004,1361.5162
2453005,1361.3533
2453006,1361.1197
2453007,1360.9041
2453008,1360.6771
2453009,1360.4705
2453010,1360.2162
2453011,1360.0408
2453012,1360.0727
2453013,1360.1028
2453014,1360.2002
2453015,1360.3959
2453016,1360.5983
2453017,1360.8187
2453018,1361.0943
2453019,1361.225
2453020,1361.3086
2453021,1361.3815
2453022,1361.4089
2453023,1361.3457
2453024,1361.1925
2453025,1361.2078
2453026,1361.3083
2453027,1361.4697
2453028,1361.6653
2453029,1361.6748
2453030,1361.5796
2453031,1361.3653
2453032,1361.166
2453033,1361.0582
2453034,1361.0693
2453035,1361.0818
2453036,1361.0778
2453037,1361.0066
2453038,1360.9296
2453039,1360.9961
2453040,1360.9983
2453041,1360.8554
2453042,1360.7574
2453043,1360.7017
2453044,1360.7799
2453045,1360.9583
2453046,1361.1303
2453047,1361.2491
2453048,1361.2933
2453049,1361.261
2453050,1361.2828
2453051,1361.3881
2453052,1361.469
2453053,1361.5043
2453054,1361.4873
2453055,1361.4662
2453056,1361.4385
2453057,1361.335
2453058,1361.0601
2453059,1360.7659
2453060,1360.5771
2453061,1360.2878
2453062,1360.1383
2453063,1360.232
2453064,1360.6461
2453065,1360.9999
2453066,1361.1348
2453067,1360.9741
2453068,1360.8668
2453069,1360.8049
2453070,1360.8466
2453071,1360.9721
2453072,1361.0184
2453073,1360.9303
2453074,1360.7429
2453075,1360.5853
2453076,1360.4818
2453077,1360.612
2453078,1360.7861
2453079,1360.9707
2453080,1361.1643
2453081,1361.3422
2453082,1361.3855
2453083,1361.3038
2453084,1361.2575
2453085,1361.2336
2453086,1361.125
2453087,1360.9353
2453088,1360.8558
2453089,1360.9092
2453090,1361.1118
2453091,1361.2809
2453092,1361.2291
2453093,1361.097
2453094,1360.9593
2453095,1360.7806
2453096,1360.6617
2453097,1360.6698
2453098,1360.8323
2453099,1361.0053
2453100,1361.1177
2453101,1361.1188
2453102,1361.1326
2453103,1361.1065
2453104,1361.0805
2453105,1361.0769
2453106,1361.0574
2453107,1361.1395
2453108,1361.2634
2453109,1361.2582
2453110,1361.1794
2453111,1361.1973
2453112,1361.2429
2453113,1361.2986
2453114,1361.2097
2453115,1361.0481
2453116,1360.9454
2453117,1361.0035
2453118,1361.0665
2453119,1361.0349
2453120,1361.0054
2453121,1360.9827
2453122,1361.0027
2453123,1361.0123
2453124,1361.0435
2453125,1361.0684
2453126,1361.0943
2453127,1361.0649
2453128,1361.0115
2453129,1361.1056
2453130,1361.1177
2453131,1361.0294
2453132,1361.0141
2453133,1361.0629
2453134,1361.1081
2453135,1361.1482
2453136,1361.1321
2453137,1361.0571
2453138,1360.9632
2453139,1360.8237
2453140,1360.6409
2453141,1360.4822
2453142,1360.489
2453143,1360.6942
2453144,1360.9368
2453145,1361.0116
2453146,1361.0596
2453147,1361.0703
2453148,1360.9896
2453149,1360.8555
2453150,1360.7187
2453151,1360.7395
2453152,1360.8009
2453153,1360.8254
2453154,1360.9097
2453155,1361.0623
2453156,1361.185
2453157,1361.1545
2453158,1361.0296
2453159,1360.9989
2453160,1361.0033
2453161,1361.0556
2453162,1361.1103
2453163,1361.1541
2453164,1361.1331
2453165,1360.8186
2453166,1361.0468
2453167,1361.0602
2453168,1360.9192
2453169,1360.898
2453170,1360.9238
2453171,1360.9606
2453172,1360.9034
2453173,1360.7813
2453174,1360.5644
2453175,1360.2726
2453176,1360.0736
2453177,1359.9775
2453178,1360.1576
2453179,1360.4848
2453180,1360.8112
2453181,1361.1223
2453182,1361.2909
2453183,1361.2634
2453184,1361.1476
2453185,1361.0527
2453186,1361.0263
2453187,1360.9769
2453188,1360.9556
2453189,1360.9402
2453190,1360.9758
2453191,1361.0176
2453192,1360.9949
2453193,1360.9623
2453194,1360.9854
2453195,1360.9496
2453196,1360.8305
2453197,1360.7831
2453198,1360.8607
2453199,1360.9431
2453200,1361.0881
2453201,1361.1397
2453202,1361.0457
2453203,1360.7769
2453204,1360.5619
2453205,1360.3987
2453206,1360.1264
2453207,1359.8146
2453208,1359.4437
2453209,1359.2816
2453210,1359.3319
2453211,1359.4844
2453212,1359.8049
2453213,1360.2629
2453214,1360.6846
2453215,1360.8563
2453216,1360.8159
2453217,1360.7107
2453218,1360.7621
2453219,1360.7664
2453220,1360.7569
2453221,1360.7261
2453222,1360.6971
2453223,1360.6692
2453224,1360.7188
2453225,1360.8616
2453226,1360.9725
2453227,1360.7334
2453228,1360.504
2453229,1360.0827
2453230,1359.8162
2453231,1360.0009
2453232,1360.1295
2453233,1360.4426
2453234,1360.6984
2453235,1360.81
2453236,1360.7381
2453237,1360.6681
2453238,1360.6229
2453239,1360.6118
2453240,1360.6853
2453241,1360.766
2453242,1360.8155
2453243,1360.8105
2453244,1360.8954
2453245,1360.9943
2453246,1361.1016
2453247,1361.1042
2453248,1361.0367
2453249,1360.9216
2453250,1360.8343
2453251,1360.9511
2453252,1361.0656
2453253,1361.1054
2453254,1361.0735
2453255,1360.9891
2453256,1360.8249
2453257,1360.7346
2453258,1360.8763
2453259,1361.1905
2453260,1361.4029
2453261,1361.3929
2453262,1361.1589
2453263,1360.9057
2453264,1360.8828
2453265,1360.9917
2453266,1361.0304
2453267,1360.997
2453268,1360.9265
2453269,1360.8387
2453270,1360.721
2453271,1360.6394
2453272,1360.6988
2453273,1360.8857
2453274,1360.8906
2453275,1360.9426
2453276,1360.9425
2453277,1360.8515
2453278,1360.9092
2453279,1360.9257
2453280,1360.9517
2453281,1360.9618
2453282,1361.0168
2453283,1361.0857
2453284,1361.147
2453285,1361.2089
2453286,1361.3168
2453287,1361.3228
2453288,1361.2576
2453289,1361.146
2453290,1361.0443
2453291,1361.0469
2453292,1361.0847
2453293,1361.0842
2453294,1361.0261
2453295,1360.9899
2453296,1360.9224
2453297,1360.8633
2453298,1360.8902
2453299,1360.9193
2453300,1361.0378
2453301,1361.0471
2453302,1360.9289
2453303,1360.7281
2453304,1360.6139
2453305,1360.6719
2453306,1360.7563
2453307,1360.8364
2453308,1360.7665
2453309,1360.5993
2453310,1360.4504
2453311,1360.3456
2453312,1360.3468
2453313,1360.3062
2453314,1360.0536
2453315,1359.8736
2453316,1359.9561
2453317,1360.2663
2453318,1360.5802
2453319,1360.8846
2453320,1361.0209
2453321,1361.146
2453322,1361.1099
2453323,1360.9776
2453324,1360.9141
2453325,1360.8912
2453326,1361.0291
2453327,1361.0862
2453328,1361.1106
2453329,1361.2061
2453330,1361.25
2453331,1361.2514
2453332,1361.2119
2453333,1361.2358
2453334,1361.3383
2453335,1361.3757
2453336,1361.4111
2453337,1361.4127
2453338,1361.2835
2453339,1361.1461
2453340,1361.0057
2453341,1360.8562
2453342,1360.9182
2453343,1361.0724
2453344,1361.2036
2453345,1361.2022
2453346,1361.1422
2453347,1361.1121
2453348,1361.1094
2453349,1361.0756
2453350,1361.0511
2453351,1361.0274
2453352,1361.0304
2453353,1361.0543
2453354,1361.0377
2453355,1360.9837
2453356,1360.9552
2453357,1360.9999
2453358,1361.0485
2453359,1361.0303
2453360,1360.9544
2453361,1360.9591
2453362,1361.0421
2453363,1361.1187
2453364,1361.2549
2453365,1361.2978
2453366,1361.3012
2453367,1361.2965
2453368,1361.246
2453369,1361.1954
2453370,1361.1495
2453371,1361.1765
2453372,1361.1265
2453373,1361.0473
2453374,1360.9851
2453375,1360.9908
2453376,1360.9826
2453377,1360.986
2453378,1360.9864
2453379,1361.0117
2453380,1360.9847
2453381,1360.9307
2453382,1360.772
2453383,1360.5589
2453384,1359.8754
2453385,1359.1573
2453386,1358.8114
2453387,1358.9526
2453388,1359.4328
2453389,1360.1501
2453390,1360.7071
2453391,1361.0286
2453392,1361.0955
2453393,1361.0961
2453394,1361.1306
2453395,1361.104
2453396,1361.0138
2453397,1361.0238
2453398,1361.0561
2453399,1361.0558
2453400,1360.9796
2453401,1360.8264
2453402,1360.8221
2453403,1360.8742
2453404,1360.873
2453405,1360.8277
2453406,1360.8494
2453407,1360.9541
2453408,1361.0995
2453409,1361.1659
2453410,1361.1393
2453411,1361.0707
2453412,1360.9577
2453413,1360.786
2453414,1360.6505
2453415,1360.5999
2453416,1360.6486
2453417,1360.672
2453418,1360.6903
2453419,1360.6402
2453420,1360.7188
2453421,1360.8435
2453422,1360.8927
2453423,1360.9193
2453424,1361.0007
2453425,1360.9624
2453426,1360.9346
2453427,1360.9192
2453428,1360.8732
2453429,1360.8165
2453430,1360.756
2453431,1360.7106
2453432,1360.7025
2453433,1360.7363
2453434,1360.7921
2453435,1360.8396
2453436,1360.8966
2453437,1360.9531
2453438,1360.9958
2453439,1360.9433
2453440,1360.9236
2453441,1360.7999
2453442,1360.6716
2453443,1360.5867
2453444,1360.6034
2453445,1360.6742
2453446,1360.7469
2453447,1360.8185
2453448,1360.8862
2453449,1360.9216
2453450,1360.9461
2453451,1360.9598
2453452,1360.8876
2453453,1360.8544
2453454,1360.7736
2453455,1360.7263
2453456,1360.7984
2453457,1360.786
2453458,1360.7956
2453459,1360.8193
2453460,1360.8009
2453461,1360.7741
2453462,1360.7886
2453463,1360.7883
2453464,1360.8288
2453465,1360.8009
2453466,1360.9151
2453467,1361.0631
2453468,1361.1032
2453469,1361.0759
2453470,1361.0657
2453471,1361.0752
2453472,1361.022
2453473,1361.015
2453474,1361.0386
2453475,1361.0033
2453476,1360.9735
2453477,1360.9429
2453478,1360.92
2453479,1360.8491
2453480,1360.8062
2453481,1360.8149
2453482,1360.8425
2453483,1360.8048
2453484,1360.8131
2453485,1360.7643
2453486,1360.7366
2453487,1360.6975
2453488,1360.485
2453489,1360.1213
2453490,1359.9245
2453491,1359.7797
2453492,1359.8119
2453493,1360.0998
2453494,1360.5129
2453495,1360.7693
2453496,1360.8751
2453497,1360.9941
2453498,1360.9942
2453499,1360.877
2453500,1360.683
2453501,1360.5397
2453502,1360.3828
2453503,1360.4275
2453504,1360.517
2453505,1360.547
2453506,1360.519
2453507,1360.54
2453508,1360.675
2453509,1360.8004
2453510,1360.8465
2453511,1360.845
2453512,1360.8537
2453513,1360.9162
2453514,1360.9492
2453515,1360.9066
2453516,1360.8331
2453517,1360.7456
2453518,1360.5905
2453519,1360.6202
2453520,1360.8455
2453521,1361.0732
2453522,1361.2626
2453523,1361.2641
2453524,1361.1365
2453525,1360.9116
2453526,1360.8273
2453527,1360.8004
2453528,1360.7058
2453529,1360.5897
2453530,1360.3389
2453531,1360.1303
2453532,1360.0585
2453533,1360.0704
2453534,1360.2105
2453535,1360.3982
2453536,1360.545
2453537,1360.53
2453538,1360.4389
2453539,1360.4157
2453540,1360.4499
2453541,1360.6185
2453542,1360.7272
2453543,1360.7791
2453544,1360.8418
2453545,1360.8406
2453546,1360.8864
2453547,1360.9324
2453548,1361.0621
2453549,1361.1115
2453550,1361.137
2453551,1361.1567
2453552,1360.9687
2453553,1360.7179
2453554,1360.4426
2453555,1360.2932
2453556,1360.3684
2453557,1360.3989
2453558,1360.3198
2453559,1360.3019
2453560,1360.4953
2453561,1360.6527
2453562,1360.6845
2453563,1360.6639
2453564,1360.7156
2453565,1360.7919
2453566,1360.8348
2453567,1360.8241
2453568,1360.8369
2453569,1360.8088
2453570,1360.7367
2453571,1360.736
2453572,1360.7219
2453573,1360.8056
2453574,1360.8616
2453575,1360.9324
2453576,1360.9484
2453577,1360.9563
2453578,1360.9591
2453579,1360.977
2453580,1361.0452
2453581,1361.1003
2453582,1361.0312
2453583,1360.9987
2453584,1361.0246
2453585,1360.9424
2453586,1360.8741
2453587,1360.8386
2453588,1360.6731
2453589,1360.6384
2453590,1360.6832
2453591,1360.743
2453592,1360.7942
2453593,1360.7728
2453594,1360.7797
2453595,1360.7602
2453596,1360.679
2453597,1360.5902
2453598,1360.5681
2453599,1360.5894
2453600,1360.6902
2453601,1360.7838
2453602,1360.6515
2453603,1360.5697
2453604,1360.6884
2453605,1360.6635
2453606,1360.7134
2453607,1360.8579
2453608,1361.0446
2453609,1361.1575
2453610,1361.214
2453611,1361.2679
2453612,1361.2068
2453613,1361.0704
2453614,1360.9936
2453615,1360.9317
2453616,1360.8751
2453617,1360.8324
2453618,1360.7991
2453619,1360.806
2453620,1360.7332
2453621,1360.7441
2453622,1360.6901
2453623,1360.4918
2453624,1360.2476
2453625,1360.0287
2453626,1359.897
2453627,1359.7979
2453628,1359.9509
2453629,1360.2036
2453630,1360.5892
2453631,1360.9873
2453632,1361.1763
2453633,1361.1072
2453634,1360.9115
2453635,1360.814
2453636,1360.7984
2453637,1360.7745
2453638,1360.8209
2453639,1360.7982
2453640,1360.8166
2453641,1360.801
2453642,1360.8046
2453643,1360.7739
2453644,1360.7618
2453645,1360.709
2453646,1360.678
2453647,1360.6692
2453648,1360.6845
2453649,1360.7362
2453650,1360.8163
2453651,1360.8506
2453652,1360.8864
2453653,1360.8887
2453654,1360.8975
2453655,1360.9232
2453656,1360.9571
2453657,1360.9926
2453658,1361.0195
2453659,1361.0091
2453660,1360.9214
2453661,1360.8362
2453662,1360.8571
2453663,1360.8585
2453664,1360.8673
2453665,1360.8641
2453666,1360.8553
2453667,1360.8374
2453668,1360.7842
2453669,1360.777
2453670,1360.7302
2453671,1360.6888
2453672,1360.7067
2453673,1360.69
2453674,1360.6835
2453675,1360.6991
2453676,1360.7754
2453677,1360.8413
2453678,1360.8667
2453679,1360.8708
2453680,1360.8495
2453681,1360.8643
2453682,1360.8961
2453683,1360.8972
2453684,1360.9221
2453685,1360.9248
2453686,1360.8845
2453687,1360.8188
2453688,1360.717
2453689,1360.5434
2453690,1360.3602
2453691,1360.2124
2453692,1360.1115
2453693,1360.0468
2453694,1360.0713
2453695,1360.2095
2453696,1360.3509
2453697,1360.5298
2453698,1360.6513
2453699,1360.7069
2453700,1360.6771
2453701,1360.6464
2453702,1360.689
2453703,1360.8192
2453704,1360.967
2453705,1360.9179
2453706,1360.6405
2453707,1360.3527
2453708,1360.4233
2453709,1360.5617
2453710,1360.6833
2453711,1360.8383
2453712,1360.923
2453713,1360.9269
2453714,1360.9077
2453715,1360.8517
2453716,1360.795
2453717,1360.7698
2453718,1360.6804
2453719,1360.6099
2453720,1360.6042
2453721,1360.6213
2453722,1360.6492
2453723,1360.6811
2453724,1360.5823
2453725,1360.6326
2453726,1360.633
2453727,1360.6638
2453728,1360.6013
2453729,1360.6856
2453730,1360.8035
2453731,1360.9104
2453732,1360.9682
2453733,1360.9127
2453734,1360.8273
2453735,1360.8086
2453736,1360.8052
2453737,1360.8255
2453738,1360.8974
2453739,1360.9661
2453740,1360.9752
2453741,1360.8722
2453742,1360.7793
2453743,1360.7205
2453744,1360.7341
2453745,1360.7609
2453746,1360.7572
2453747,1360.755
2453748,1360.7389
2453749,1360.7121
2453750,1360.7173
2453751,1360.678
2453752,1360.7275
2453753,1360.7805
2453754,1360.7908
2453755,1360.6954
2453756,1360.5839
2453757,1360.5474
2453758,1360.6498
2453759,1360.769
2453760,1360.7887
2453761,1360.9071
2453762,1360.9564
2453763,1360.9626
2453764,1360.8934
2453765,1360.8435
2453766,1360.8795
2453767,1360.807
2453768,1360.759
2453769,1360.7055
2453770,1360.6837
2453771,1360.6936
2453772,1360.7232
2453773,1360.7204
2453774,1360.7065
2453775,1360.6953
2453776,1360.6968
2453777,1360.7036
2453778,1360.7316
2453779,1360.7236
2453780,1360.7502
2453781,1360.7698
2453782,1360.7395
2453783,1360.726
2453784,1360.7913
2453785,1360.8445
2453786,1360.8646
2453787,1360.8841
2453788,1360.8642
2453789,1360.8432
2453790,1360.8241
2453791,1360.7959
2453792,1360.7531
2453793,1360.7632
2453794,1360.797
2453795,1360.7685
2453796,1360.7121
2453797,1360.6618
2453798,1360.6516
2453799,1360.6429
2453800,1360.6734
2453801,1360.6839
2453802,1360.6604
2453803,1360.6763
2453804,1360.6665
2453805,1360.6464
2453806,1360.6433
2453807,1360.6474
2453808,1360.6698
2453809,1360.688
2453810,1360.6769
2453811,1360.6926
2453812,1360.7106
2453813,1360.734
2453814,1360.6857
2453815,1360.6441
2453816,1360.6942
2453817,1360.771
2453818,1360.8139
2453819,1360.7726
2453820,1360.6971
2453821,1360.6801
2453822,1360.6501
2453823,1360.6576
2453824,1360.5898
2453825,1360.5819
2453826,1360.5225
2453827,1360.3561
2453828,1360.2138
2453829,1359.9354
2453830,1359.932
2453831,1360.1307
2453832,1360.4432
2453833,1360.6893
2453834,1360.8472
2453835,1360.8564
2453836,1360.7858
2453837,1360.7569
2453838,1360.7871
2453839,1360.7986
2453840,1360.8244
2453841,1360.8541
2453842,1360.8669
2453843,1360.8754
2453844,1360.8646
2453845,1360.8275
2453846,1360.7613
2453847,1360.7207
2453848,1360.7367
2453849,1360.7451
2453850,1360.7242
2453851,1360.6737
2453852,1360.652
2453853,1360.6729
2453854,1360.6524
2453855,1360.694
2453856,1360.7366
2453857,1360.8089
2453858,1360.8553
2453859,1360.9276
2453860,1360.9651
2453861,1360.9665
2453862,1360.9346
2453863,1360.8781
2453864,1360.8006
2453865,1360.8235
2453866,1360.8539
2453867,1360.8595
2453868,1360.8206
2453869,1360.832
2453870,1360.8278
2453871,1360.7947
2453872,1360.7257
2453873,1360.66
2453874,1360.6303
2453875,1360.6275
2453876,1360.6025
2453877,1360.6631
2453878,1360.717
2453879,1360.8001
2453880,1360.7992
2453881,1360.8362
2453882,1360.8689
2453883,1360.9361
2453884,1360.9364
2453885,1360.9368
2453886,1360.9173
2453887,1360.9031
2453888,1360.8787
2453889,1360.8267
2453890,1360.8052
2453891,1360.8041
2453892,1360.8001
2453893,1360.7227
2453894,1360.6104
2453895,1360.4984
2453896,1360.5175
2453897,1360.574
2453898,1360.653
2453899,1360.6798
2453900,1360.7268
2453901,1360.7205
2453902,1360.7075
2453903,1360.6982
2453904,1360.6873
2453905,1360.6915
2453906,1360.6925
2453907,1360.7577
2453908,1360.7628
2453909,1360.7795
2453910,1360.7854
2453911,1360.8026
2453912,1360.8452
2453913,1360.8003
2453914,1360.7941
2453915,1360.7647
2453916,1360.7382
2453917,1360.6678
2453918,1360.5965
2453919,1360.5247
2453920,1360.4807
2453921,1360.4145
2453922,1360.4585
2453923,1360.5528
2453924,1360.6759
2453925,1360.7382
2453926,1360.7202
2453927,1360.6921
2453928,1360.6432
2453929,1360.6428
2453930,1360.6347
2453931,1360.6514
2453932,1360.659
2453933,1360.6569
2453934,1360.5977
2453935,1360.6184
2453936,1360.6236
2453937,1360.6849
2453938,1360.7221
2453939,1360.7523
2453940,1360.7389
2453941,1360.7066
2453942,1360.7587
2453943,1360.7778
2453944,1360.7576
2453945,1360.7763
2453946,1360.7845
2453947,1360.7993
2453948,1360.8346
2453949,1360.8456
2453950,1360.846
2453951,1360.766
2453952,1360.7129
2453953,1360.6456
2453954,1360.5788
2453955,1360.5966
2453956,1360.6533
2453957,1360.6703
2453958,1360.6333
2453959,1360.4119
2453960,1360.2757
2453961,1360.1442
2453962,1360.0799
2453963,1360.0913
2453964,1360.1381
2453965,1360.2746
2453966,1360.4691
2453967,1360.6127
2453968,1360.7694
2453969,1360.8246
2453970,1360.7564
2453971,1360.671
2453972,1360.6077
2453973,1360.5177
2453974,1360.4773
2453975,1360.4759
2453976,1360.5509
2453977,1360.6966
2453978,1360.7161
2453979,1360.6561
2453980,1360.6218
2453981,1360.5874
2453982,1360.6184
2453983,1360.6774
2453984,1360.7438
2453985,1360.7605
2453986,1360.758
2453987,1360.6793
2453988,1360.6421
2453989,1360.62
2453990,1360.6427
2453991,1360.6725
2453992,1360.723
2453993,1360.7314
2453994,1360.7305
2453995,1360.7504
2453996,1360.767
2453997,1360.7351
2453998,1360.7279
2453999,1360.7268
2454000,1360.7292
2454001,1360.6945
2454002,1360.6845
2454003,1360.68
2454004,1360.6854
2454005,1360.6484
2454006,1360.6163
2454007,1360.5804
2454008,1360.5871
2454009,1360.6327
2454010,1360.6585
2454011,1360.6864
2454012,1360.7125
2454013,1360.7668
2454014,1360.8059
2454015,1360.8205
2454016,1360.8173
2454017,1360.8245
2454018,1360.7925
2454019,1360.7732
2454020,1360.7357
2454021,1360.7073
2454022,1360.7121
2454023,1360.6627
2454024,1360.6364
2454025,1360.6301
2454026,1360.6403
2454027,1360.6348
2454028,1360.6522
2454029,1360.6482
2454030,1360.6217
2454031,1360.5589
2454032,1360.6054
2454033,1360.6058
2454034,1360.6001
2454035,1360.5607
2454036,1360.5682
2454037,1360.6041
2454038,1360.5998
2454039,1360.6323
2454040,1360.6073
2454041,1360.5292
2454042,1360.4481
2454043,1360.4661
2454044,1360.489
2454045,1360.5544
2454046,1360.633
2454047,1360.713
2454048,1360.7283
2454049,1360.6918
2454050,1360.5431
2454051,1360.2972
2454052,1360.1261
2454053,1359.9992
2454054,1359.9544
2454055,1359.9967
2454056,1360.1058
2454057,1360.2883
2454058,1360.4872
2454059,1360.6535
2454060,1360.6996
2454061,1360.6468
2454062,1360.5833
2454063,1360.6114
2454064,1360.5858
2454065,1360.6087
2454066,1360.6291
2454067,1360.6968
2454068,1360.6097
2454069,1360.4971
2454070,1360.4244
2454071,1360.4064
2454072,1360.3958
2454073,1360.4817
2454074,1360.5734
2454075,1360.6716
2454076,1360.6942
2454077,1360.6291
2454078,1360.4987
2454079,1360.3128
2454080,1360.1593
2454081,1360.0435
2454082,1360.0184
2454083,1360.1414
2454084,1360.3334
2454085,1360.5043
2454086,1360.5894
2454087,1360.5884
2454088,1360.5453
2454089,1360.5285
2454090,1360.5576
2454091,1360.5486
2454092,1360.5717
2454093,1360.6296
2454094,1360.6805
2454095,1360.6994
2454096,1360.6716
2454097,1360.6665
2454098,1360.6634
2454099,1360.6626
2454100,1360.6716
2454101,1360.722
2454102,1360.7327
2454103,1360.6608
2454104,1360.5004
2454105,1360.4202
2454106,1360.3124
2454107,1360.2762
2454108,1360.3099
2454109,1360.354
2454110,1360.4293
2454111,1360.534
2454112,1360.5935
2454113,1360.6227
2454114,1360.6833
2454115,1360.693
2454116,1360.6545
2454117,1360.616
2454118,1360.6012
2454119,1360.6046
2454120,1360.6517
2454121,1360.6504
2454122,1360.6291
2454123,1360.632
2454124,1360.6354
2454125,1360.6619
2454126,1360.6184
2454127,1360.5906
2454128,1360.6107
2454129,1360.5915
2454130,1360.5406
2454131,1360.4301
2454132,1360.3422
2454133,1360.2633
2454134,1360.2396
2454135,1360.2989
2454136,1360.4127
2454137,1360.5052
2454138,1360.587
2454139,1360.6066
2454140,1360.5941
2454141,1360.5839
2454142,1360.6033
2454143,1360.6133
2454144,1360.6022
2454145,1360.5987
2454146,1360.6173
2454147,1360.6059
2454148,1360.6542
2454149,1360.6868
2454150,1360.6846
2454151,1360.6464
2454152,1360.6309
2454153,1360.5752
2454154,1360.6154
2454155,1360.6574
2454156,1360.6692
2454157,1360.6569
2454158,1360.6366
2454159,1360.6155
2454160,1360.5815
2454161,1360.587
2454162,1360.5768
2454163,1360.6039
2454164,1360.6283
2454165,1360.6656
2454166,1360.6351
2454167,1360.6127
2454168,1360.5969
2454169,1360.5739
2454170,1360.5609
2454171,1360.553
2454172,1360.5572
2454173,1360.5518
2454174,1360.5564
2454175,1360.5364
2454176,1360.5464
2454177,1360.5526
2454178,1360.5665
2454179,1360.5715
2454180,1360.5835
2454181,1360.6295
2454182,1360.6403
2454183,1360.6771
2454184,1360.7011
2454185,1360.6864
2454186,1360.6665
2454187,1360.6963
2454188,1360.7388
2454189,1360.7313
2454190,1360.7472
2454191,1360.7314
2454192,1360.663
2454193,1360.6406
2454194,1360.6055
2454195,1360.6147
2454196,1360.5941
2454197,1360.5913
2454198,1360.5978
2454199,1360.5668
2454200,1360.5721
2454201,1360.5515
2454202,1360.5393
2454203,1360.5575
2454204,1360.5758
2454205,1360.5523
2454206,1360.5812
2454207,1360.5642
2454208,1360.5537
2454209,1360.5726
2454210,1360.5627
2454211,1360.5769
2454212,1360.5638
2454213,1360.5703
2454214,1360.5891
2454215,1360.6085
2454216,1360.6369
2454217,1360.6119
2454218,1360.5788
2454219,1360.4712
2454220,1360.3766
2454221,1360.2334
2454222,1360.2167
2454223,1360.2635
2454224,1360.3555
2454225,1360.4461
2454226,1360.5453
2454227,1360.6023
2454228,1360.5975
2454229,1360.5549
2454230,1360.5062
2454231,1360.5024
2454232,1360.5141
2454233,1360.5596
2454234,1360.5829
2454235,1360.6057
2454236,1360.6013
2454237,1360.5969
2454238,1360.5925
2454239,1360.5882
2454240,1360.5838
2454241,1360.5794
2454242,1360.575
2454243,1360.6743
2454244,1360.7136
2454245,1360.7513
2454246,1360.6893
2454247,1360.6179
2454248,1360.6071
2454249,1360.6132
2454250,1360.6569
2454251,1360.6691
2454252,1360.6699
2454253,1360.6638
2454254,1360.6594
2454255,1360.6037
2454256,1360.5337
2454257,1360.496
2454258,1360.5354
2454259,1360.5698
2454260,1360.6484
2454261,1360.7225
2454262,1360.7588
2454263,1360.7735
2454264,1360.745
2454265,1360.7027
2454266,1360.58
2454267,1360.5793
2454268,1360.5917
2454269,1360.5887
2454270,1360.5761
2454271,1360.561
2454272,1360.5615
2454273,1360.547
2454274,1360.5436
2454275,1360.5326
2454276,1360.5249
2454277,1360.5043
2454278,1360.5467
2454279,1360.5232
2454280,1360.5385
2454281,1360.5778
2454282,1360.5609
2454283,1360.5494
2454284,1360.5522
2454285,1360.6033
2454286,1360.6591
2454287,1360.6725
2454288,1360.6945
2454289,1360.7166
2454290,1360.676
2454291,1360.5382
2454292,1360.3873
2454293,1360.287
2454294,1360.2757
2454295,1360.3444
2454296,1360.4238
2454297,1360.4998
2454298,1360.5448
2454299,1360.6222
2454300,1360.6467
2454301,1360.636
2454302,1360.5887
2454303,1360.545
2454304,1360.5272
2454305,1360.5406
2454306,1360.5662
2454307,1360.586
2454308,1360.6134
2454309,1360.6374
2454310,1360.6517
2454311,1360.6345
2454312,1360.6526
2454313,1360.6565
2454314,1360.648
2454315,1360.6541
2454316,1360.6846
2454317,1360.6785
2454318,1360.6338
2454319,1360.5888
2454320,1360.591
2454321,1360.5564
2454322,1360.5439
2454323,1360.5877
2454324,1360.597
2454325,1360.608
2454326,1360.6127
2454327,1360.6279
2454328,1360.5817
2454329,1360.5731
2454330,1360.5446
2454331,1360.5486
2454332,1360.5424
2454333,1360.5598
2454334,1360.5577
2454335,1360.5893
2454336,1360.5696
2454337,1360.5752
2454338,1360.5415
2454339,1360.5365
2454340,1360.513
2454341,1360.5254
2454342,1360.5477
2454343,1360.5698
2454344,1360.6119
2454345,1360.5862
2454346,1360.5283
2454347,1360.4908
2454348,1360.5235
2454349,1360.5397
2454350,1360.5306
2454351,1360.5021
2454352,1360.4874
2454353,1360.4891
2454354,1360.5186
2454355,1360.4927
2454356,1360.5232
2454357,1360.5267
2454358,1360.4972
2454359,1360.5351
2454360,1360.5404
2454361,1360.5443
2454362,1360.5804
2454363,1360.5933
2454364,1360.5833
2454365,1360.6045
2454366,1360.615
2454367,1360.5943
2454368,1360.5959
2454369,1360.5884
2454370,1360.5822
2454371,1360.5732
2454372,1360.5491
2454373,1360.5385
2454374,1360.526
2454375,1360.5292
2454376,1360.5249
2454377,1360.5006
2454378,1360.5104
2454379,1360.486
2454380,1360.4892
2454381,1360.5193
2454382,1360.5341
2454383,1360.5491
2454384,1360.5122
2454385,1360.5682
2454386,1360.5763
2454387,1360.5587
2454388,1360.5736
2454389,1360.5498
2454390,1360.5836
2454391,1360.6011
2454392,1360.5792
2454393,1360.5928
2454394,1360.6008
2454395,1360.621
2454396,1360.5902
2454397,1360.5908
2454398,1360.5547
2454399,1360.5318
2454400,1360.5491
2454401,1360.5258
2454402,1360.4985
2454403,1360.4965
2454404,1360.4884
2454405,1360.4902
2454406,1360.4761
2454407,1360.4934
2454408,1360.4901
2454409,1360.4754
2454410,1360.4808
2454411,1360.5092
2454412,1360.5128
2454413,1360.4974
2454414,1360.4972
2454415,1360.5405
2454416,1360.5184
2454417,1360.5232
2454418,1360.5512
2454419,1360.5556
2454420,1360.5621
2454421,1360.5608
2454422,1360.5789
2454423,1360.5781
2454424,1360.5535
2454425,1360.5464
2454426,1360.5402
2454427,1360.528
2454428,1360.4868
2454429,1360.5075
2454430,1360.519
2454431,1360.5261
2454432,1360.5227
2454433,1360.5339
2454434,1360.5174
2454435,1360.5404
2454436,1360.5261
2454437,1360.5397
2454438,1360.56
2454439,1360.5526
2454440,1360.5651
2454441,1360.6128
2454442,1360.6061
2454443,1360.6012
2454444,1360.505
2454445,1360.4555
2454446,1360.4355
2454447,1360.3973
2454448,1360.3537
2454449,1360.5561
2454450,1360.7024
2454451,1360.7518
2454452,1360.6876
2454453,1360.5536
2454454,1360.5393
2454455,1360.5253
2454456,1360.5108
2454457,1360.5044
2454458,1360.4816
2454459,1360.4853
2454460,1360.5052
2454461,1360.5263
2454462,1360.4896
2454463,1360.5013
2454464,1360.4944
2454465,1360.4824
2454466,1360.5141
2454467,1360.5891
2454468,1360.6788
2454469,1360.7274
2454470,1360.7644
2454471,1360.7722
2454472,1360.732
2454473,1360.7
2454474,1360.7134
2454475,1360.7147
2454476,1360.7366
2454477,1360.7161
2454478,1360.7053
2454479,1360.6309
2454480,1360.5491
2454481,1360.4949
2454482,1360.5029
2454483,1360.5025
2454484,1360.5229
2454485,1360.4948
2454486,1360.4786
2454487,1360.4946
2454488,1360.483
2454489,1360.4971
2454490,1360.5137
2454491,1360.5027
2454492,1360.501
2454493,1360.523
2454494,1360.5594
2454495,1360.6145
2454496,1360.624
2454497,1360.624
2454498,1360.6457
2454499,1360.6519
2454500,1360.6501
2454501,1360.6384
2454502,1360.6661
2454503,1360.6438
2454504,1360.6584
2454505,1360.6133
2454506,1360.5645
2454507,1360.53
2454508,1360.5138
2454509,1360.4815
2454510,1360.4858
2454511,1360.4831
2454512,1360.4819
2454513,1360.4494
2454514,1360.4571
2454515,1360.4842
2454516,1360.5098
2454517,1360.4954
2454518,1360.5049
2454519,1360.5083
2454520,1360.5136
2454521,1360.5544
2454522,1360.5905
2454523,1360.5939
2454524,1360.6071
2454525,1360.6161
2454526,1360.588
2454527,1360.5754
2454528,1360.5932
2454529,1360.5871
2454530,1360.5911
2454531,1360.5872
2454532,1360.579
2454533,1360.552
2454534,1360.5116
2454535,1360.5006
2454536,1360.4988
2454537,1360.484
2454538,1360.4791
2454539,1360.4932
2454540,1360.4995
2454541,1360.4859
2454542,1360.4973
2454543,1360.5214
2454544,1360.5136
2454545,1360.4809
2454546,1360.4861
2454547,1360.5057
2454548,1360.5696
2454549,1360.5669
2454550,1360.5512
2454551,1360.3813
2454552,1360.2975
2454553,1360.2983
2454554,1360.3313
2454555,1360.4325
2454556,1360.5143
2454557,1360.5961
2454558,1360.6594
2454559,1360.6545
2454560,1360.6285
2454561,1360.5841
2454562,1360.5607
2454563,1360.5259
2454564,1360.4923
2454565,1360.4938
2454566,1360.5034
2454567,1360.4867
2454568,1360.469
2454569,1360.4873
2454570,1360.4975
2454571,1360.5002
2454572,1360.4973
2454573,1360.5427
2454574,1360.5475
2454575,1360.5794
2454576,1360.5979
2454577,1360.6222
2454578,1360.6532
2454579,1360.6746
2454580,1360.7107
2454581,1360.722
2454582,1360.6932
2454583,1360.6625
2454584,1360.6359
2454585,1360.6498
2454586,1360.6071
2454587,1360.5791
2454588,1360.5555
2454589,1360.5022
2454590,1360.4696
2454591,1360.471
2454592,1360.4777
2454593,1360.4757
2454594,1360.4722
2454595,1360.4789
2454596,1360.4832
2454597,1360.5047
2454598,1360.5033
2454599,1360.5037
2454600,1360.5254
2454601,1360.5534
2454602,1360.6138
2454603,1360.6447
2454604,1360.6213
2454605,1360.6254
2454606,1360.6148
2454607,1360.6573
2454608,1360.6609
2454609,1360.6675
2454610,1360.6392
2454611,1360.622
2454612,1360.5861
2454613,1360.5563
2454614,1360.5188
2454615,1360.5125
2454616,1360.5046
2454617,1360.4934
2454618,1360.4611
2454619,1360.4595
2454620,1360.4627
2454621,1360.4677
2454622,1360.4609
2454623,1360.4634
2454624,1360.4762
2454625,1360.4789
2454626,1360.4694
2454627,1360.4934
2454628,1360.4872
2454629,1360.5032
2454630,1360.5401
2454631,1360.5756
2454632,1360.5781
2454633,1360.5949
2454634,1360.6159
2454635,1360.6248
2454636,1360.6056
2454637,1360.5836
2454638,1360.5518
2454639,1360.5544
2454640,1360.5486
2454641,1360.5309
2454642,1360.5233
2454643,1360.4929
2454644,1360.4868
2454645,1360.4846
2454646,1360.4625
2454647,1360.4595
2454648,1360.4676
2454649,1360.4696
2454650,1360.4811
2454651,1360.4563
2454652,1360.4562
2454653,1360.4868
2454654,1360.4966
2454655,1360.5043
2454656,1360.5028
2454657,1360.4887
2454658,1360.4957
2454659,1360.514
2454660,1360.5086
2454661,1360.5358
2454662,1360.5663
2454663,1360.543
2454664,1360.5324
2454665,1360.5143
2454666,1360.5292
2454667,1360.5272
2454668,1360.5257
2454669,1360.5019
2454670,1360.4856
2454671,1360.4961
2454672,1360.4907
2454673,1360.448
2454674,1360.4361
2454675,1360.4438
2454676,1360.4469
2454677,1360.4818
2454678,1360.501
2454679,1360.4703
2454680,1360.5074
2454681,1360.5245
2454682,1360.5311
2454683,1360.5041
2454684,1360.5304
2454685,1360.5333
2454686,1360.5209
2454687,1360.5399
2454688,1360.5558
2454689,1360.5518
2454690,1360.5335
2454691,1360.5146
2454692,1360.5123
2454693,1360.5065
2454694,1360.5141
2454695,1360.516
2454696,1360.5189
2454697,1360.4957
2454698,1360.5092
2454699,1360.4832
2454700,1360.4745
2454701,1360.4794
2454702,1360.4835
2454703,1360.4604
2454704,1360.4678
2454705,1360.4836
2454706,1360.4911
2454707,1360.4783
2454708,1360.493
2454709,1360.498
2454710,1360.5147
2454711,1360.5047
2454712,1360.4955
2454713,1360.5359
2454714,1360.5188
2454715,1360.5226
2454716,1360.5522
2454717,1360.5307
2454718,1360.5343
2454719,1360.5344
2454720,1360.5238
2454721,1360.5163
2454722,1360.4964
2454723,1360.4746
2454724,1360.4627
2454725,1360.461
2454726,1360.4753
2454727,1360.4709
2454728,1360.4924
2454729,1360.4676
2454730,1360.4805
2454731,1360.457
2454732,1360.4935
2454733,1360.5344
2454734,1360.5439
2454735,1360.5598
2454736,1360.5258
2454737,1360.5008
2454738,1360.5331
2454739,1360.5198
2454740,1360.5078
2454741,1360.5193
2454742,1360.5248
2454743,1360.5312
2454744,1360.5293
2454745,1360.5268
2454746,1360.5388
2454747,1360.5075
2454748,1360.512
2454749,1360.5202
2454750,1360.5281
2454751,1360.5098
2454752,1360.5177
2454753,1360.5414
2454754,1360.5383
2454755,1360.5516
2454756,1360.5695
2454757,1360.5527
2454758,1360.5489
2454759,1360.548
2454760,1360.5389
2454761,1360.5142
2454762,1360.5342
2454763,1360.5443
2454764,1360.5305
2454765,1360.5416
2454766,1360.5189
2454767,1360.5043
2454768,1360.5284
2454769,1360.5359
2454770,1360.5457
2454771,1360.5382
2454772,1360.5439
2454773,1360.4801
2454774,1360.4926
2454775,1360.558
2454776,1360.56
2454777,1360.5702
2454778,1360.5419
2454779,1360.5443
2454780,1360.558
2454781,1360.5363
2454782,1360.5047
2454783,1360.5164
2454784,1360.526
2454785,1360.5566
2454786,1360.563
2454787,1360.5394
2454788,1360.5167
2454789,1360.5106
2454790,1360.4883
2454791,1360.4742
2454792,1360.4725
2454793,1360.4938
2454794,1360.5027
2454795,1360.5063
2454796,1360.5148
2454797,1360.5143
2454798,1360.5315
2454799,1360.4993
2454800,1360.4939
2454801,1360.5089
2454802,1360.5282
2454803,1360.5089
2454804,1360.5293
2454805,1360.5142
2454806,1360.537
2454807,1360.5155
2454808,1360.4935
2454809,1360.4828
2454810,1360.5028
2454811,1360.4911
2454812,1360.4899
2454813,1360.5152
2454814,1360.4932
2454815,1360.5093
2454816,1360.4919
2454817,1360.5128
2454818,1360.5138
2454819,1360.523
2454820,1360.5306
2454821,1360.5099
2454822,1360.5114
2454823,1360.4907
2454824,1360.5215
2454825,1360.5328
2454826,1360.5576
2454827,1360.5711
2454828,1360.5529
2454829,1360.5652
2454830,1360.5801
2454831,1360.5525
2454832,1360.5295
2454833,1360.5222
2454834,1360.5401
2454835,1360.5373
2454836,1360.5392
2454837,1360.5411
2454838,1360.543
2454839,1360.5449
2454840,1360.5468
2454841,1360.5487
2454842,1360.5506
2454843,1360.5525
2454844,1360.5544
2454845,1360.5563
2454846,1360.5266
2454847,1360.5347
2454848,1360.5507
2454849,1360.5756
2454850,1360.5756
2454851,1360.5618
2454852,1360.5517
2454853,1360.5407
2454854,1360.5163
2454855,1360.5366
2454856,1360.5347
2454857,1360.5398
2454858,1360.5395
2454859,1360.5206
2454860,1360.505
2454861,1360.4991
2454862,1360.4806
2454863,1360.4853
2454864,1360.5043
2454865,1360.518
2454866,1360.5359
2454867,1360.522
2454868,1360.5103
2454869,1360.5397
2454870,1360.541
2454871,1360.5319
2454872,1360.5296
2454873,1360.5305
2454874,1360.543
2454875,1360.5527
2454876,1360.5371
2454877,1360.5561
2454878,1360.5418
2454879,1360.5584
2454880,1360.5503
2454881,1360.5527
2454882,1360.5338
2454883,1360.5405
2454884,1360.5273
2454885,1360.5293
2454886,1360.492
2454887,1360.4892
2454888,1360.5017
2454889,1360.4895
2454890,1360.4937
2454891,1360.5369
2454892,1360.5176
2454893,1360.4989
2454894,1360.5053
2454895,1360.4977
2454896,1360.5312
2454897,1360.5281
2454898,1360.4973
2454899,1360.5497
2454900,1360.5303
2454901,1360.5297
2454902,1360.5323
2454903,1360.5236
2454904,1360.5158
2454905,1360.5252
2454906,1360.5315
2454907,1360.5305
2454908,1360.5151
2454909,1360.5337
2454910,1360.5057
2454911,1360.4861
2454912,1360.5155
2454913,1360.5262
2454914,1360.529
2454915,1360.5173
2454916,1360.507
2454917,1360.4906
2454918,1360.513
2454919,1360.5202
2454920,1360.5263
2454921,1360.5107
2454922,1360.5446
2454923,1360.5272
2454924,1360.5087
2454925,1360.5141
2454926,1360.4972
2454927,1360.5136
2454928,1360.5475
2454929,1360.5355
2454930,1360.5244
2454931,1360.5153
2454932,1360.5294
2454933,1360.5259
2454934,1360.5153
2454935,1360.5034
2454936,1360.5003
2454937,1360.5082
2454938,1360.4913
2454939,1360.5206
2454940,1360.5133
2454941,1360.4887
2454942,1360.4858
2454943,1360.4817
2454944,1360.4969
2454945,1360.4964
2454946,1360.4885
2454947,1360.4782
2454948,1360.4841
2454949,1360.487
2454950,1360.4983
2454951,1360.481
2454952,1360.5113
2454953,1360.5146
2454954,1360.506
2454955,1360.5242
2454956,1360.5199
2454957,1360.5111
2454958,1360.5182
2454959,1360.5199
2454960,1360.5467
2454961,1360.5764
2454962,1360.6489
2454963,1360.655
2454964,1360.6815
2454965,1360.654
2454966,1360.6074
2454967,1360.6318
2454968,1360.6543
2454969,1360.6697
2454970,1360.6845
2454971,1360.6682
2454972,1360.6237
2454973,1360.5893
2454974,1360.597
2454975,1360.5672
2454976,1360.5642
2454977,1360.5696
2454978,1360.5508
2454979,1360.5158
2454980,1360.5078
2454981,1360.5283
2454982,1360.507
2454983,1360.4975
2454984,1360.4866
2454985,1360.4883
2454986,1360.5359
2454987,1360.554
2454988,1360.5783
2454989,1360.5945
2454990,1360.6074
2454991,1360.6284
2454992,1360.6186
2454993,1360.5828
2454994,1360.571
2454995,1360.5572
2454996,1360.5863
2454997,1360.575
2454998,1360.5724
2454999,1360.5482
2455000,1360.5329
2455001,1360.5244
2455002,1360.5075
2455003,1360.4971
2455004,1360.4971
2455005,1360.5094
2455006,1360.5011
2455007,1360.5191
2455008,1360.5249
2455009,1360.5601
2455010,1360.552
2455011,1360.526
2455012,1360.528
2455013,1360.5551
2455014,1360.5638
2455015,1360.5405
2455016,1360.5312
2455017,1360.4869
2455018,1360.4541
2455019,1360.4756
2455020,1360.5269
2455021,1360.5508
2455022,1360.5921
2455023,1360.5774
2455024,1360.5676
2455025,1360.5557
2455026,1360.5572
2455027,1360.5055
2455028,1360.5324
2455029,1360.5078
2455030,1360.4998
2455031,1360.5046
2455032,1360.538
2455033,1360.5314
2455034,1360.5221
2455035,1360.5095
2455036,1360.5198
2455037,1360.5233
2455038,1360.5481
2455039,1360.5237
2455040,1360.5606
2455041,1360.5681
2455042,1360.5744
2455043,1360.5881
2455044,1360.5916
2455045,1360.5859
2455046,1360.5761
2455047,1360.5798
2455048,1360.5604
2455049,1360.5313
2455050,1360.5315
2455051,1360.5056
2455052,1360.4778
2455053,1360.4854
2455054,1360.4864
2455055,1360.4732
2455056,1360.4882
2455057,1360.4923
2455058,1360.483
2455059,1360.465
2455060,1360.4868
2455061,1360.5012
2455062,1360.4932
2455063,1360.5069
2455064,1360.5252
2455065,1360.5076
2455066,1360.4741
2455067,1360.5185
2455068,1360.55
2455069,1360.5593
2455070,1360.5771
2455071,1360.5835
2455072,1360.589
2455073,1360.5934
2455074,1360.5699
2455075,1360.556
2455076,1360.5767
2455077,1360.594
2455078,1360.5617
2455079,1360.5256
2455080,1360.5111
2455081,1360.5101
2455082,1360.5133
2455083,1360.5073
2455084,1360.5108
2455085,1360.4908
2455086,1360.4682
2455087,1360.4859
2455088,1360.4801
2455089,1360.5018
2455090,1360.4933
2455091,1360.5072
2455092,1360.5077
2455093,1360.489
2455094,1360.5146
2455095,1360.5218
2455096,1360.5557
2455097,1360.595
2455098,1360.5828
2455099,1360.6035
2455100,1360.6075
2455101,1360.6359
2455102,1360.6478
2455103,1360.6543
2455104,1360.6686
2455105,1360.6737
2455106,1360.6323
2455107,1360.6275
2455108,1360.5912
2455109,1360.549
2455110,1360.5253
2455111,1360.4986
2455112,1360.4961
2455113,1360.4902
2455114,1360.5002
2455115,1360.4974
2455116,1360.5261
2455117,1360.5799
2455118,1360.554
2455119,1360.5523
2455120,1360.5567
2455121,1360.5611
2455122,1360.5655
2455123,1360.548
2455124,1360.6073
2455125,1360.6376
2455126,1360.6494
2455127,1360.651
2455128,1360.6706
2455129,1360.6432
2455130,1360.5928
2455131,1360.562
2455132,1360.4837
2455133,1360.5534
2455134,1360.5696
2455135,1360.5901
2455136,1360.5529
2455137,1360.5253
2455138,1360.5059
2455139,1360.5142
2455140,1360.5118
2455141,1360.5059
2455142,1360.5044
2455143,1360.5214
2455144,1360.5222
2455145,1360.5406
2455146,1360.5761
2455147,1360.5855
2455148,1360.568
2455149,1360.5607
2455150,1360.6084
2455151,1360.7003
2455152,1360.7206
2455153,1360.7542
2455154,1360.7351
2455155,1360.7312
2455156,1360.7386
2455157,1360.7482
2455158,1360.7818
2455159,1360.7559
2455160,1360.7402
2455161,1360.7519
2455162,1360.6857
2455163,1360.6149
2455164,1360.5849
2455165,1360.5557
2455166,1360.5659
2455167,1360.5558
2455168,1360.5507
2455169,1360.533
2455170,1360.5469
2455171,1360.5336
2455172,1360.5171
2455173,1360.5189
2455174,1360.5512
2455175,1360.5776
2455176,1360.5824
2455177,1360.6101
2455178,1360.6336
2455179,1360.6777
2455180,1360.6437
2455181,1360.57
2455182,1360.5497
2455183,1360.4649
2455184,1360.5979
2455185,1360.7213
2455186,1360.7543
2455187,1360.746
2455188,1360.7233
2455189,1360.7059
2455190,1360.71
2455191,1360.6533
2455192,1360.6326
2455193,1360.5842
2455194,1360.571
2455195,1360.5145
2455196,1360.4904
2455197,1360.4084
2455198,1360.4849
2455199,1360.5194
2455200,1360.5935
2455201,1360.6068
2455202,1360.6076
2455203,1360.5985
2455204,1360.6299
2455205,1360.7261
2455206,1360.7588
2455207,1360.7616
2455208,1360.6843
2455209,1360.5706
2455210,1360.5749
2455211,1360.6198
2455212,1360.7626
2455213,1360.8808
2455214,1360.8906
2455215,1360.8055
2455216,1360.6918
2455217,1360.6891
2455218,1360.7051
2455219,1360.6997
2455220,1360.6268
2455221,1360.6268
2455222,1360.6583
2455223,1360.6762
2455224,1360.659
2455225,1360.6783
2455226,1360.7088
2455227,1360.72
2455228,1360.6578
2455229,1360.6208
2455230,1360.5913
2455231,1360.5921
2455232,1360.6506
2455233,1360.7367
2455234,1360.6675
2455235,1360.5847
2455236,1360.613
2455237,1360.77
2455238,1360.8141
2455239,1360.879
2455240,1360.953
2455241,1360.9375
2455242,1360.969
2455243,1360.962
2455244,1360.9716
2455245,1360.9387
2455246,1360.9221
2455247,1360.9173
2455248,1360.8854
2455249,1360.8865
2455250,1360.8931
2455251,1360.8574
2455252,1360.822
2455253,1360.7818
2455254,1360.7619
2455255,1360.7263
2455256,1360.6856
2455257,1360.6614
2455258,1360.7136
2455259,1360.7806
2455260,1360.7937
2455261,1360.7702
2455262,1360.7532
2455263,1360.7816
2455264,1360.8163
2455265,1360.8453
2455266,1360.8924
2455267,1360.8809
2455268,1360.7903
2455269,1360.6589
2455270,1360.6706
2455271,1360.766
2455272,1360.8726
2455273,1360.9285
2455274,1360.9634
2455275,1360.9535
2455276,1360.8892
2455277,1360.8378
2455278,1360.8837
2455279,1360.8732
2455280,1360.7937
2455281,1360.689
2455282,1360.542
2455283,1360.4121
2455284,1360.394
2455285,1360.4191
2455286,1360.5163
2455287,1360.6141
2455288,1360.6658
2455289,1360.6753
2455290,1360.7532
2455291,1360.7694
2455292,1360.7966
2455293,1360.8036
2455294,1360.8725
2455295,1360.886
2455296,1360.8856
2455297,1360.8639
2455298,1360.836
2455299,1360.832
2455300,1360.817
2455301,1360.8118
2455302,1360.8049
2455303,1360.7822
2455304,1360.7551
2455305,1360.7649
2455306,1360.7937
2455307,1360.8348
2455308,1360.8702
2455309,1360.8267
2455310,1360.8142
2455311,1360.785
2455312,1360.8121
2455313,1360.8822
2455314,1360.8902
2455315,1360.8955
2455316,1360.9114
2455317,1360.889
2455318,1360.873
2455319,1360.8555
2455320,1360.8806
2455321,1360.9728
2455322,1360.9704
2455323,1360.9457
2455324,1360.928
2455325,1360.8757
2455326,1360.8261
2455327,1360.8117
2455328,1360.7751
2455329,1360.7467
2455330,1360.7085
2455331,1360.6824
2455332,1360.6772
2455333,1360.6664
2455334,1360.7077
2455335,1360.7042
2455336,1360.7119
2455337,1360.6994
2455338,1360.6879
2455339,1360.6202
2455340,1360.6396
2455341,1360.7275
2455342,1360.7673
2455343,1360.8011
2455344,1360.8378
2455345,1360.8463
2455346,1360.8289
2455347,1360.8017
2455348,1360.8492
2455349,1360.8389
2455350,1360.7817
2455351,1360.7379
2455352,1360.7686
2455353,1360.7932
2455354,1360.7701
2455355,1360.7357
2455356,1360.6964
2455357,1360.6712
2455358,1360.6784
2455359,1360.716
2455360,1360.7621
2455361,1360.7655
2455362,1360.7604
2455363,1360.7384
2455364,1360.7881
2455365,1360.7519
2455366,1360.7246
2455367,1360.7133
2455368,1360.6893
2455369,1360.7255
2455370,1360.7981
2455371,1360.846
2455372,1360.8415
2455373,1360.82
2455374,1360.8191
2455375,1360.7863
2455376,1360.7749
2455377,1360.7932
2455378,1360.7822
2455379,1360.7987
2455380,1360.7861
2455381,1360.7619
2455382,1360.732
2455383,1360.713
2455384,1360.7177
2455385,1360.7401
2455386,1360.7734
2455387,1360.8226
2455388,1360.8805
2455389,1360.8381
2455390,1360.8137
2455391,1360.8029
2455392,1360.7735
2455393,1360.7765
2455394,1360.8111
2455395,1360.8746
2455396,1360.9335
2455397,1360.9834
2455398,1360.9822
2455399,1360.8377
2455400,1360.7394
2455401,1360.7375
2455402,1360.7687
2455403,1360.815
2455404,1360.9167
2455405,1360.982
2455406,1361.0514
2455407,1361.0507
2455408,1360.9867
2455409,1360.8435
2455410,1360.6599
2455411,1360.5843
2455412,1360.6285
2455413,1360.6918
2455414,1360.7444
2455415,1360.7848
2455416,1360.8227
2455417,1360.8023
2455418,1360.8004
2455419,1360.7908
2455420,1360.8742
2455421,1360.961
2455422,1360.9978
2455423,1360.9506
2455424,1360.9251
2455425,1360.9423
2455426,1360.9498
2455427,1360.9713
2455428,1360.9547
2455429,1360.9139
2455430,1360.8715
2455431,1360.8294
2455432,1360.8331
2455433,1360.8407
2455434,1360.8484
2455435,1360.8386
2455436,1360.7532
2455437,1360.6622
2455438,1360.5918
2455439,1360.5991
2455440,1360.6807
2455441,1360.7815
2455442,1360.8672
2455443,1360.8896
2455444,1360.8684
2455445,1360.892
2455446,1360.9114
2455447,1360.9169
2455448,1360.9215
2455449,1360.8796
2455450,1360.883
2455451,1360.9288
2455452,1360.9983
2455453,1361.0107
2455454,1360.9908
2455455,1360.9433
2455456,1360.9065
2455457,1360.8933
2455458,1360.9319
2455459,1360.9247
2455460,1360.9459
2455461,1360.9503
2455462,1360.9067
2455463,1360.7976
2455464,1360.6652
2455465,1360.6005
2455466,1360.5752
2455467,1360.6106
2455468,1360.6459
2455469,1360.6813
2455470,1360.7167
2455471,1360.7521
2455472,1360.7874
2455473,1360.8228
2455474,1360.8037
2455475,1360.7803
2455476,1360.7796
2455477,1360.748
2455478,1360.7703
2455479,1360.8295
2455480,1360.873
2455481,1360.8596
2455482,1360.8609
2455483,1360.881
2455484,1360.9079
2455485,1360.8964
2455486,1360.8622
2455487,1360.8386
2455488,1360.8819
2455489,1360.9148
2455490,1360.9004
2455491,1360.8089
2455492,1360.8053
2455493,1360.8021
2455494,1360.7332
2455495,1360.6725
2455496,1360.5471
2455497,1360.4765
2455498,1360.462
2455499,1360.5603
2455500,1360.6874
2455501,1360.7717
2455502,1360.7733
2455503,1360.775
2455504,1360.7766
2455505,1360.7783
2455506,1360.8553
2455507,1360.9537
2455508,1360.9602
2455509,1361.0069
2455510,1361.0079
2455511,1360.9694
2455512,1360.9305
2455513,1360.9087
2455514,1360.8929
2455515,1360.8937
2455516,1360.7953
2455517,1360.8338
2455518,1360.8907
2455519,1360.9488
2455520,1360.9362
2455521,1360.901
2455522,1360.8958
2455523,1360.9201
2455524,1360.8977
2455525,1360.8967
2455526,1360.8888
2455527,1360.8653
2455528,1360.8326
2455529,1360.7859
2455530,1360.5978
2455531,1360.5221
2455532,1360.5858
2455533,1360.7308
2455534,1360.8209
2455535,1360.8232
2455536,1360.724
2455537,1360.6586
2455538,1360.5714
2455539,1360.5676
2455540,1360.5412
2455541,1360.6126
2455542,1360.6997
2455543,1360.886
2455544,1361.0161
2455545,1361.081
2455546,1361.0687
2455547,1361.0096
2455548,1360.9526
2455549,1360.9734
2455550,1360.9851
2455551,1360.9689
2455552,1360.9692
2455553,1360.9603
2455554,1360.9291
2455555,1360.8556
2455556,1360.8066
2455557,1360.7518
2455558,1360.7777
2455559,1360.8037
2455560,1360.8296
2455561,1360.8555
2455562,1360.8815
2455563,1360.9074
2455564,1360.8616
2455565,1360.8485
2455566,1360.8251
2455567,1360.8513
2455568,1360.868
2455569,1360.9004
2455570,1360.9464
2455571,1360.9843
2455572,1360.965
2455573,1360.9308
2455574,1360.8755
2455575,1360.8309
2455576,1360.7992
2455577,1360.805
2455578,1360.8441
2455579,1360.8684
2455580,1360.864
2455581,1360.8137
2455582,1360.7466
2455583,1360.6716
2455584,1360.5734
2455585,1360.5499
2455586,1360.6058
2455587,1360.6771
2455588,1360.7492
2455589,1360.7646
2455590,1360.7924
2455591,1360.8214
2455592,1360.8503
2455593,1360.8793
2455594,1360.894
2455595,1360.93
2455596,1360.9495
2455597,1360.9916
2455598,1361.005
2455599,1361.0469
2455600,1361.0681
2455601,1361.0431
2455602,1360.9968
2455603,1360.9781
2455604,1360.9695
2455605,1360.9607
2455606,1360.6813
2455607,1360.5189
2455608,1360.5192
2455609,1360.5362
2455610,1360.5861
2455611,1360.602
2455612,1360.6033
2455613,1360.6088
2455614,1360.6859
2455615,1360.7975
2455616,1360.8404
2455617,1360.7928
2455618,1360.7824
2455619,1360.86
2455620,1360.9238
2455621,1360.9049
2455622,1360.7032
2455623,1360.6298
2455624,1360.6531
2455625,1360.6027
2455626,1360.506
2455627,1360.5926
2455628,1360.6939
2455629,1360.5433
2455630,1360.408
2455631,1360.3194
2455632,1360.4235
2455633,1360.7017
2455634,1360.9909
2455635,1361.1554
2455636,1361.2039
2455637,1361.1702
2455638,1361.0728
2455639,1360.9686
2455640,1360.8608
2455641,1360.84
2455642,1360.7226
2455643,1360.5707
2455644,1360.8879
2455645,1360.909
2455646,1360.8924
2455647,1360.9056
2455648,1360.9399
2455649,1361.0292
2455650,1361.1299
2455651,1361.2051
2455652,1361.3663
2455653,1361.4687
2455654,1361.5761
2455655,1361.538
2455656,1361.4194
2455657,1361.4353
2455658,1361.4346
2455659,1361.416
2455660,1361.3985
2455661,1361.436
2455662,1361.3305
2455663,1361.1937
2455664,1361.0726
2455665,1361.0277
2455666,1360.9367
2455667,1360.7644
2455668,1360.6757
2455669,1360.6699
2455670,1360.686
2455671,1360.6827
2455672,1360.8078
2455673,1360.9881
2455674,1360.9553
2455675,1360.9952
2455676,1361.0059
2455677,1361.0713
2455678,1361.1367
2455679,1361.2447
2455680,1361.3685
2455681,1361.5067
2455682,1361.5135
2455683,1361.4767
2455684,1361.3482
2455685,1361.2937
2455686,1361.2798
2455687,1361.2601
2455688,1361.2352
2455689,1361.253
2455690,1361.2694
2455691,1361.2495
2455692,1361.2378
2455693,1361.2479
2455694,1361.226
2455695,1361.1827
2455696,1361.1315
2455697,1361.0921
2455698,1361.067
2455699,1361.0789
2455700,1361.0908
2455701,1361.1343
2455702,1361.1073
2455703,1361.1021
2455704,1361.1556
2455705,1361.2019
2455706,1361.2005
2455707,1361.1709
2455708,1361.1822
2455709,1361.1025
2455710,1361.0481
2455711,1361.1041
2455712,1361.1038
2455713,1361.1175
2455714,1361.1566
2455715,1361.1099
2455716,1361.0629
2455717,1361.117
2455718,1361.2007
2455719,1361.2714
2455720,1361.3326
2455721,1361.3125
2455722,1361.2336
2455723,1361.1468
2455724,1361.1087
2455725,1361.0993
2455726,1361.0462
2455727,1361.0496
2455728,1361.051
2455729,1361.0013
2455730,1361.0511
2455731,1361.1134
2455732,1361.0863
2455733,1361.0555
2455734,1361.0552
2455735,1361.128
2455736,1361.1887
2455737,1361.3045
2455738,1361.3506
2455739,1361.3419
2455740,1361.2918
2455741,1361.286
2455742,1361.2289
2455743,1361.1212
2455744,1361.0987
2455745,1361.0603
2455746,1361.0307
2455747,1361.0118
2455748,1361.0316
2455749,1361.105
2455750,1361.0951
2455751,1361.0621
2455752,1361.0092
2455753,1360.9588
2455754,1360.983
2455755,1361.1236
2455756,1361.2187
2455757,1361.2576
2455758,1361.2382
2455759,1361.1955
2455760,1361.1715
2455761,1361.1982
2455762,1361.2513
2455763,1361.1934
2455764,1361.1843
2455765,1361.235
2455766,1361.2482
2455767,1361.1854
2455768,1361.1163
2455769,1361.0532
2455770,1360.9768
2455771,1360.8266
2455772,1360.5492
2455773,1360.2487
2455774,1359.977
2455775,1359.7058
2455776,1359.7771
2455777,1360.0435
2455778,1360.3756
2455779,1360.6859
2455780,1360.7522
2455781,1360.8134
2455782,1360.9375
2455783,1361.1032
2455784,1361.2243
2455785,1361.2964
2455786,1361.3256
2455787,1361.2836
2455788,1361.2031
2455789,1361.1963
2455790,1361.2301
2455791,1361.2732
2455792,1361.1337
2455793,1360.9995
2455794,1360.9412
2455795,1360.8752
2455796,1360.8406
2455797,1361.0132
2455798,1361.206
2455799,1361.3896
2455800,1361.4579
2455801,1361.3612
2455802,1361.2106
2455803,1361.1248
2455804,1361.1751
2455805,1361.0908
2455806,1361.0468
2455807,1361.055
2455808,1361.0854
2455809,1361.0627
2455810,1361.0179
2455811,1360.9875
2455812,1360.9869
2455813,1360.9863
2455814,1360.9857
2455815,1360.9852
2455816,1360.9846
2455817,1360.984
2455818,1360.9834
2455819,1360.9828
2455820,1360.923
2455821,1361.0033
2455822,1361.0784
2455823,1361.0825
2455824,1361.2187
2455825,1361.3318
2455826,1361.4697
2455827,1361.4874
2455828,1361.2329
2455829,1360.8665
2455830,1360.5338
2455831,1360.3125
2455832,1360.2743
2455833,1360.3294
2455834,1360.4879
2455835,1360.6439
2455836,1360.7479
2455837,1361.0418
2455838,1361.353
2455839,1361.3702
2455840,1361.3496
2455841,1361.257
2455842,1361.1559
2455843,1361.0739
2455844,1361.1203
2455845,1361.0899
2455846,1361.121
2455847,1361.0693
2455848,1360.9099
2455849,1360.8131
2455850,1360.8447
2455851,1360.7511
2455852,1360.856
2455853,1361.1335
2455854,1361.393
2455855,1361.5977
2455856,1361.4721
2455857,1361.3482
2455858,1361.226
2455859,1361.1182
2455860,1361.0415
2455861,1361.0023
2455862,1361.0084
2455863,1360.945
2455864,1361.027
2455865,1361.1277
2455866,1361.2317
2455867,1361.4373
2455868,1361.4539
2455869,1361.2599
2455870,1360.9278
2455871,1360.5884
2455872,1360.4589
2455873,1360.3838
2455874,1360.5185
2455875,1360.6926
2455876,1360.8978
2455877,1361.2222
2455878,1361.5973
2455879,1361.8515
2455880,1361.8121
2455881,1361.7595
2455882,1361.8108
2455883,1361.8604
2455884,1361.8405
2455885,1361.768
2455886,1361.7054
2455887,1361.6042
2455888,1361.4771
2455889,1361.3611
2455890,1361.2769
2455891,1361.1962
2455892,1361.1543
2455893,1361.2878
2455894,1361.4149
2455895,1361.4629
2455896,1361.4891
2455897,1361.4392
2455898,1361.3513
2455899,1361.2052
2455900,1361.221
2455901,1361.3121
2455902,1361.4461
2455903,1361.6199
2455904,1361.7922
2455905,1361.8073
2455906,1361.7061
2455907,1361.6668
2455908,1361.668
2455909,1361.6638
2455910,1361.6452
2455911,1361.5827
2455912,1361.5678
2455913,1361.6247
2455914,1361.6253
2455915,1361.563
2455916,1361.5017
2455917,1361.31
2455918,1361.1434
2455919,1361.0993
2455920,1361.1172
2455921,1361.1045
2455922,1361.0088
2455923,1361.0509
2455924,1361.2119
2455925,1361.3636
2455926,1361.4255
2455927,1361.4222
2455928,1361.3176
2455929,1361.2477
2455930,1361.2775
2455931,1361.3279
2455932,1361.4148
2455933,1361.3903
2455934,1361.2453
2455935,1361.1393
2455936,1361.0712
2455937,1361.249
2455938,1361.3655
2455939,1361.4648
2455940,1361.4246
2455941,1361.3946
2455942,1361.4006
2455943,1361.4984
2455944,1361.3951
2455945,1361.1783
2455946,1360.9746
2455947,1360.7567
2455948,1360.8556
2455949,1361.0718
2455950,1361.2906
2455951,1361.4739
2455952,1361.6131
2455953,1361.6112
2455954,1361.5274
2455955,1361.4603
2455956,1361.4759
2455957,1361.4266
2455958,1361.386
2455959,1361.3089
2455960,1361.2719
2455961,1361.3786
2455962,1361.4433
2455963,1361.4817
2455964,1361.4451
2455965,1361.3865
2455966,1361.3065
2455967,1361.2311
2455968,1361.0232
2455969,1360.888
2455970,1360.9853
2455971,1361.1446
2455972,1361.3083
2455973,1361.3529
2455974,1361.3283
2455975,1361.332
2455976,1361.3537
2455977,1361.2943
2455978,1361.0422
2455979,1361.0908
2455980,1361.2179
2455981,1361.3364
2455982,1361.4374
2455983,1361.5534
2455984,1361.6205
2455985,1361.6045
2455986,1361.5217
2455987,1361.5033
2455988,1361.4703
2455989,1361.4315
2455990,1361.417
2455991,1361.2757
2455992,1360.7932
2455993,1360.3405
2455994,1359.9926
2455995,1360.0718
2455996,1360.3412
2455997,1360.6684
2455998,1361.0272
2455999,1361.2683
2456000,1361.2928
2456001,1361.238
2456002,1361.1532
2456003,1361.1414
2456004,1361.1678
2456005,1361.2261
2456006,1361.331
2456007,1361.3658
2456008,1361.3911
2456009,1361.4163
2456010,1361.4142
2456011,1361.4498
2456012,1361.4413
2456013,1361.3711
2456014,1361.3038
2456015,1361.3195
2456016,1361.3254
2456017,1361.3965
2456018,1361.5219
2456019,1361.5227
2456020,1361.4289
2456021,1361.3233
2456022,1361.2494
2456023,1361.2332
2456024,1361.2869
2456025,1361.3644
2456026,1361.3954
2456027,1361.3824
2456028,1361.3784
2456029,1361.3561
2456030,1361.2578
2456031,1361.2152
2456032,1361.2991
2456033,1361.3857
2456034,1361.4965
2456035,1361.4533
2456036,1361.1968
2456037,1360.9069
2456038,1360.6083
2456039,1360.4013
2456040,1360.4362
2456041,1360.6506
2456042,1361.0343
2456043,1361.2981
2456044,1361.4502
2456045,1361.4741
2456046,1361.3997
2456047,1361.3173
2456048,1361.1599
2456049,1361.0305
2456050,1360.9705
2456051,1361.1119
2456052,1361.1762
2456053,1361.2132
2456054,1361.0992
2456055,1361.015
2456056,1360.7809
2456057,1360.4875
2456058,1360.2292
2456059,1360.2168
2456060,1360.5362
2456061,1360.9694
2456062,1361.2749
2456063,1361.3805
2456064,1361.3848
2456065,1361.2238
2456066,1361.0377
2456067,1360.929
2456068,1361.0726
2456069,1361.2737
2456070,1361.4866
2456071,1361.5305
2456072,1361.4271
2456073,1361.4064
2456074,1361.3221
2456075,1361.2616
2456076,1361.1932
2456077,1361.1354
2456078,1361.2206
2456079,1361.3349
2456080,1361.484
2456081,1361.5846
2456082,1361.5163
2456083,1361.2598
2456084,1360.8852
2456085,1360.7787
2456086,1361.1279
2456087,1361.4081
2456088,1361.6973
2456089,1361.8736
2456090,1361.812
2456091,1361.2906
2456092,1360.7625
2456093,1360.4314
2456094,1360.387
2456095,1360.6438
2456096,1360.8989
2456097,1361.1864
2456098,1361.2971
2456099,1361.3124
2456100,1361.2634
2456101,1361.2091
2456102,1361.1808
2456103,1361.1896
2456104,1361.1603
2456105,1361.1122
2456106,1361.088
2456107,1361.0865
2456108,1361.0879
2456109,1360.908
2456110,1360.632
2456111,1360.3833
2456112,1360.3102
2456113,1360.4505
2456114,1360.7468
2456115,1361.1574
2456116,1361.4195
2456117,1361.3214
2456118,1360.7044
2456119,1360.2325
2456120,1360.0518
2456121,1360.0553
2456122,1360.1999
2456123,1360.4578
2456124,1360.9054
2456125,1361.2766
2456126,1361.3327
2456127,1361.1953
2456128,1361.1111
2456129,1361.1093
2456130,1361.0825
2456131,1361.1221
2456132,1361.1634
2456133,1361.2727
2456134,1361.3681
2456135,1361.4583
2456136,1361.5298
2456137,1361.4118
2456138,1361.1993
2456139,1361.022
2456140,1361.0269
2456141,1361.1397
2456142,1361.3887
2456143,1361.5923
2456144,1361.6764
2456145,1361.6189
2456146,1361.5892
2456147,1361.5324
2456148,1361.5137
2456149,1361.4267
2456150,1361.447
2456151,1361.3752
2456152,1361.2936
2456153,1361.1164
2456154,1360.9663
2456155,1360.939
2456156,1360.9997
2456157,1361.0407
2456158,1361.085
2456159,1361.1391
2456160,1361.2123
2456161,1361.2509
2456162,1361.3545
2456163,1361.4133
2456164,1361.3703
2456165,1361.3405
2456166,1361.4112
2456167,1361.492
2456168,1361.5999
2456169,1361.6821
2456170,1361.6083
2456171,1361.5631
2456172,1361.5613
2456173,1361.5675
2456174,1361.4844
2456175,1361.5425
2456176,1361.6401
2456177,1361.6374
2456178,1361.5674
2456179,1361.4341
2456180,1361.4176
2456181,1361.4143
2456182,1361.3062
2456183,1361.1405
2456184,1361.0487
2456185,1360.97
2456186,1360.9728
2456187,1361.0453
2456188,1361.1221
2456189,1361.2547
2456190,1361.4399
2456191,1361.561
2456192,1361.635
2456193,1361.5856
2456194,1361.5178
2456195,1361.5493
2456196,1361.7313
2456197,1361.9013
2456198,1361.8896
2456199,1361.76
2456200,1361.5627
2456201,1361.398
2456202,1361.1924
2456203,1361.1357
2456204,1361.1511
2456205,1361.1484
2456206,1361.1649
2456207,1361.109
2456208,1361.0153
2456209,1360.9622
2456210,1361.005
2456211,1361.147
2456212,1361.1763
2456213,1361.1855
2456214,1361.1826
2456215,1361.1369
2456216,1361.2655
2456217,1361.5224
2456218,1361.6747
2456219,1361.7893
2456220,1361.8052
2456221,1361.778
2456222,1361.663
2456223,1361.5182
2456224,1361.4533
2456225,1361.3386
2456226,1361.2195
2456227,1361.1548
2456228,1361.0856
2456229,1361.0944
2456230,1361.194
2456231,1361.2396
2456232,1361.2391
2456233,1361.2385
2456234,1361.238
2456235,1361.2375
2456236,1361.2369
2456237,1361.2364
2456238,1361.2359
2456239,1361.2354
2456240,1361.2348
2456241,1361.2343
2456242,1361.1752
2456243,1361.1513
2456244,1361.1644
2456245,1361.1891
2456246,1361.2317
2456247,1361.2744
2456248,1361.317
2456249,1361.3596
2456250,1361.4022
2456251,1361.4449
2456252,1361.4875
2456253,1361.4186
2456254,1361.2111
2456255,1361.2602
2456256,1361.3417
2456257,1361.3626
2456258,1361.1829
2456259,1361.0625
2456260,1361.0962
2456261,1361.0752
2456262,1361.0148
2456263,1360.8959
2456264,1360.9167
2456265,1361.0324
2456266,1361.1466
2456267,1361.2374
2456268,1361.3378
2456269,1361.4327
2456270,1361.439
2456271,1361.3784
2456272,1361.3449
2456273,1361.417
2456274,1361.5158
2456275,1361.5475
2456276,1361.5967
2456277,1361.6595
2456278,1361.645
2456279,1361.5306
2456280,1361.3565
2456281,1361.3688
2456282,1361.3812
2456283,1361.3935
2456284,1361.4058
2456285,1361.4182
2456286,1361.4305
2456287,1361.4428
2456288,1361.4551
2456289,1361.4675
2456290,1361.4798
2456291,1361.4103
2456292,1361.2773
2456293,1361.1286
2456294,1361.1569
2456295,1361.2175
2456296,1361.2327
2456297,1361.2036
2456298,1361.1744
2456299,1361.1453
2456300,1361.1161
2456301,1361.087
2456302,1361.0578
2456303,1361.0287
2456304,1360.7915
2456305,1360.6318
2456306,1360.624
2456307,1360.7911
2456308,1360.9547
2456309,1361.1512
2456310,1361.3152
2456311,1361.3731
2456312,1361.3839
2456313,1361.3578
2456314,1361.2346
2456315,1361.2289
2456316,1361.2852
2456317,1361.3411
2456318,1361.3795
2456319,1361.3518
2456320,1361.2666
2456321,1361.2315
2456322,1361.247
2456323,1361.2914
2456324,1361.2794
2456325,1361.2546
2456326,1361.2558
2456327,1361.2177
2456328,1361.3031
2456329,1361.3764
2456330,1361.4602
2456331,1361.5376
2456332,1361.5225
2456333,1361.4271
2456334,1361.3698
2456335,1361.425
2456336,1361.4699
2456337,1361.5148
2456338,1361.4555
2456339,1361.3697
2456340,1361.3129
2456341,1361.2162
2456342,1361.1771
2456343,1360.9871
2456344,1360.93
2456345,1361.0743
2456346,1361.1852
2456347,1361.1942
2456348,1361.2371
2456349,1361.2729
2456350,1361.2422
2456351,1361.2058
2456352,1361.1299
2456353,1361.0953
2456354,1361.2881
2456355,1361.4979
2456356,1361.6557
2456357,1361.7896
2456358,1361.8343
2456359,1361.7473
2456360,1361.6148
2456361,1361.5422
2456362,1361.5158
2456363,1361.5721
2456364,1361.4293
2456365,1361.2347
2456366,1361.0324
2456367,1360.934
2456368,1360.8741
2456369,1360.9228
2456370,1361.0478
2456371,1361.1485
2456372,1361.2183
2456373,1361.2371
2456374,1361.2034
2456375,1361.253
2456376,1361.2825
2456377,1361.269
2456378,1361.2262
2456379,1361.1911
2456380,1361.1954
2456381,1361.1982
2456382,1361.2799
2456383,1361.3747
2456384,1361.4818
2456385,1361.4155
2456386,1361.2412
2456387,1361.1526
2456388,1361.1219
2456389,1361.1815
2456390,1361.3025
2456391,1361.3497
2456392,1361.245
2456393,1361.2528
2456394,1361.1519
2456395,1361.0464
2456396,1361.1917
2456397,1361.2817
2456398,1361.2307
2456399,1361.0609
2456400,1361.0444
2456401,1361.0573
2456402,1361.112
2456403,1360.9751
2456404,1360.7728
2456405,1360.761
2456406,1360.8534
2456407,1361.0169
2456408,1361.261
2456409,1361.3721
2456410,1361.3612
2456411,1361.4246
2456412,1361.394
2456413,1361.2074
2456414,1361.1113
2456415,1361.1866
2456416,1361.2608
2456417,1361.3155
2456418,1361.3561
2456419,1361.3117
2456420,1361.2921
2456421,1361.3369
2456422,1361.4341
2456423,1361.4859
2456424,1361.4659
2456425,1361.2942
2456426,1361.0955
2456427,1360.9992
2456428,1360.9341
2456429,1360.8788
2456430,1361.0678
2456431,1361.3044
2456432,1361.5162
2456433,1361.6997
2456434,1361.7766
2456435,1361.6195
2456436,1361.3213
2456437,1361.1334
2456438,1361.1858
2456439,1361.3264
2456440,1361.5133
2456441,1361.7106
2456442,1361.8704
2456443,1361.9322
2456444,1361.8165
2456445,1361.595
2456446,1361.2853
2456447,1361.1962
2456448,1361.3392
2456449,1361.4919
2456450,1361.5157
2456451,1361.4188
2456452,1361.3722
2456453,1361.4245
2456454,1361.4852
2456455,1361.4812
2456456,1361.4101
2456457,1361.4282
2456458,1361.3758
2456459,1361.5698
2456460,1361.6255
2456461,1361.4947
2456462,1361.2701
2456463,1361.0673
2456464,1361.0239
2456465,1361.0021
2456466,1361.2844
2456467,1361.6744
2456468,1361.8194
2456469,1361.783
2456470,1361.6224
2456471,1361.4476
2456472,1361.3146
2456473,1361.2932
2456474,1361.3006
2456475,1361.3494
2456476,1361.4401
2456477,1361.2979
2456478,1361.0284
2456479,1360.7368
2456480,1360.596
2456481,1360.6049
2456482,1360.6755
2456483,1360.9206
2456484,1361.2659
2456485,1361.5416
2456486,1361.7074
2456487,1361.6605
2456488,1361.5966
2456489,1361.5483
2456490,1361.3814
2456491,1361.3811
2456492,1361.4443
2456493,1361.5439
2456494,1361.5805
2456495,1361.5546
2456496,1361.611
2456497,1361.4812
2456498,1361.3985
2456499,1361.3241
2456500,1361.2815
2456501,1361.2767
2456502,1361.3184
2456503,1361.3308
2456504,1361.2793
2456505,1361.3066
2456506,1361.2928
2456507,1361.2282
2456508,1361.2122
2456509,1361.2371
2456510,1361.2805
2456511,1361.3435
2456512,1361.3681
2456513,1361.3681
2456514,1361.4216
2456515,1361.4714
2456516,1361.3538
2456517,1361.1574
2456518,1361.0438
2456519,1361.0913
2456520,1361.1958
2456521,1361.3189
2456522,1361.4018
2456523,1361.4238
2456524,1361.4506
2456525,1361.4776
2456526,1361.4427
2456527,1361.4156
2456528,1361.4803
2456529,1361.5173
2456530,1361.4774
2456531,1361.4403
2456532,1361.3907
2456533,1361.2824
2456534,1361.1934
2456535,1361.1021
2456536,1361.0482
2456537,1361.0509
2456538,1361.0803
2456539,1361.1815
2456540,1361.2867
2456541,1361.3713
2456542,1361.4242
2456543,1361.4422
2456544,1361.3897
2456545,1361.347
2456546,1361.3927
2456547,1361.3877
2456548,1361.4305
2456549,1361.4217
2456550,1361.3635
2456551,1361.343
2456552,1361.3121
2456553,1361.2774
2456554,1361.2139
2456555,1361.221
2456556,1361.2915
2456557,1361.3023
2456558,1361.2506
2456559,1361.2484
2456560,1361.3004
2456561,1361.2957
2456562,1361.291
2456563,1361.2864
2456564,1361.2817
2456565,1361.277
2456566,1361.2723
2456567,1361.2677
2456568,1361.2708
2456569,1361.2771
2456570,1361.291
2456571,1361.2545
2456572,1361.2254
2456573,1361.232
2456574,1361.2249
2456575,1361.2861
2456576,1361.1693
2456577,1360.9099
2456578,1360.8131
2456579,1360.8773
2456580,1360.9813
2456581,1361.056
2456582,1361.2526
2456583,1361.369
2456584,1361.3609
2456585,1361.3162
2456586,1361.2185
2456587,1360.9515
2456588,1360.6252
2456589,1360.2179
2456590,1360.1761
2456591,1360.3545
2456592,1360.5621
2456593,1360.7302
2456594,1360.8844
2456595,1360.8935
2456596,1360.7373
2456597,1360.6744
2456598,1360.7598
2456599,1360.9906
2456600,1361.1348
2456601,1361.0544
2456602,1360.867
2456603,1360.7559
2456604,1360.6324
2456605,1360.6787
2456606,1360.8098
2456607,1360.9414
2456608,1361.0445
2456609,1361.0935
2456610,1361.099
2456611,1360.8824
2456612,1360.5894
2456613,1360.4837
2456614,1360.5698
2456615,1360.7889
2456616,1361.012
2456617,1361.0628
2456618,1361.1218
2456619,1361.2136
2456620,1361.327
2456621,1361.4183
2456622,1361.3746
2456623,1361.2738
2456624,1361.13
2456625,1360.9801
2456626,1360.968
2456627,1360.9647
2456628,1360.9526
2456629,1361.05
2456630,1361.172
2456631,1361.1933
2456632,1361.3104
2456633,1361.2535
2456634,1361.2865
2456635,1361.3822
2456636,1361.4654
2456637,1361.4456
2456638,1361.3295
2456639,1361.2609
2456640,1361.0636
2456641,1360.9287
2456642,1360.9167
2456643,1361.0738
2456644,1361.0604
2456645,1361.0469
2456646,1361.0335
2456647,1361.0201
2456648,1361.0066
2456649,1360.9932
2456650,1360.9797
2456651,1360.9663
2456652,1360.9529
2456653,1360.9394
2456654,1361.018
2456655,1361.0819
2456656,1361.0698
2456657,1361.076
2456658,1361.0802
2456659,1361.212
2456660,1361.2838
2456661,1361.139
2456662,1360.6615
2456663,1360.0267
2456664,1359.5725
2456665,1359.3496
2456666,1359.475
2456667,1359.9237
2456668,1360.4702
2456669,1360.9111
2456670,1361.2014
2456671,1361.3601
2456672,1361.3018
2456673,1361.2849
2456674,1361.3988
2456675,1361.4396
2456676,1361.37
2456677,1361.2854
2456678,1361.136
2456679,1361.0591
2456680,1361.0308
2456681,1361.006
2456682,1361.0911
2456683,1361.0715
2456684,1361.1617
2456685,1361.2808
2456686,1361.4196
2456687,1361.3929
2456688,1361.1526
2456689,1360.6393
2456690,1359.8757
2456691,1359.2672
2456692,1359.1704
2456693,1359.53
2456694,1359.8898
2456695,1360.4652
2456696,1361.0031
2456697,1361.2679
2456698,1361.1044
2456699,1360.8649
2456700,1360.6498
2456701,1360.4152
2456702,1360.1303
2456703,1360.0197
2456704,1360.1621
2456705,1360.5818
2456706,1360.9305
2456707,1361.0295
2456708,1360.9923
2456709,1360.9631
2456710,1360.8507
2456711,1360.6267
2456712,1360.5264
2456713,1360.7919
2456714,1361.146
2456715,1361.4042
2456716,1361.4543
2456717,1361.2672
2456718,1361.0726
2456719,1360.9902
2456720,1361.0512
2456721,1361.3173
2456722,1361.6106
2456723,1361.775
2456724,1361.7344
2456725,1361.6182
2456726,1361.4462
2456727,1361.2606
2456728,1361.0356
2456729,1360.8904
2456730,1360.9573
2456731,1361.1045
2456732,1361.226
2456733,1361.2739
2456734,1361.3425
2456735,1361.4457
2456736,1361.3971
2456737,1361.3055
2456738,1361.3829
2456739,1361.3778
2456740,1361.3455
2456741,1361.3012
2456742,1361.3643
2456743,1361.5989
2456744,1361.677
2456745,1361.7457
2456746,1361.7915
2456747,1361.8043
2456748,1361.6971
2456749,1361.4058
2456750,1361.2534
2456751,1361.0168
2456752,1360.9453
2456753,1361.1246
2456754,1361.3257
2456755,1361.4209
2456756,1361.4099
2456757,1361.5181
2456758,1361.5575
2456759,1361.4171
2456760,1361.2986
2456761,1361.1928
2456762,1360.9805
2456763,1360.6219
2456764,1360.4417
2456765,1360.5243
2456766,1360.7113
2456767,1361.1476
2456768,1361.543
2456769,1361.6732
2456770,1361.5298
2456771,1361.4587
2456772,1361.4178
2456773,1361.4782
2456774,1361.495
2456775,1361.5042
2456776,1361.4547
2456777,1361.2678
2456778,1361.0403
2456779,1360.8098
2456780,1360.496
2456781,1360.5761
2456782,1360.9419
2456783,1361.1471
2456784,1361.2332
2456785,1361.1664
2456786,1361.0576
2456787,1360.9391
2456788,1360.8029
2456789,1360.7841
2456790,1360.8215
2456791,1360.9839
2456792,1361.1431
2456793,1361.42
2456794,1361.636
2456795,1361.6837
2456796,1361.6563
2456797,1361.5168
2456798,1361.4667
2456799,1361.3893
2456800,1361.4084
2456801,1361.3449
2456802,1361.2721
2456803,1361.2874
2456804,1361.3193
2456805,1361.2389
2456806,1361.2094
2456807,1361.2593
2456808,1361.2581
2456809,1361.2926
2456810,1361.2764
2456811,1361.2808
2456812,1361.33
2456813,1361.3431
2456814,1361.2683
2456815,1360.9696
2456816,1360.6073
2456817,1360.4813
2456818,1360.4486
2456819,1360.5501
2456820,1360.9919
2456821,1361.281
2456822,1361.517
2456823,1361.457
2456824,1361.1427
2456825,1361.0741
2456826,1361.077
2456827,1361.1669
2456828,1361.1841
2456829,1361.1533
2456830,1361.1561
2456831,1361.1851
2456832,1361.1433
2456833,1361.0488
2456834,1360.9764
2456835,1360.9829
2456836,1361.0099
2456837,1361.1077
2456838,1361.3237
2456839,1361.46
2456840,1361.4837
2456841,1361.1906
2456842,1360.8874
2456843,1360.7626
2456844,1360.4473
2456845,1360.1122
2456846,1360.0341
2456847,1360.2792
2456848,1360.852
2456849,1361.1442
2456850,1361.2985
2456851,1361.4284
2456852,1361.5483
2456853,1361.5561
2456854,1361.4914
2456855,1361.4074
2456856,1361.3815
2456857,1361.2497
2456858,1361.0911
2456859,1360.9409
2456860,1360.9196
2456861,1360.9797
2456862,1361.0491
2456863,1361.0349
2456864,1361.0644
2456865,1361.1494
2456866,1361.2633
2456867,1361.408
2456868,1361.5372
2456869,1361.6362
2456870,1361.7291
2456871,1361.8415
2456872,1361.8398
2456873,1361.77
2456874,1361.7894
2456875,1361.7524
2456876,1361.6528
2456877,1361.5546
2456878,1361.4182
2456879,1361.2812
2456880,1361.2332
2456881,1361.1962
2456882,1361.2011
2456883,1361.1696
2456884,1361.0925
2456885,1360.9221
2456886,1360.7807
2456887,1360.8464
2456888,1360.9918
2456889,1361.077
2456890,1361.0895
2456891,1361.0187
2456892,1361.1655
2456893,1361.2521
2456894,1361.278
2456895,1361.1821
2456896,1361.2211
2456897,1361.3716
2456898,1361.4692
2456899,1361.4213
2456900,1361.3384
2456901,1361.3896
2456902,1361.4289
2456903,1361.3266
2456904,1361.2886
2456905,1361.2917
2456906,1361.3806
2456907,1361.3251
2456908,1361.2043
2456909,1360.9145
2456910,1360.665
2456911,1360.7187
2456912,1360.9118
2456913,1361.2102
2456914,1361.4985
2456915,1361.6555
2456916,1361.6857
2456917,1361.5723
2456918,1361.4606
2456919,1361.549
2456920,1361.583
2456921,1361.5371
2456922,1361.4826
2456923,1361.3776
2456924,1361.1498
2456925,1361.1847
2456926,1361.2196
2456927,1361.2545
2456928,1361.2894
2456929,1361.3243
2456930,1361.3591
2456931,1361.394
2456932,1361.4294
2456933,1361.4362
2456934,1361.459
2456935,1361.5462
2456936,1361.6725
2456937,1361.7024
2456938,1361.6692
2456939,1361.5636
2456940,1361.42
2456941,1361.4099
2456942,1361.3502
2456943,1361.2308
2456944,1361.1205
2456945,1361.0704
2456946,1361.0462
2456947,1361.1156
2456948,1361.1587
2456949,1361.0667
2456950,1360.6795
2456951,1359.9056
2456952,1359.0842
2456953,1358.3705
2456954,1358.1528
2456955,1358.563
2456956,1359.0777
2456957,1359.7302
2456958,1360.4922
2456959,1360.9425
2456960,1361.1891
2456961,1361.3088
2456962,1361.3885
2456963,1361.7569
2456964,1361.5704
2456965,1361.5212
2456966,1361.5725
2456967,1361.6049
2456968,1361.6672
2456969,1361.6581
2456970,1361.5594
2456971,1361.5075
2456972,1361.5014
2456973,1361.4713
2456974,1361.6344
2456975,1361.9606
2456976,1362.0795
2456977,1362.1164
2456978,1361.7532
2456979,1361.4079
2456980,1361.2118
2456981,1361.0831
2456982,1361.1397
2456983,1361.249
2456984,1361.2615
2456985,1361.3977
2456986,1361.3691
2456987,1361.3617
2456988,1361.3379
2456989,1361.2095
2456990,1361.1299
2456991,1361.0953
2456992,1361.0799
2456993,1361.0633
2456994,1361.0177
2456995,1361.1202
2456996,1361.349
2456997,1361.5166
2456998,1361.6053
2456999,1361.6127
2457000,1361.6216
2457001,1361.5892
2457002,1361.6577
2457003,1361.7163
2457004,1361.7569
2457005,1361.8809
2457006,1361.7884
2457007,1361.5212
2457008,1361.0583
2457009,1360.5371
2457010,1360.2292
2457011,1360.593
2457012,1360.9636
2457013,1361.3486
2457014,1361.6696
2457015,1361.8956
2457016,1361.9164
2457017,1361.7543
2457018,1361.6165
2457019,1361.5865
2457020,1361.6204
2457021,1361.5535
2457022,1361.4311
2457023,1361.3405
2457024,1361.094
2457025,1360.8785
2457026,1360.7805
2457027,1360.9172
2457028,1361.2154
2457029,1361.5707
2457030,1361.8263
2457031,1361.9269
2457032,1361.868
2457033,1361.8873
2457034,1361.7655
2457035,1361.7234
2457036,1361.9457
2457037,1362.0621
2457038,1362.1574
2457039,1362.0993
2457040,1362.0898
2457041,1361.8454
2457042,1361.5635
2457043,1361.5271
2457044,1361.5651
2457045,1361.5714
2457046,1361.5267
2457047,1361.4542
2457048,1361.3191
2457049,1361.0811
2457050,1360.8613
2457051,1360.9803
2457052,1361.2031
2457053,1361.4502
2457054,1361.7034
2457055,1361.833
2457056,1361.969
2457057,1362.0125
2457058,1362.0638
2457059,1362.1726
2457060,1362.2512
2457061,1362.1924
2457062,1362.0635
2457063,1362.072
2457064,1362.1157
2457065,1362.0843
2457066,1362.0033
2457067,1361.8728
2457068,1361.7589
2457069,1361.6578
2457070,1361.6334
2457071,1361.6265
2457072,1361.7235
2457073,1361.7538
2457074,1361.734
2457075,1361.6839
2457076,1361.5961
2457077,1361.5862
2457078,1361.7098
2457079,1361.8219
2457080,1361.914
2457081,1361.866
2457082,1361.8963
2457083,1361.9238
2457084,1361.9321
2457085,1362.0456
2457086,1362.2065
2457087,1362.2393
2457088,1362.2161
2457089,1362.1582
2457090,1362.0497
2457091,1361.8812
2457092,1361.6131
2457093,1361.3418
2457094,1361.1587
2457095,1361.2289
2457096,1361.2176
2457097,1361.2329
2457098,1361.3561
2457099,1361.4588
2457100,1361.4907
2457101,1361.4839
2457102,1361.4789
2457103,1361.4583
2457104,1361.5125
2457105,1361.584
2457106,1361.5936
2457107,1361.5668
2457108,1361.6097
2457109,1361.6494
2457110,1361.6604
2457111,1361.6632
2457112,1361.7936
2457113,1361.9651
2457114,1362.0628
2457115,1362.1312
2457116,1362.086
2457117,1362.0554
2457118,1361.8738
2457119,1361.7028
2457120,1361.5646
2457121,1361.506
2457122,1361.5279
2457123,1361.5454
2457124,1361.5872
2457125,1361.5446
2457126,1361.5037
2457127,1361.3926
2457128,1361.2125
2457129,1361.0763
2457130,1361.0821
2457131,1361.213
2457132,1361.31
2457133,1361.5741
2457134,1361.7613
2457135,1361.8748
2457136,1361.9617
2457137,1361.8509
2457138,1361.7973
2457139,1361.7757
2457140,1361.8318
2457141,1361.882
2457142,1361.8389
2457143,1361.7968
2457144,1361.7676
2457145,1361.665
2457146,1361.4859
2457147,1361.2393
2457148,1361.1594
2457149,1361.145
2457150,1361.1777
2457151,1361.0931
2457152,1361.0737
2457153,1361.0304
2457154,1361.0741
2457155,1361.1597
2457156,1361.2412
2457157,1361.4906
2457158,1361.6881
2457159,1361.7984
2457160,1361.8129
2457161,1361.8137
2457162,1361.8526
2457163,1361.9019
2457164,1361.8084
2457165,1361.6685
2457166,1361.5513
2457167,1361.4666
2457168,1361.5051
2457169,1361.5501
2457170,1361.5628
2457171,1361.5696
2457172,1361.4631
2457173,1361.3686
2457174,1361.3332
2457175,1361.3714
2457176,1361.4935
2457177,1361.6476
2457178,1361.6975
2457179,1361.681
2457180,1361.6912
2457181,1361.5724
2457182,1361.5597
2457183,1361.6408
2457184,1361.7358
2457185,1361.8796
2457186,1361.9248
2457187,1361.9212
2457188,1361.7676
2457189,1361.6145
2457190,1361.4268
2457191,1361.2095
2457192,1360.8926
2457193,1360.585
2457194,1360.3781
2457195,1360.3329
2457196,1360.4238
2457197,1360.4889
2457198,1360.7188
2457199,1360.9762
2457200,1361.1121
2457201,1361.2476
2457202,1361.3259
2457203,1361.4314
2457204,1361.5613
2457205,1361.5545
2457206,1361.5358
2457207,1361.5377
2457208,1361.5458
2457209,1361.5156
2457210,1361.3319
2457211,1361.3786
2457212,1361.4296
2457213,1361.5254
2457214,1361.4839
2457215,1361.5451
2457216,1361.5649
2457217,1361.6523
2457218,1361.6727
2457219,1361.6176
2457220,1361.5589
2457221,1361.5399
2457222,1361.4936
2457223,1361.3814
2457224,1361.2594
2457225,1361.2648
2457226,1361.2705
2457227,1361.2633
2457228,1361.2743
2457229,1361.2742
2457230,1361.1929
2457231,1361.2733
2457232,1361.4002
2457233,1361.5481
2457234,1361.622
2457235,1361.6672
2457236,1361.6394
2457237,1361.6071
2457238,1361.6394
2457239,1361.5677
2457240,1361.3943
2457241,1361.0936
2457242,1360.8076
2457243,1360.7493
2457244,1360.8075
2457245,1361.0003
2457246,1361.2502
2457247,1361.3862
2457248,1361.4278
2457249,1361.2988
2457250,1361.2724
2457251,1361.2485
2457252,1361.2187
2457253,1361.2348
2457254,1361.1933
2457255,1361.1374
2457256,1360.9603
2457257,1360.7144
2457258,1360.4398
2457259,1360.2663
2457260,1360.4389
2457261,1360.8174
2457262,1361.1741
2457263,1361.4595
2457264,1361.5774
2457265,1361.5881
2457266,1361.5964
2457267,1361.5651
2457268,1361.4895
2457269,1361.4218
2457270,1361.4104
2457271,1361.3689
2457272,1361.353
2457273,1361.3536
2457274,1361.2878
2457275,1361.2224
2457276,1361.1463
2457277,1360.972
2457278,1360.8417
2457279,1360.9314
2457280,1361.055
2457281,1361.0537
2457282,1360.9151
2457283,1360.8743
2457284,1360.8711
2457285,1361.0043
2457286,1361.2224
2457287,1361.3279
2457288,1361.4038
2457289,1361.3699
2457290,1361.2529
2457291,1360.9102
2457292,1360.6395
2457293,1360.64
2457294,1360.6189
2457295,1360.6613
2457296,1360.8589
2457297,1361.081
2457298,1361.1564
2457299,1361.1711
2457300,1361.1844
2457301,1361.1836
2457302,1361.1182
2457303,1361.1036
2457304,1361.0184
2457305,1361.0966
2457306,1361.106
2457307,1361.177
2457308,1361.201
2457309,1361.1954
2457310,1361.2993
2457311,1361.3593
2457312,1361.3754
2457313,1361.4398
2457314,1361.597
2457315,1361.6421
2457316,1361.55
2457317,1361.4446
2457318,1361.4411
2457319,1361.5484
2457320,1361.5814
2457321,1361.5623
2457322,1361.5083
2457323,1361.549
2457324,1361.4776
2457325,1361.3728
2457326,1361.1633
2457327,1360.8748
2457328,1360.6085
2457329,1360.3856
2457330,1360.3999
2457331,1360.6946
2457332,1360.9128
2457333,1361.0906
2457334,1361.2621
2457335,1361.3255
2457336,1361.3587
2457337,1361.3295
2457338,1361.3284
2457339,1361.4214
2457340,1361.6105
2457341,1361.8276
2457342,1361.8966
2457343,1361.888
2457344,1361.7742
2457345,1361.7105
2457346,1361.6826
2457347,1361.7606
2457348,1361.7173
2457349,1361.6882
2457350,1361.7032
2457351,1361.5709
2457352,1361.4248
2457353,1361.3685
2457354,1361.2903
2457355,1361.2581
2457356,1361.2627
2457357,1361.2387
2457358,1361.2587
2457359,1361.2709
2457360,1361.3009
2457361,1361.3336
2457362,1361.2977
2457363,1361.2952
2457364,1361.2349
2457365,1361.186
2457366,1361.2214
2457367,1361.4145
2457368,1361.53
2457369,1361.6443
2457370,1361.6894
2457371,1361.5994
2457372,1361.3867
2457373,1361.1457
2457374,1361.0664
2457375,1361.0457
2457376,1361.0584
2457377,1361.131
2457378,1361.2319
2457379,1361.3489
2457380,1361.329
2457381,1361.2048
2457382,1361.0333
2457383,1360.8832
2457384,1360.8911
2457385,1360.8931
2457386,1361.0615
2457387,1361.2705
2457388,1361.4232
2457389,1361.4799
2457390,1361.3892
2457391,1361.2476
2457392,1361.1908
2457393,1361.2277
2457394,1361.3013
2457395,1361.3353
2457396,1361.3255
2457397,1361.3389
2457398,1361.3672
2457399,1361.3111
2457400,1361.272
2457401,1361.2783
2457402,1361.2862
2457403,1361.336
2457404,1361.3931
2457405,1361.4624
2457406,1361.5141
2457407,1361.5708
2457408,1361.552
2457409,1361.335
2457410,1361.1949
2457411,1361.1905
2457412,1361.1652
2457413,1361.1997
2457414,1361.2357
2457415,1361.1701
2457416,1361.0681
2457417,1361.0918
2457418,1361.003
2457419,1360.9813
2457420,1361.0798
2457421,1361.2157
2457422,1361.3366
2457423,1361.3697
2457424,1361.3827
2457425,1361.4374
2457426,1361.3202
2457427,1361.2925
2457428,1361.3409
2457429,1361.3375
2457430,1361.3474
2457431,1361.3382
2457432,1361.353
2457433,1361.4124
2457434,1361.4987
2457435,1361.4705
2457436,1361.3818
2457437,1361.2268
2457438,1361.1311
2457439,1361.1313
2457440,1361.244
2457441,1361.339
2457442,1361.4382
2457443,1361.4195
2457444,1361.3398
2457445,1361.2551
2457446,1361.1208
2457447,1361.0567
2457448,1361.089
2457449,1361.242
2457450,1361.3957
2457451,1361.4546
2457452,1361.4194
2457453,1361.3435
2457454,1361.3014
2457455,1361.3101
2457456,1361.3101
2457457,1361.2993
2457458,1361.3778
2457459,1361.4335
2457460,1361.3459
2457461,1361.2503
2457462,1361.1658
2457463,1361.1059
2457464,1361.133
2457465,1361.1885
2457466,1361.2095
2457467,1361.1652
2457468,1361.0899
2457469,1361.0554
2457470,1361.0229
2457471,1361.031
2457472,1361.016
2457473,1361.0367
2457474,1361.0446
2457475,1361.0511
2457476,1360.978
2457477,1360.9413
2457478,1360.9573
2457479,1360.9536
2457480,1361.0061
2457481,1361.0171
2457482,1361.0522
2457483,1361.0692
2457484,1361.0905
2457485,1361.1016
2457486,1361.1184
2457487,1361.0634
2457488,1360.9385
2457489,1360.6761
2457490,1360.4028
2457491,1360.2388
2457492,1360.2083
2457493,1360.2099
2457494,1360.3408
2457495,1360.5641
2457496,1360.8706
2457497,1361.0852
2457498,1361.1522
2457499,1361.061
2457500,1360.9722
2457501,1360.9506
2457502,1360.922
2457503,1360.9185
2457504,1361.0029
2457505,1361.0268
2457506,1360.9778
2457507,1360.9589
2457508,1361.0191
2457509,1360.9305
2457510,1360.9469
2457511,1361.0642
2457512,1361.1487
2457513,1361.1903
2457514,1361.1824
2457515,1361.1814
2457516,1361.1102
2457517,1361.0673
2457518,1360.9798
2457519,1360.9209
2457520,1360.9014
2457521,1360.949
2457522,1361.1346
2457523,1361.2154
2457524,1361.1354
2457525,1360.9396
2457526,1360.7133
2457527,1360.5914
2457528,1360.5269
2457529,1360.4819
2457530,1360.5247
2457531,1360.6657
2457532,1360.784
2457533,1360.9324
2457534,1360.9809
2457535,1361.0032
2457536,1361.0537
2457537,1361.0544
2457538,1361.0886
2457539,1361.0768
2457540,1361.1481
2457541,1361.2152
2457542,1361.2524
2457543,1361.2301
2457544,1361.1942
2457545,1361.179
2457546,1361.1423
2457547,1361.1461
2457548,1361.1304
2457549,1361.0886
2457550,1361.0755
2457551,1361.1177
2457552,1361.0367
2457553,1360.8768
2457554,1360.8303
2457555,1360.7835
2457556,1360.7843
2457557,1360.8635
2457558,1360.9096
2457559,1360.9344
2457560,1361.0238
2457561,1361.0504
2457562,1361.0262
2457563,1360.9671
2457564,1360.9524
2457565,1360.9665
2457566,1360.9522
2457567,1360.9674
2457568,1360.984
2457569,1361.0502
2457570,1361.0529
2457571,1361.0506
2457572,1361.0143
2457573,1361.0138
2457574,1361.0576
2457575,1361.1077
2457576,1361.0933
2457577,1361.1459
2457578,1361.1899
2457579,1361.314
2457580,1361.315
2457581,1361.2433
2457582,1361.2244
2457583,1361.1825
2457584,1361.0805
2457585,1360.844
2457586,1360.6027
2457587,1360.5197
2457588,1360.4608
2457589,1360.4267
2457590,1360.4525
2457591,1360.5944
2457592,1360.8071
2457593,1360.9312
2457594,1360.9134
2457595,1360.9041
2457596,1360.9702
2457597,1360.9396
2457598,1360.9444
2457599,1360.9662
2457600,1360.9656
2457601,1360.9857
2457602,1360.9651
2457603,1360.9554
2457604,1361.0006
2457605,1361.0054
2457606,1361.0109
2457607,1360.9547
2457608,1360.9073
2457609,1360.9738
2457610,1361.0356
2457611,1361.0433
2457612,1361.0329
2457613,1360.8584
2457614,1360.7882
2457615,1360.8265
2457616,1360.8621
2457617,1360.9323
2457618,1361.0124
2457619,1361.0177
2457620,1360.9844
2457621,1360.909
2457622,1360.8549
2457623,1360.8391
2457624,1360.8403
2457625,1360.9725
2457626,1360.9787
2457627,1360.9622
2457628,1360.8383
2457629,1360.8635
2457630,1360.9589
2457631,1361.0628
2457632,1361.127
2457633,1361.046
2457634,1360.8379
2457635,1360.6833
2457636,1360.6253
2457637,1360.6821
2457638,1360.747
2457639,1360.7904
2457640,1360.7888
2457641,1360.8413
2457642,1360.9177
2457643,1361.0369
2457644,1361.061
2457645,1361.0236
2457646,1361.0252
2457647,1361.0473
2457648,1361.0206
2457649,1360.9644
2457650,1360.9363
2457651,1360.9475
2457652,1361.0135
2457653,1360.9603
2457654,1361.0061
2457655,1361.0289
2457656,1361.022
2457657,1361.0329
2457658,1360.9639
2457659,1360.9959
2457660,1361.0615
2457661,1361.0728
2457662,1360.9931
2457663,1360.9874
2457664,1361.0086
2457665,1361.0413
2457666,1361.0296
2457667,1360.951
2457668,1360.8074
2457669,1360.7712
2457670,1360.7114
2457671,1360.6647
2457672,1360.7248
2457673,1360.8397
2457674,1360.9333
2457675,1360.918
2457676,1360.9003
2457677,1360.8609
2457678,1360.8279
2457679,1360.8858
2457680,1360.9155
2457681,1360.9062
2457682,1360.9497
2457683,1360.9385
2457684,1360.9148
2457685,1360.8857
2457686,1360.9015
2457687,1360.8809
2457688,1360.901
2457689,1360.9182
2457690,1360.9074
2457691,1360.8998
2457692,1360.9463
2457693,1360.9708
2457694,1361.0079
2457695,1361.0246
2457696,1360.9994
2457697,1360.9935
2457698,1360.9652
2457699,1360.9599
2457700,1360.9521
2457701,1360.946
2457702,1360.9163
2457703,1360.8738
2457704,1360.8464
2457705,1360.8531
2457706,1360.8671
2457707,1360.8508
2457708,1360.8716
2457709,1360.8628
2457710,1360.8839
2457711,1360.9692
2457712,1360.9446
2457713,1360.9229
2457714,1360.8868
2457715,1360.8715
2457716,1360.8459
2457717,1360.8309
2457718,1360.8064
2457719,1360.8182
2457720,1360.7736
2457721,1360.7604
2457722,1360.7784
2457723,1360.8029
2457724,1360.8092
2457725,1360.8428
2457726,1360.8002
2457727,1360.7347
2457728,1360.7593
2457729,1360.8037
2457730,1360.8652
2457731,1360.8284
2457732,1360.8067
2457733,1360.772
2457734,1360.7796
2457735,1360.7782
2457736,1360.8071
2457737,1360.7974
2457738,1360.793
2457739,1360.7823
2457740,1360.7771
2457741,1360.7494
2457742,1360.7742
2457743,1360.7806
2457744,1360.8022
2457745,1360.8287
2457746,1360.8296
2457747,1360.8089
2457748,1360.7973
2457749,1360.8612
2457750,1360.8576
2457751,1360.8713
2457752,1360.8558
2457753,1360.8869
2457754,1360.8846
2457755,1360.4115
2457756,1360.3642
2457757,1360.3624
2457758,1360.3446
2457759,1360.323
2457760,1360.3133
2457761,1360.2804
2457762,1360.2655
2457763,1360.3125
2457764,1360.304
2457765,1360.2438
2457766,1360.2564
2457767,1360.2666
2457768,1360.2798
2457769,1360.2901
2457770,1360.2763
2457771,1360.2781
2457772,1360.3106
2457773,1360.3527
2457774,1360.359
2457775,1360.3032
2457776,1360.2322
2457777,1360.2734
2457778,1360.2837
2457779,1360.241
2457780,1360.2664
2457781,1360.3514
2457782,1360.3817
2457783,1360.3773
2457784,1360.3455
2457785,1360.3298
2457786,1360.7909
2457787,1360.8389
2457788,1360.8381
2457789,1360.8084
2457790,1360.7797
2457791,1360.7267
2457792,1360.7555
2457793,1360.7183
2457794,1360.7081
2457795,1360.6701
2457796,1360.7299
2457797,1360.7388
2457798,1360.8036
2457799,1360.8289
2457800,1360.8974
2457801,1360.8519
2457802,1360.8487
2457803,1360.8489
2457804,1360.8864
2457805,1360.9121
2457806,1360.9556
2457807,1360.9122
2457808,1360.8996
2457809,1360.8632
2457810,1360.8498
2457811,1360.8845
2457812,1360.8664
2457813,1360.8172
2457814,1360.8321
2457815,1360.845
2457816,1360.8622
2457817,1360.8132
2457818,1360.8067
2457819,1360.7943
2457820,1360.7809
2457821,1360.7627
2457822,1360.7651
2457823,1360.7352
2457824,1360.7327
2457825,1360.7465
2457826,1360.7297
2457827,1360.7513
2457828,1360.7631
2457829,1360.7704
2457830,1360.7422
2457831,1360.7666
2457832,1360.8104
2457833,1360.817
2457834,1360.7969
2457835,1360.8237
2457836,1360.8521
2457837,1360.8344
2457838,1360.8393
2457839,1360.8267
2457840,1360.7461
2457841,1360.5533
2457842,1360.4834
2457843,1360.3427
2457844,1360.144
2457845,1360.1033
2457846,1360.0789
2457847,1360.3327
2457848,1360.5126
2457849,1360.666
2457850,1360.7536
2457851,1360.7406
2457852,1360.7161
2457853,1360.7625
2457854,1360.8112
2457855,1360.8277
2457856,1360.8224
2457857,1360.7997
2457858,1360.8099
2457859,1360.8098
2457860,1360.8195
2457861,1360.8231
2457862,1360.8656
2457863,1360.9657
2457864,1360.9838
2457865,1360.9348
2457866,1360.9354
2457867,1360.9759
2457868,1360.9411
2457869,1360.9035
2457870,1360.8967
2457871,1360.9289
2457872,1360.9692
2457873,1360.9607
2457874,1360.9376
2457875,1360.8724
2457876,1360.7489
2457877,1360.7183
2457878,1360.6732
2457879,1360.6753
2457880,1360.6942
2457881,1360.7321
2457882,1360.745
2457883,1360.6932
2457884,1360.681
2457885,1360.6717
2457886,1360.6902
2457887,1360.7259
2457888,1360.7186
2457889,1360.7135
2457890,1360.7744
2457891,1360.84
2457892,1360.9009
2457893,1360.9048
2457894,1360.9157
2457895,1360.908
2457896,1360.8942
2457897,1360.9256
2457898,1360.907
2457899,1360.8861
2457900,1360.9099
2457901,1360.878
2457902,1360.8402
2457903,1360.7895
2457904,1360.7417
2457905,1360.7045
2457906,1360.758
2457907,1360.759
2457908,1360.7879
2457909,1360.8172
2457910,1360.7911
2457911,1360.7922
2457912,1360.7772
2457913,1360.7849
2457914,1360.796
2457915,1360.8318
2457916,1360.8798
2457917,1360.9004
2457918,1360.8799
2457919,1360.8987
2457920,1360.8289
2457921,1360.8135
2457922,1360.8092
2457923,1360.8336
2457924,1360.8671
2457925,1360.8832
2457926,1360.9406
2457927,1360.9004
2457928,1360.8682
2457929,1360.7892
2457930,1360.7431
2457931,1360.677
2457932,1360.6488
2457933,1360.7079
2457934,1360.7461
2457935,1360.7855
2457936,1360.8066
2457937,1360.7717
2457938,1360.7199
2457939,1360.7172
2457940,1360.732
2457941,1360.7267
2457942,1360.6543
2457943,1360.4493
2457944,1360.2224
2457945,1360.0957
2457946,1360.1461
2457947,1360.2461
2457948,1360.34
2457949,1360.4848
2457950,1360.7359
2457951,1360.8546
2457952,1360.893
2457953,1360.8682
2457954,1360.8401
2457955,1360.8281
2457956,1360.794
2457957,1360.7514
2457958,1360.7301
2457959,1360.7229
2457960,1360.7457
2457961,1360.7616
2457962,1360.7739
2457963,1360.7717
2457964,1360.7599
2457965,1360.7131
2457966,1360.7237
2457967,1360.756
2457968,1360.8104
2457969,1360.8218
2457970,1360.7733
2457971,1360.6983
2457972,1360.71
2457973,1360.7436
2457974,1360.7785
2457975,1360.8112
2457976,1360.8342
2457977,1360.8897
2457978,1360.8931
2457979,1360.8351
2457980,1360.777
2457981,1360.8069
2457982,1360.7294
2457983,1360.652
2457984,1360.4112
2457985,1360.2788
2457986,1360.2947
2457987,1360.3771
2457988,1360.4202
2457989,1360.4988
2457990,1360.5759
2457991,1360.638
2457992,1360.6422
2457993,1360.6635
2457994,1360.7114
2457995,1360.8058
2457996,1360.823
2457997,1360.5662
2457998,1360.3708
2457999,1360.1377
2458000,1359.8126
2458001,1359.3813
2458002,1359.4064
2458003,1359.5429
2458004,1359.9251
2458005,1360.5264
2458006,1360.868
2458007,1360.9145
2458008,1360.8721
2458009,1360.8474
2458010,1360.8162
2458011,1360.7409
2458012,1360.708
2458013,1360.7154
2458014,1360.7277
2458015,1360.7684
2458016,1360.7807
2458017,1360.8149
2458018,1360.8089
2458019,1360.772
2458020,1360.7123
2458021,1360.7361
2458022,1360.8132
2458023,1360.8252
2458024,1360.7953
2458025,1360.6532
2458026,1360.5438
2458027,1360.5549
2458028,1360.5913
2458029,1360.6002
2458030,1360.6768
2458031,1360.7915
2458032,1360.902
2458033,1360.8747
2458034,1360.8183
2458035,1360.8077
2458036,1360.757
2458037,1360.7505
2458038,1360.7369
2458039,1360.7383
2458040,1360.7663
2458041,1360.757
2458042,1360.7752
2458043,1360.794
2458044,1360.807
2458045,1360.8486
2458046,1360.8364
2458047,1360.7964
2458048,1360.8219
2458049,1360.8933
2458050,1360.9324
2458051,1361.0111
2458052,1361.0104
2458053,1360.9862
2458054,1360.9718
2458055,1360.9111
2458056,1360.9239
2458057,1360.9572
2458058,1360.9847
2458059,1360.9555
2458060,1360.8877
2458061,1360.8219
2458062,1360.7767
2458063,1360.7598
2458064,1360.7293
2458065,1360.7224
2458066,1360.7082
2458067,1360.7085
2458068,1360.7519
2458069,1360.749
2458070,1360.7641
2458071,1360.7522
2458072,1360.7798
2458073,1360.7694
2458074,1360.7556
2458075,1360.7785
2458076,1360.8095
2458077,1360.879
2458078,1360.8908
2458079,1360.8446
2458080,1360.8723
2458081,1360.894
2458082,1360.8724
2458083,1360.8149
2458084,1360.7245
2458085,1360.7106
2458086,1360.745
2458087,1360.7571
2458088,1360.7312
2458089,1360.6994
2458090,1360.6736
2458091,1360.6221
2458092,1360.6455
2458093,1360.6619
2458094,1360.6712
2458095,1360.6731
2458096,1360.6834
2458097,1360.7077
2458098,1360.7113
2458099,1360.7499
2458100,1360.7647
2458101,1360.7328
2458102,1360.7416
2458103,1360.7524
2458104,1360.7788
2458105,1360.8036
2458106,1360.8128
2458107,1360.7876
2458108,1360.8246
2458109,1360.7777
2458110,1360.7121
2458111,1360.705
2458112,1360.6922
2458113,1360.7111
2458114,1360.7517
2458115,1360.7398
2458116,1360.7548
2458117,1360.7371
2458118,1360.6896
2458119,1360.6924
2458120,1360.6673
2458121,1360.6997
2458122,1360.7339
2458123,1360.6741
2458124,1360.6917
2458125,1360.7056
2458126,1360.6678
2458127,1360.6807
2458128,1360.6833
2458129,1360.6867
2458130,1360.7126
2458131,1360.7195
2458132,1360.6767
2458133,1360.6809
2458134,1360.6889
2458135,1360.6953
2458136,1360.6943
2458137,1360.7094
2458138,1360.691
2458139,1360.6794
2458140,1360.6682
2458141,1360.6399
2458142,1360.6648
2458143,1360.6637
2458144,1360.6575
2458145,1360.6372
2458146,1360.6279
2458147,1360.6087
2458148,1360.6077
2458149,1360.659
2458150,1360.6801
2458151,1360.6809
2458152,1360.6958
2458153,1360.6686
2458154,1360.6811
2458155,1360.6792
2458156,1360.668
2458157,1360.6416
2458158,1360.5595
2458159,1360.4864
2458160,1360.4543
2458161,1360.4488
2458162,1360.512
2458163,1360.6475
2458164,1360.7202
2458165,1360.7571
2458166,1360.745
2458167,1360.6708
2458168,1360.6311
2458169,1360.6205
2458170,1360.6111
2458171,1360.5994
2458172,1360.6244
2458173,1360.6202
2458174,1360.6192
2458175,1360.6351
2458176,1360.6261
2458177,1360.6656
2458178,1360.6506
2458179,1360.6731
2458180,1360.6371
2458181,1360.6277
2458182,1360.6202
2458183,1360.6622
2458184,1360.6899
2458185,1360.6888
2458186,1360.665
2458187,1360.6747
2458188,1360.6895
2458189,1360.6827
2458190,1360.6895
2458191,1360.6948
2458192,1360.7073
2458193,1360.6656
2458194,1360.6067
2458195,1360.5986
2458196,1360.6302
2458197,1360.6481
2458198,1360.6176
2458199,1360.6198
2458200,1360.6425
2458201,1360.6559
2458202,1360.6456
2458203,1360.6509
2458204,1360.6259
2458205,1360.6145
2458206,1360.5997
2458207,1360.5894
2458208,1360.6241
2458209,1360.675
2458210,1360.6914
2458211,1360.7019
2458212,1360.6635
2458213,1360.6816
2458214,1360.667
2458215,1360.6954
2458216,1360.6868
2458217,1360.6899
2458218,1360.6919
2458219,1360.6796
2458220,1360.6313
2458221,1360.6344
2458222,1360.626
2458223,1360.6459
2458224,1360.6715
2458225,1360.6656
2458226,1360.6312
2458227,1360.6561
2458228,1360.677
2458229,1360.6851
2458230,1360.7239
2458231,1360.6949
2458232,1360.6455
2458233,1360.6904
2458234,1360.6667
2458235,1360.684
2458236,1360.748
2458237,1360.7433
2458238,1360.7388
2458239,1360.7426
2458240,1360.6392
2458241,1360.6394
2458242,1360.6453
2458243,1360.644
2458244,1360.6816
2458245,1360.6947
2458246,1360.6732
2458247,1360.7129
2458248,1360.7443
2458249,1360.7294
2458250,1360.7338
2458251,1360.7115
2458252,1360.7371
2458253,1360.7372
2458254,1360.6912
2458255,1360.722
2458256,1360.7235
2458257,1360.7404
2458258,1360.7035
2458259,1360.6843
2458260,1360.6848
2458261,1360.6912
2458262,1360.6957
2458263,1360.7328
2458264,1360.7975
2458265,1360.8135
2458266,1360.7888
2458267,1360.7043
2458268,1360.6542
2458269,1360.6851
2458270,1360.6685
2458271,1360.7004
2458272,1360.7727
2458273,1360.8184
2458274,1360.7559
2458275,1360.6863
2458276,1360.6515
2458277,1360.672
2458278,1360.655
2458279,1360.6405
2458280,1360.6667
2458281,1360.6941
2458282,1360.7343
2458283,1360.7638
2458284,1360.7534
2458285,1360.7581
2458286,1360.7173
2458287,1360.7267
2458288,1360.7122
2458289,1360.709
2458290,1360.6422
2458291,1360.6832
2458292,1360.7271
2458293,1360.7189
2458294,1360.7452
2458295,1360.7523
2458296,1360.7878
2458297,1360.8206
2458298,1360.7863
2458299,1360.7739
2458300,1360.7802
2458301,1360.7114
2458302,1360.6808
2458303,1360.6458
2458304,1360.6815
2458305,1360.6652
2458306,1360.6621
2458307,1360.6873
2458308,1360.7275
2458309,1360.7679
2458310,1360.8694
2458311,1360.8571
2458312,1360.8281
2458313,1360.7699
2458314,1360.7468
2458315,1360.748
2458316,1360.7924
2458317,1360.863
2458318,1360.8903
2458319,1360.8827
2458320,1360.8243
2458321,1360.7476
2458322,1360.6857
2458323,1360.6681
2458324,1360.667
2458325,1360.6384
2458326,1360.6719
2458327,1360.657
2458328,1360.6331
2458329,1360.6202
2458330,1360.6371
2458331,1360.6398
2458332,1360.6278
2458333,1360.6456
2458334,1360.6385
2458335,1360.6838
2458336,1360.7371
2458337,1360.7615
2458338,1360.7823
2458339,1360.7802
2458340,1360.7819
2458341,1360.752
2458342,1360.7141
2458343,1360.7404
2458344,1360.7888
2458345,1360.7931
2458346,1360.7786
2458347,1360.7343
2458348,1360.7159
2458349,1360.6969
2458350,1360.6945
2458351,1360.7238
2458352,1360.7151
2458353,1360.6923
2458354,1360.6884
2458355,1360.6584
2458356,1360.5985
2458357,1360.6968
2458358,1360.7098
2458359,1360.6876
2458360,1360.6815
2458361,1360.6698
2458362,1360.6823
2458363,1360.7357
2458364,1360.7483
2458365,1360.7607
2458366,1360.7366
2458367,1360.7465
2458368,1360.6896
2458369,1360.7113
2458370,1360.7067
2458371,1360.7277
2458372,1360.7546
2458373,1360.7593
2458374,1360.7439
2458375,1360.7332
2458376,1360.7429
2458377,1360.7354
2458378,1360.7321
2458379,1360.7463
2458380,1360.6901
2458381,1360.6879
2458382,1360.674
2458383,1360.6595
2458384,1360.6696
2458385,1360.658
2458386,1360.634
2458387,1360.6324
2458388,1360.6497
2458389,1360.6542
2458390,1360.6826
2458391,1360.697
2458392,1360.6694
2458393,1360.6877
2458394,1360.714
2458395,1360.708
2458396,1360.7307
2458397,1360.7197
2458398,1360.7266
2458399,1360.7142
2458400,1360.7107
2458401,1360.6699
2458402,1360.6818
2458403,1360.7144
2458404,1360.751
2458405,1360.7668
2458406,1360.7416
2458407,1360.7253
2458408,1360.6624
2458409,1360.67
2458410,1360.665
2458411,1360.6401
2458412,1360.619
2458413,1360.6465
2458414,1360.6743
2458415,1360.6561
2458416,1360.6542
2458417,1360.6586
2458418,1360.6729
2458419,1360.6847
2458420,1360.6763
2458421,1360.6929
2458422,1360.6595
2458423,1360.701
2458424,1360.6938
2458425,1360.713
2458426,1360.6938
2458427,1360.6624
2458428,1360.6674
2458429,1360.6646
2458430,1360.65
2458431,1360.6865
2458432,1360.665
2458433,1360.658
2458434,1360.6637
2458435,1360.6761
2458436,1360.6455
2458437,1360.6414
2458438,1360.6556
2458439,1360.6667
2458440,1360.6702
2458441,1360.7104
2458442,1360.6733
2458443,1360.6742
2458444,1360.6718
2458445,1360.6938
2458446,1360.679
2458447,1360.6578
2458448,1360.6616
2458449,1360.6647
2458450,1360.6685
2458451,1360.6624
2458452,1360.6655
2458453,1360.6356
2458454,1360.6199
2458455,1360.6255
2458456,1360.6143
2458457,1360.6128
2458458,1360.6409
2458459,1360.6512
2458460,1360.656
2458461,1360.7004
2458462,1360.6025
2458463,1360.5938
2458464,1360.6254
2458465,1360.6094
2458466,1360.6329
2458467,1360.6121
2458468,1360.6385
2458469,1360.6376
2458470,1360.626
2458471,1360.647
2458472,1360.6835
2458473,1360.6389
2458474,1360.6309
2458475,1360.666
2458476,1360.6445
2458477,1360.6688
2458478,1360.6931
2458479,1360.6748
2458480,1360.6658
2458481,1360.6869
2458482,1360.6959
2458483,1360.677
2458484,1360.6815
2458485,1360.6838
2458486,1360.6493
2458487,1360.6469
2458488,1360.683
2458489,1360.6583
2458490,1360.667
2458491,1360.6892
2458492,1360.6816
2458493,1360.658
2458494,1360.6426
2458495,1360.6545
2458496,1360.6338
2458497,1360.6649
2458498,1360.6398
2458499,1360.6371
2458500,1360.6219
2458501,1360.6519
2458502,1360.6353
2458503,1360.6456
2458504,1360.6475
2458505,1360.6552
2458506,1360.6469
2458507,1360.6383
2458508,1360.6698
2458509,1360.6602
2458510,1360.6361
2458511,1360.6963
2458512,1360.7218
2458513,1360.7311
2458514,1360.6982
2458515,1360.6685
2458516,1360.6411
2458517,1360.6683
2458518,1360.6113
2458519,1360.616
2458520,1360.6018
2458521,1360.5924
2458522,1360.5869
2458523,1360.6177
2458524,1360.6442
2458525,1360.6392
2458526,1360.6287
2458527,1360.6455
2458528,1360.6541
2458529,1360.6984
2458530,1360.7303
2458531,1360.7299
2458532,1360.7448
2458533,1360.7355
2458534,1360.7186
2458535,1360.7152
2458536,1360.7288
2458537,1360.7386
2458538,1360.7328
2458539,1360.7312
2458540,1360.7135
2458541,1360.6682
2458542,1360.6515
2458543,1360.6534
2458544,1360.62
2458545,1360.6588
2458546,1360.6746
2458547,1360.6804
2458548,1360.6487
2458549,1360.6106
2458550,1360.6278
2458551,1360.6674
2458552,1360.6785
2458553,1360.6813
2458554,1360.6841
2458555,1360.6525
2458556,1360.6722
2458557,1360.7002
2458558,1360.7152
2458559,1360.7147
2458560,1360.701
2458561,1360.6843
2458562,1360.6635
2458563,1360.6478
2458564,1360.608
2458565,1360.6533
2458566,1360.7229
2458567,1360.7087
2458568,1360.6672
2458569,1360.646
2458570,1360.6177
2458571,1360.6417
2458572,1360.6589
2458573,1360.676
2458574,1360.6458
2458575,1360.6049
2458576,1360.6342
2458577,1360.653
2458578,1360.6943
2458579,1360.6638
2458580,1360.7291
2458581,1360.7083
2458582,1360.7079
2458583,1360.6956
2458584,1360.5547
2458585,1360.4781
2458586,1360.3672
2458587,1360.3295
2458588,1360.3506
2458589,1360.3746
2458590,1360.5005
2458591,1360.6173
2458592,1360.6372
2458593,1360.717
2458594,1360.6669
2458595,1360.6476
2458596,1360.6675
2458597,1360.6394
2458598,1360.6532
2458599,1360.6587
2458600,1360.6375
2458601,1360.651
2458602,1360.6426
2458603,1360.6406
2458604,1360.6398
2458605,1360.6371
2458606,1360.6382
2458607,1360.6051
2458608,1360.6569
2458609,1360.6938
2458610,1360.6484
2458611,1360.6527
2458612,1360.6139
2458613,1360.5656
2458614,1360.5303
2458615,1360.5366
2458616,1360.5784
2458617,1360.6202
2458618,1360.7086
2458619,1360.7356
2458620,1360.7327
2458621,1360.6769
2458622,1360.6982
2458623,1360.7218
2458624,1360.7574
2458625,1360.655
2458626,1360.6442
2458627,1360.6688
2458628,1360.6783
2458629,1360.6309
2458630,1360.6733
2458631,1360.6548
2458632,1360.703
2458633,1360.7612
2458634,1360.673
2458635,1360.6978
2458636,1360.7365
2458637,1360.7928
2458638,1360.8108
2458639,1360.8214
2458640,1360.8322
2458641,1360.8126
2458642,1360.8054
2458643,1360.8059
2458644,1360.8015
2458645,1360.817
2458646,1360.7875
2458647,1360.7585
2458648,1360.6605
2458649,1360.6346
2458650,1360.6038
2458651,1360.579
2458652,1360.5814
2458653,1360.5988
2458654,1360.592
2458655,1360.5897
2458656,1360.5909
2458657,1360.5975
2458658,1360.5826
2458659,1360.6121
2458660,1360.4211
2458661,1360.6322
2458662,1360.6337
2458663,1360.7003
2458664,1360.7019
2458665,1360.7461
2458666,1360.8058
2458667,1360.7754
2458668,1360.7739
2458669,1360.7838
2458670,1360.7606
2458671,1360.7463
2458672,1360.7439
2458673,1360.6938
2458674,1360.6904
2458675,1360.6636
2458676,1360.6827
2458677,1360.6759
2458678,1360.6538
2458679,1360.6558
2458680,1360.6681
2458681,1360.677
2458682,1360.6188
2458683,1360.6095
2458684,1360.6074
2458685,1360.6166
2458686,1360.6235
2458687,1360.6129
2458688,1360.6635
2458689,1360.7001
2458690,1360.7373
2458691,1360.7225
2458692,1360.713
2458693,1360.7584
2458694,1360.7659
2458695,1360.7367
2458696,1360.7163
2458697,1360.6872
2458698,1360.7074
2458699,1360.7314
2458700,1360.708
2458701,1360.6787
2458702,1360.6591
2458703,1360.653
2458704,1360.6826
2458705,1360.6518
2458706,1360.6287
2458707,1360.6084
2458708,1360.5844
2458709,1360.5758
2458710,1360.5925
2458711,1360.6399
2458712,1360.5902
2458713,1360.618
2458714,1360.6369
2458715,1360.622
2458716,1360.6359
2458717,1360.6533
2458718,1360.669
2458719,1360.6637
2458720,1360.6464
2458721,1360.6855
2458722,1360.6934
2458723,1360.7033
2458724,1360.7127
2458725,1360.6956
2458726,1360.6622
2458727,1360.663
2458728,1360.6219
2458729,1360.6147
2458730,1360.6722
2458731,1360.6978
2458732,1360.6721
2458733,1360.6733
2458734,1360.6613
2458735,1360.6786
2458736,1360.6561
2458737,1360.6678
2458738,1360.6298
2458739,1360.6349
2458740,1360.6611
2458741,1360.6478
2458742,1360.6593
2458743,1360.6316
2458744,1360.6687
2458745,1360.6736
2458746,1360.6849
2458747,1360.6799
2458748,1360.6957
2458749,1360.6726
2458750,1360.6606
2458751,1360.7155
2458752,1360.6493
2458753,1360.6702
2458754,1360.6849
2458755,1360.6508
2458756,1360.6344
2458757,1360.6635
2458758,1360.6616
2458759,1360.6573
2458760,1360.6837
2458761,1360.6587
2458762,1360.6737
2458763,1360.6486
2458764,1360.6357
2458765,1360.6606
2458766,1360.6421
2458767,1360.6593
2458768,1360.6283
2458769,1360.6445
2458770,1360.6271
2458771,1360.6392
2458772,1360.646
2458773,1360.7108
2458774,1360.6699
2458775,1360.6697
2458776,1360.7024
2458777,1360.6646
2458778,1360.691
2458779,1360.6748
2458780,1360.626
2458781,1360.6436
2458782,1360.6493
2458783,1360.6628
2458784,1360.6425
2458785,1360.6613
2458786,1360.657
2458787,1360.6503
2458788,1360.6498
2458789,1360.6509
2458790,1360.6493
2458791,1360.6287
2458792,1360.6412
2458793,1360.6184
2458794,1360.6227
2458795,1360.5995
2458796,1360.5916
2458797,1360.6022
2458798,1360.6292
2458799,1360.5901
2458800,1360.6436
2458801,1360.6847
2458802,1360.6804
2458803,1360.6747
2458804,1360.6906
2458805,1360.6779
2458806,1360.6703
2458807,1360.6501
2458808,1360.6691
2458809,1360.703
2458810,1360.6484
2458811,1360.6692
2458812,1360.6583
2458813,1360.6542
2458814,1360.6519
2458815,1360.6525
2458816,1360.6433
2458817,1360.6407
2458818,1360.6171
2458819,1360.6628
2458820,1360.6871
2458821,1360.6544
2458822,1360.6689
2458823,1360.6492
2458824,1360.6675
2458825,1360.6696
2458826,1360.6794
2458827,1360.6571
2458828,1360.6741
2458829,1360.6836
2458830,1360.6385
2458831,1360.6658
2458832,1360.6931
2458833,1360.698
2458834,1360.6755
2458835,1360.6664
2458836,1360.678
2458837,1360.645
2458838,1360.6383
2458839,1360.6689
2458840,1360.6422
2458841,1360.6621
2458842,1360.6368
2458843,1360.6366
2458844,1360.6481
2458845,1360.6162
2458846,1360.6237
2458847,1360.6049
2458848,1360.5984
2458849,1360.6072
2458850,1360.5656
2458851,1360.6577
2458852,1360.6285
2458853,1360.6501
2458854,1360.6281
2458855,1360.6278
2458856,1360.6937
2458857,1360.7401
2458858,1360.7688
2458859,1360.7449
2458860,1360.7347
2458861,1360.6998
2458862,1360.6947
2458863,1360.7035
2458864,1360.6703
2458865,1360.6869
2458866,1360.667
2458867,1360.6635
2458868,1360.6864
2458869,1360.6472
2458870,1360.6312
2458871,1360.6552
2458872,1360.6511
2458873,1360.6259
2458874,1360.6299
2458875,1360.5948
2458876,1360.6145
2458877,1360.6187
2458878,1360.6637
2458879,1360.7159
2458880,1360.6976
2458881,1360.7291
2458882,1360.6949
2458883,1360.6965
2458884,1360.6777
2458885,1360.702
2458886,1360.6917
2458887,1360.6919
2458888,1360.7043
2458889,1360.7247
2458890,1360.6608
2458891,1360.6646
2458892,1360.6572
2458893,1360.6564
2458894,1360.6578
2458895,1360.6093
2458896,1360.6672
2458897,1360.6456
2458898,1360.6421
2458899,1360.5944
2458900,1360.5897
2458901,1360.6542
2458902,1360.6298
2458903,1360.6279
2458904,1360.6335
2458905,1360.6113
2458906,1360.6296
2458907,1360.6272
2458908,1360.6097
2458909,1360.6562
2458910,1360.6671
2458911,1360.6747
2458912,1360.6567
2458913,1360.6621
2458914,1360.6577
2458915,1360.6901
2458916,1360.6766
2458917,1360.6371
2458918,1360.6912
2458919,1360.7052
2458920,1360.6641
2458921,1360.6595
2458922,1360.6575
2458923,1360.6681
2458924,1360.6685
2458925,1360.6525
2458926,1360.6963
2458927,1360.7129
2458928,1360.7183
2458929,1360.6893
2458930,1360.6882
2458931,1360.7039
2458932,1360.6885
2458933,1360.675
2458934,1360.6924
2458935,1360.6707
2458936,1360.6436
2458937,1360.6375
2458938,1360.6586
2458939,1360.6792
2458940,1360.6635
2458941,1360.679
2458942,1360.6755
2458943,1360.6917
2458944,1360.6895
2458945,1360.6781
2458946,1360.7021
2458947,1360.7166
2458948,1360.6716
2458949,1360.6816
2458950,1360.6764
2458951,1360.6711
2458952,1360.6569
2458953,1360.6577
2458954,1360.6715
2458955,1360.6476
2458956,1360.6451
2458957,1360.6871
2458958,1360.6774
2458959,1360.6707
2458960,1360.6639
2458961,1360.6555
2458962,1360.6613
2458963,1360.6716
2458964,1360.6974
2458965,1360.6863
2458966,1360.6753
2458967,1360.6733
2458968,1360.7119
2458969,1360.726
2458970,1360.7318
2458971,1360.7747
2458972,1360.7732
2458973,1360.7475
2458974,1360.7429
2458975,1360.6775
2458976,1360.7406
2458977,1360.6906
2458978,1360.7007
2458979,1360.7097
2458980,1360.6951
2458981,1360.6795
2458982,1360.6551
2458983,1360.6911
2458984,1360.6932
2458985,1360.7127
2458986,1360.7322
2458987,1360.7518
2458988,1360.7713
2458989,1360.7908
2458990,1360.7506
2458991,1360.7529
2458992,1360.7638
2458993,1360.7746
2458994,1360.7439
2458995,1360.7775
2458996,1360.7908
2458997,1360.7692
2458998,1360.7615
2458999,1360.7614
2459000,1360.7598
2459001,1360.7757
2459002,1360.7546
2459003,1360.7801
2459004,1360.7879
2459005,1360.8101
2459006,1360.8189
2459007,1360.785
2459008,1360.7951
2459009,1360.7537
2459010,1360.74
2459011,1360.754
2459012,1360.7284
2459013,1360.7341
2459014,1360.7358
2459015,1360.7414
2459016,1360.7324
2459017,1360.7268
2459018,1360.7542
2459019,1360.7329
2459020,1360.7454
2459021,1360.7327
2459022,1360.7263
2459023,1360.7328
2459024,1360.7242
2459025,1360.7285
2459026,1360.7208
2459027,1360.7137
2459028,1360.7438
2459029,1360.7367
2459030,1360.7203
2459031,1360.7278
2459032,1360.7333
2459033,1360.7477
2459034,1360.7496
2459035,1360.7515
2459036,1360.7534
2459037,1360.7553
2459038,1360.7572
2459039,1360.7591
2459040,1360.761
2459041,1360.7377
2459042,1360.7446
2459043,1360.743
2459044,1360.7415
2459045,1360.7399
2459046,1360.7384
2459047,1360.7368
2459048,1360.7353
2459049,1360.7337
2459050,1360.7322
2459051,1360.7306
2459052,1360.7264
2459053,1360.7284
2459054,1360.6865
2459055,1360.6764
2459056,1360.6663
2459057,1360.6608
2459058,1360.6434
2459059,1360.71
2459060,1360.7451
2459061,1360.8257
2459062,1360.8438
2459063,1360.8646
2459064,1360.8663
2459065,1360.868
2459066,1360.8742
2459067,1360.8582
2459068,1360.8663
2459069,1360.8529
2459070,1360.8487
2459071,1360.8367
2459072,1360.8067
2459073,1360.8155
2459074,1360.802
2459075,1360.8517
2459076,1360.8551
2459077,1360.8088
2459078,1360.7905
2459079,1360.7609
2459080,1360.7791
2459081,1360.7837
2459082,1360.7877
2459083,1360.8056
2459084,1360.7665
2459085,1360.7725
2459086,1360.7506
2459087,1360.7677
2459088,1360.7751
2459089,1360.7831
2459090,1360.8084
2459091,1360.7893
2459092,1360.787
2459093,1360.7725
2459094,1360.7806
2459095,1360.7862
2459096,1360.7774
2459097,1360.7891
2459098,1360.7819
2459099,1360.7669
2459100,1360.7587
2459101,1360.747
2459102,1360.7295
2459103,1360.7603
2459104,1360.7136
2459105,1360.7296
2459106,1360.7515
2459107,1360.7375
2459108,1360.7277
2459109,1360.7244
2459110,1360.7008
2459111,1360.7148
2459112,1360.7339
2459113,1360.7237
2459114,1360.7057
2459115,1360.7311
2459116,1360.7791
2459117,1360.8112
2459118,1360.8009
2459119,1360.8181
2459120,1360.8306
2459121,1360.8399
2459122,1360.8355
2459123,1360.8227
2459124,1360.8453
2459125,1360.8376
2459126,1360.839
2459127,1360.7963
2459128,1360.7811
2459129,1360.7495
2459130,1360.7338
2459131,1360.7181
2459132,1360.734
2459133,1360.7509
2459134,1360.7747
2459135,1360.799
2459136,1360.7803
2459137,1360.8085
2459138,1360.8302
2459139,1360.8203
2459140,1360.8065
2459141,1360.7495
2459142,1360.691
2459143,1360.7654
2459144,1360.7839
2459145,1360.8249
2459146,1360.8658
2459147,1360.8684
2459148,1360.8221
2459149,1360.7868
2459150,1360.7266
2459151,1360.7396
2459152,1360.7493
2459153,1360.8649
2459154,1360.8743
2459155,1360.8375
2459156,1360.8063
2459157,1360.8201
2459158,1360.7944
2459159,1360.6923
2459160,1360.5961
2459161,1360.6417
2459162,1360.6628
2459163,1360.6669
2459164,1360.8817
2459165,1360.9147
2459166,1361.0206
2459167,1361.0067
2459168,1360.999
2459169,1360.9047
2459170,1360.8722
2459171,1360.8294
2459172,1360.8999
2459173,1360.9704
2459174,1360.9274
2459175,1360.8607
2459176,1360.8073
2459177,1360.7604
2459178,1360.81
2459179,1360.8012
2459180,1360.5853
2459181,1360.4454
2459182,1360.3345
2459183,1360.2697
2459184,1360.4091
2459185,1360.6323
2459186,1360.8747
2459187,1361.0517
2459188,1361.1772
2459189,1361.1301
2459190,1361.0072
2459191,1360.9327
2459192,1360.9243
2459193,1360.9542
2459194,1360.948
2459195,1360.9857
2459196,1360.9817
2459197,1360.9777
2459198,1360.9737
2459199,1360.9696
2459200,1360.9656
2459201,1360.9616
2459202,1360.9576
2459203,1360.9219
2459204,1360.9508
2459205,1360.9797
2459206,1361.0179
2459207,1361.0042
2459208,1360.9394
2459209,1360.8105
2459210,1360.7123
2459211,1360.7168
2459212,1360.7542
2459213,1360.8824
2459214,1360.9655
2459215,1361.0345
2459216,1361.0401
2459217,1361.0407
2459218,1361.0047
2459219,1360.9429
2459220,1360.9088
2459221,1360.8827
2459222,1360.8763
2459223,1360.8602
2459224,1360.8574
2459225,1360.849
2459226,1360.8608
2459227,1360.8727
2459228,1360.8845
2459229,1360.8964
2459230,1360.9082
2459231,1360.92
2459232,1360.9319
2459233,1360.9437
2459234,1360.9713
2459235,1360.9632
2459236,1360.9291
2459237,1360.9285
2459238,1360.9847
2459239,1361.0391
2459240,1361.0359
2459241,1361.0316
2459242,1361.0351
2459243,1361.0194
2459244,1360.9978
2459245,1360.9377
2459246,1360.9081
2459247,1360.8816
2459248,1360.8625
2459249,1360.8235
2459250,1360.8204
2459251,1360.8117
2459252,1360.826
2459253,1360.8236
2459254,1360.8168
2459255,1360.8078
2459256,1360.8274
2459257,1360.8508
2459258,1360.8787
2459259,1360.864
2459260,1360.8925
2459261,1360.9127
2459262,1360.9296
2459263,1360.9321
2459264,1360.9327
2459265,1360.9461
2459266,1360.9713
2459267,1360.9581
2459268,1360.9486
2459269,1360.8608
2459270,1360.862
2459271,1360.8357
2459272,1360.8855
2459273,1360.9201
2459274,1360.9287
2459275,1360.8604
2459276,1360.8317
2459277,1360.8004
2459278,1360.8418
2459279,1360.8218
2459280,1360.8226
2459281,1360.8448
2459282,1360.879
2459283,1360.8766
2459284,1360.8998
2459285,1360.9147
2459286,1360.9043
2459287,1360.8966
2459288,1360.8888
2459289,1360.8877
2459290,1360.9287
2459291,1360.9385
2459292,1360.9814
2459293,1360.9981
2459294,1360.9938
2459295,1360.9895
2459296,1360.9778
2459297,1360.993
2459298,1360.9928
2459299,1360.9844
2459300,1360.9588
2459301,1360.9417
2459302,1360.9441
2459303,1360.9386
2459304,1360.9121
2459305,1360.8888
2459306,1360.8741
2459307,1360.827
2459308,1360.8166
2459309,1360.8238
2459310,1360.8389
2459311,1360.854
2459312,1360.8334
2459313,1360.8433
2459314,1360.8331
2459315,1360.8608
2459316,1360.8688
2459317,1360.8746
2459318,1360.8534
2459319,1360.8739
2459320,1360.9129
2459321,1360.9481
2459322,1360.9767
2459323,1360.9553
2459324,1360.8913
2459325,1360.8656
2459326,1360.8897
2459327,1360.9087
2459328,1360.9106
2459329,1360.9005
2459330,1360.8127
2459331,1360.7206
2459332,1360.7942
2459333,1360.8585
2459334,1360.9228
2459335,1360.9171
2459336,1360.8822
2459337,1360.8635
2459338,1360.8447
2459339,1360.8479
2459340,1360.8592
2459341,1360.8505
2459342,1360.8591
2459343,1360.8528
2459344,1360.869
2459345,1360.8273
2459346,1360.8157
2459347,1360.8253
2459348,1360.8593
2459349,1360.8936
2459350,1360.9278
2459351,1360.9621
2459352,1360.9963
2459353,1361.0306
2459354,1361.0284
2459355,1360.9619
2459356,1360.891
2459357,1360.8467
2459358,1360.8291
2459359,1360.8175
2459360,1360.8239
2459361,1360.7714
2459362,1360.8554
2459363,1360.9181
2459364,1360.9391
2459365,1360.8613
2459366,1360.8178
2459367,1360.8389
2459368,1360.864
2459369,1360.8464
2459370,1360.8778
2459371,1360.891
2459372,1360.9961
2459373,1360.9522
2459374,1360.9396
2459375,1360.9683
2459376,1361.0411
2459377,1361.0853
2459378,1361.0431
2459379,1361.0391
2459380,1361.0411
2459381,1361.0194
2459382,1361.0209
2459383,1360.9771
2459384,1360.9554
2459385,1360.9017
2459386,1360.8454
2459387,1360.9032
2459388,1360.9416
2459389,1361.0576
2459390,1361.0845
2459391,1361.1786
2459392,1361.0972
2459393,1361.0081
2459394,1360.9505
2459395,1360.7613
2459396,1360.5721
2459397,1360.6065
2459398,1360.7663
2459399,1360.926
2459400,1361.019
2459401,1361.0445
2459402,1361.0382
2459403,1361.032
2459404,1361.0257
2459405,1361.0194
2459406,1361.0132
2459407,1361.0069
2459408,1360.9989
2459409,1360.9909
2459410,1360.9829
2459411,1360.9748
2459412,1360.9668
2459413,1360.9588
2459414,1360.9508
2459415,1361.0226
2459416,1361.0588
2459417,1361.076
2459418,1361.1704
2459419,1361.2648
2459420,1361.2489
2459421,1361.2753
2459422,1361.2792
2459423,1361.2684
2459424,1361.2791
2459425,1361.2459
2459426,1361.1977
2459427,1361.1495
2459428,1361.1167
2459429,1361.037
2459430,1360.9853
2459431,1360.9899
2459432,1360.9821
2459433,1360.9334
2459434,1360.9841
2459435,1361.0371
2459436,1361.0599
2459437,1361.0615
2459438,1361.0084
2459439,1360.9929
2459440,1360.9793
2459441,1361.0099
2459442,1360.9909
2459443,1360.9753
2459444,1361.0611
2459445,1361.0581
2459446,1361.0675
2459447,1361.0547
2459448,1361.025
2459449,1361.0886
2459450,1361.1366
2459451,1361.16
2459452,1361.0891
2459453,1361.0874
2459454,1360.9738
2459455,1360.8621
2459456,1360.905
2459457,1360.9097
2459458,1361.0833
2459459,1361.1389
2459460,1361.0949
2459461,1360.9903
2459462,1360.8797
2459463,1360.7715
2459464,1360.5663
2459465,1360.4393
2459466,1360.4442
2459467,1360.5341
2459468,1360.763
2459469,1360.9338
2459470,1361.0547
2459471,1361.1756
2459472,1361.1025
2459473,1361.0102
2459474,1360.9514
2459475,1360.9486
2459476,1360.9928
2459477,1361.0066
2459478,1361.0365
2459479,1361.0694
2459480,1361.0984
2459481,1361.1471
2459482,1361.1697
2459483,1361.1967
2459484,1361.2237
2459485,1361.2844
2459486,1361.3052
2459487,1361.2023
2459488,1361.0993
2459489,1360.9964
2459490,1361.0137
2459491,1360.9648
2459492,1361.0328
2459493,1361.0366
2459494,1361.0794
2459495,1361.0117
2459496,1360.9134
2459497,1360.8593
2459498,1360.7928
2459499,1360.8326
2459500,1360.8589
2459501,1360.9659
2459502,1361.0729
2459503,1361.0645
2459504,1361.0666
2459505,1361.0821
2459506,1361.0976
2459507,1361.0881
2459508,1361.0533
2459509,1361.0519
2459510,1361.0504
2459511,1361.0487
2459512,1361.0851
2459513,1361.0416
2459514,1361.0202
2459515,1361.0617
2459516,1361.1597
2459517,1361.1693
2459518,1361.1551
2459519,1361.217
2459520,1361.2675
2459521,1361.2339
2459522,1361.1457
2459523,1361.1447
2459524,1361.1084
2459525,1361.1173
2459526,1361.1204
2459527,1361.0179
2459528,1360.9794
2459529,1360.9647
2459530,1360.9763
2459531,1360.9879
2459532,1360.9995
2459533,1361.0097
2459534,1361.0855
2459535,1361.0983
2459536,1361.0677
2459537,1361.037
2459538,1361.0077
2459539,1361.0564
2459540,1361.0833
2459541,1361.1191
2459542,1361.1844
2459543,1361.2165
2459544,1361.2145
2459545,1361.1744
2459546,1361.1343
2459547,1361.0942
2459548,1361.1312
2459549,1361.1417
2459550,1361.1556
2459551,1361.1467
2459552,1361.1588
2459553,1361.1116
2459554,1361.1088
2459555,1361.0549
2459556,1361.0456
2459557,1361.0234
2459558,1361.0012
2459559,1360.979
2459560,1360.9983
2459561,1361.0175
2459562,1361.0368
2459563,1361.0561
2459564,1361.0753
2459565,1361.0946
2459566,1361.1138
2459567,1361.1331
2459568,1361.2984
2459569,1361.3312
2459570,1361.3639
2459571,1361.3787
2459572,1361.2304
2459573,1361.0822
2459574,1360.9339
2459575,1360.7932
2459576,1360.7755
2459577,1360.8891
2459578,1361.0033
2459579,1361.1089
2459580,1361.1376
2459581,1361.1808
2459582,1361.2073
2459583,1361.1217
2459584,1361.0821
2459585,1361.0541
2459586,1360.9528
2459587,1360.7292
2459588,1360.6818
2459589,1360.7739
2459590,1360.8556
2459591,1360.9374
2459592,1361.0191
2459593,1361.1009
2459594,1361.1826
2459595,1361.2643
2459596,1361.3461
2459597,1361.4278
2459598,1361.5135
2459599,1361.5836
2459600,1361.6542
2459601,1361.5014
2459602,1361.4676
2459603,1361.3978
2459604,1361.3603
2459605,1361.3014
2459606,1361.272
2459607,1361.2457
2459608,1360.9204
2459609,1360.6793
2459610,1360.5905
2459611,1360.7117
2459612,1360.7886
2459613,1360.9645
2459614,1361.097
2459615,1361.2052
2459616,1361.1774
2459617,1361.1772
2459618,1361.2734
2459619,1361.3002
2459620,1361.4925
2459621,1361.5328
2459622,1361.5367
2459623,1361.463
2459624,1361.4628
2459625,1361.4476
2459626,1361.4567
2459627,1361.3975
2459628,1361.4321
2459629,1361.401
2459630,1361.3731
2459631,1361.386
2459632,1361.4053
2459633,1361.4054
2459634,1361.3929
2459635,1361.2873
2459636,1361.2014
2459637,1361.242
2459638,1361.2826
2459639,1361.3278
2459640,1361.3245
2459641,1361.2556
2459642,1361.2421
2459643,1361.2263
2459644,1361.2099
2459645,1361.2897
2459646,1361.2728
2459647,1361.2583
2459648,1361.3423
2459649,1361.3514
2459650,1361.3254
2459651,1361.3496
2459652,1361.2836
2459653,1361.2758
2459654,1361.3417
2459655,1361.3862
2459656,1361.4173
2459657,1361.4562
2459658,1361.4251
2459659,1361.3939
2459660,1361.3275
2459661,1361.3618
2459662,1361.3909
2459663,1361.4151
2459664,1361.36
2459665,1361.255
2459666,1361.0018
2459667,1360.9028
2459668,1360.8273
2459669,1360.7749
2459670,1360.9655
2459671,1361.0582
2459672,1361.1655
2459673,1361.2727
2459674,1361.3241
2459675,1361.4735
2459676,1361.681
2459677,1361.8486
2459678,1361.8529
2459679,1361.813
2459680,1361.6782
2459681,1361.6158
2459682,1361.5753
2459683,1361.5446
2459684,1361.5263
2459685,1361.5041
2459686,1361.4619
2459687,1361.4152
2459688,1361.3432
2459689,1361.1831
2459690,1360.9101
2459691,1360.6371
2459692,1360.6251
2459693,1360.7031
2459694,1360.9692
2459695,1361.079
2459696,1361.5451
2459697,1361.8175
2459698,1361.7599
2459699,1361.7022
2459700,1361.6353
2459701,1361.5676
2459702,1361.5235
2459703,1361.4924
2459704,1361.3525
2459705,1361.3674
2459706,1361.3822
2459707,1361.487
2459708,1361.6249
2459709,1361.5915
2459710,1361.4659
2459711,1361.3862
2459712,1361.3193
2459713,1361.3695
2459714,1361.4661
2459715,1361.5627
2459716,1361.6593
2459717,1361.7559
2459718,1361.4312
2459719,1361.2522
2459720,1361.1809
2459721,1361.2943
2459722,1361.4077
2459723,1361.6742
2459724,1361.9175
2459725,1361.9271
2459726,1361.7772
2459727,1361.7449
2459728,1361.4848
2459729,1361.4608
2459730,1361.3996
2459731,1361.3995
2459732,1361.4068
2459733,1361.4141
2459734,1361.4214
2459735,1361.615
2459736,1361.6637
2459737,1361.6603
2459738,1361.6458
2459739,1361.6718
2459740,1361.7313
2459741,1361.934
2459742,1362.0632
2459743,1362.0885
2459744,1362.0392
2459745,1361.7367
2459746,1361.5348
2459747,1361.5557
2459748,1361.6436
2459749,1361.7315
2459750,1361.7804
2459751,1361.6275
2459752,1361.4747
2459753,1361.3218
2459754,1361.4302
2459755,1361.4661
2459756,1361.4331
2459757,1361.3729
2459758,1361.3126
2459759,1361.3763
2459760,1361.4112
2459761,1361.4593
2459762,1361.5569
2459763,1361.5559
2459764,1361.5091
2459765,1361.4622
2459766,1361.5342
2459767,1361.6497
2459768,1361.6912
2459769,1361.5391
2459770,1361.3555
2459771,1361.1166
2459772,1361.1734
2459773,1361.2302
2459774,1361.287
2459775,1361.3439
2459776,1361.4007
2459777,1361.4575
2459778,1361.5143
2459779,1361.5506
2459780,1361.5943
2459781,1361.6329
2459782,1361.6076
2459783,1361.4818
2459784,1361.4422
2459785,1361.4468
2459786,1361.5055
2459787,1361.4831
2459788,1361.5032
2459789,1361.4523
2459790,1361.3463
2459791,1361.2686
2459792,1361.2816
2459793,1361.3444
2459794,1361.3802
2459795,1361.5034
2459796,1361.562
2459797,1361.6649
2459798,1361.8247
2459799,1361.9622
2459800,1361.8912
2459801,1361.7422
2459802,1361.6824
2459803,1361.6991
2459804,1361.6545
2459805,1361.6066
2459806,1361.5715
2459807,1361.4372
2459808,1361.393
2459809,1361.3922
2459810,1361.4218
2459811,1361.4513
2459812,1361.4739
2459813,1361.4477
2459814,1361.2793
2459815,1361.1472
2459816,1361.0972
2459817,1361.075
2459818,1361.0993
2459819,1361.1273
2459820,1361.1639
2459821,1361.0738
2459822,1360.9965
2459823,1361.1309
2459824,1361.3688
2459825,1361.5209
2459826,1361.6597
2459827,1361.6968
2459828,1361.7453
2459829,1361.8051
2459830,1361.8348
2459831,1361.8511
2459832,1361.898
2459833,1361.9604
2459834,1361.8121
2459835,1361.6064
2459836,1361.6009
2459837,1361.7081
2459838,1361.8045
2459839,1361.5634
2459840,1361.4833
2459841,1361.4286
2459842,1361.4601
2459843,1361.4795
2459844,1361.4847
2459845,1361.436
2459846,1361.3872
2459847,1361.2843
2459848,1361.2457
2459849,1361.3191
2459850,1361.4026
2459851,1361.5818
2459852,1361.6854
2459853,1361.8365
2459854,1361.8406
2459855,1361.7081
2459856,1361.5215
2459857,1361.4633
2459858,1361.3909
2459859,1361.4422
2459860,1361.5955
2459861,1361.611
2459862,1361.5271
2459863,1361.4836
2459864,1361.6161
2459865,1362.0077
2459866,1362.0752
2459867,1362.0335
2459868,1361.8215
2459869,1361.7425
2459870,1361.6577
2459871,1361.6728
2459872,1361.6919
2459873,1361.7109
2459874,1361.7054
2459875,1361.725
2459876,1361.6571
2459877,1361.6578
2459878,1361.6585
2459879,1361.6592
2459880,1361.6162
2459881,1361.6963
2459882,1361.7763
2459883,1361.7643
2459884,1361.7386
2459885,1361.7935
2459886,1361.9059
2459887,1362.0001
2459888,1362.0363
2459889,1361.9963
2459890,1361.8959
2459891,1361.7574
2459892,1361.6926
2459893,1361.6278
2459894,1361.563
2459895,1361.4982
2459896,1361.4334
2459897,1361.3686
2459898,1361.398
2459899,1361.4274
2459900,1361.4568
2459901,1361.4861
2459902,1361.5155
2459903,1361.5449
2459904,1361.4662
2459905,1361.3641
2459906,1361.3127
2459907,1361.4104
2459908,1361.6097
2459909,1361.7339
2459910,1361.8212
2459911,1361.8026
2459912,1361.631
2459913,1361.5885
2459914,1361.5862
2459915,1361.6629
2459916,1361.6298
2459917,1361.5843
2459918,1361.3214
2459919,1361.0523
2459920,1360.8928
2459921,1360.8738
2459922,1360.951
2459923,1361.1278
2459924,1361.1483
2459925,1361.1688
2459926,1361.1893
2459927,1361.2098
2459928,1361.2303
2459929,1361.2508
2459930,1361.2713
2459931,1361.2918
2459932,1361.4515
2459933,1361.6482
2459934,1361.6432
2459935,1361.6343
2459936,1361.4417
2459937,1361.4417
2459938,1361.3845
2459939,1361.328
2459940,1361.471
2459941,1361.5665
2459942,1361.6491
2459943,1361.6208
2459944,1361.4675
2459945,1361.3351
2459946,1361.4816
2459947,1361.5745
2459948,1361.7103
2459949,1361.8285
2459950,1362.0832
2459951,1362.0833
2459952,1361.9538
2459953,1361.8243
2459954,1361.6949
2459955,1361.5654
2459956,1361.4359
2459957,1361.3064
2459958,1361.1769
2459959,1361.0474
2459960,1360.918
2459961,1360.7885
2459962,1360.659
2459963,1360.5668
2459964,1360.7214
2459965,1360.9399
2459966,1361.2638
2459967,1361.5889
2459968,1361.907
2459969,1362.1599
2459970,1362.1169
2459971,1362.0412
2459972,1362.0944
2459973,1362.0581
2459974,1362.08
2459975,1362.1381
2459976,1362.1887
2459977,1362.2887
2459978,1362.3157
2459979,1362.3513
2459980,1362.2917
2459981,1362.3558
2459982,1362.2886
2459983,1362.197
2459984,1361.6893
2459985,1361.6723
2459986,1361.9133
2459987,1361.9863
2459988,1361.8878
2459989,1361.7612
2459990,1361.4691
2459991,1361.3315
2459992,1361.3632
2459993,1361.4245
2459994,1361.5802
2459995,1361.7358
2459996,1361.8915
2459997,1361.8038
2459998,1361.5915
2459999,1361.3534
2460000,1361.1548
2460001,1361.1876
2460002,1361.3757
2460003,1361.5638
2460004,1361.6788
2460005,1361.8653
2460006,1362.1917
2460007,1362.2817
2460008,1362.2744
2460009,1362.1354
2460010,1361.9964
2460011,1361.8574
2460012,1361.8414
2460013,1362.13
2460014,1362.2095
2460015,1362.3176
2460016,1362.3472
2460017,1362.2773
2460018,1362.1767
2460019,1362.1215
2460020,1362.1582
2460021,1362.1948
2460022,1362.1764
2460023,1362.0737
2460024,1361.8984
2460025,1361.819
2460026,1361.5556
2460027,1361.4248
2460028,1361.1955
2460029,1361.2412
2460030,1361.5388
2460031,1361.7286
2460032,1361.8331
2460033,1362.231
2460034,1362.2159
2460035,1362.2007
2460036,1362.1905
2460037,1362.1458
2460038,1362.0728
2460039,1362.0569
2460040,1362.158
2460041,1362.2903
2460042,1362.4353
2460043,1362.3152
2460044,1362.1286
2460045,1361.9635
2460046,1361.9359
2460047,1361.984
2460048,1362.0606
2460049,1361.9275
2460050,1361.9397
2460051,1361.874
2460052,1361.8361
2460053,1361.7236
2460054,1361.6931
2460055,1361.6625
2460056,1361.7935
2460057,1362.0763
2460058,1362.1214
2460059,1362.0772
2460060,1361.9221
2460061,1361.7623
2460062,1361.5293
2460063,1361.3945
2460064,1361.2601
2460065,1361.5368
2460066,1361.8135
2460067,1361.9599
2460068,1361.905
2460069,1361.5438
2460070,1361.5509
2460071,1361.3614
2460072,1361.1718
2460073,1361.1265
2460074,1361.2267
2460075,1361.5744
2460076,1361.9482
2460077,1361.9041
2460078,1361.86
2460079,1361.8159
2460080,1361.7718
2460081,1361.7749
2460082,1361.821
2460083,1361.9042
2460084,1361.8876
2460085,1361.8089
2460086,1361.5474
2460087,1361.192
2460088,1360.7427
2460089,1360.739
2460090,1360.833
2460091,1360.927
2460092,1360.8888
2460093,1361.2007
2460094,1361.3967
2460095,1361.4825
2460096,1361.5683
2460097,1361.5831
2460098,1361.496
2460099,1361.4503
2460100,1361.5741
2460101,1361.6586
2460102,1361.759
2460103,1361.9893
2460104,1361.9448
2460105,1361.9178
2460106,1362.0182
2460107,1362.0463
2460108,1362.1018
2460109,1362.2197
2460110,1362.3527
2460111,1362.2807
2460112,1362.1574
2460113,1361.7909
2460114,1361.6873
2460115,1361.7425
2460116,1361.8022
2460117,1361.8965
2460118,1361.9328
2460119,1362.1292
2460120,1362.1495
2460121,1362.0994
2460122,1361.9757
2460123,1361.7222
2460124,1361.1461
2460125,1361.07
2460126,1361.2752
2460127,1361.4632
2460128,1361.6784
2460129,1361.8539
2460130,1362.0253
2460131,1361.8975
2460132,1361.7743
2460133,1361.5442
2460134,1361.3701
2460135,1361.1965
2460136,1361.1757
2460137,1361.1548
2460138,1361.134
2460139,1361.1131
2460140,1361.0923
2460141,1361.0714
2460142,1361.1777
2460143,1361.243
2460144,1361.0923
2460145,1361.0469
2460146,1361.1014
2460147,1361.2462
2460148,1361.3868
2460149,1361.5778
2460150,1361.6912
2460151,1361.601
2460152,1361.627
2460153,1361.6908
2460154,1361.6325
2460155,1361.7215
2460156,1361.626
2460157,1361.466
2460158,1361.3418
2460159,1361.4563
2460160,1361.6781
2460161,1361.8289
2460162,1361.9915
2460163,1362.0709
2460164,1362.1502
2460165,1362.1325
2460166,1362.0903
2460167,1362.1053
2460168,1362.1917
2460169,1362.2781
2460170,1362.3645
2460171,1362.3258
2460172,1362.2031
2460173,1361.862
2460174,1361.7901
2460175,1361.9212
2460176,1362.0523
2460177,1362.0919
2460178,1362.002
2460179,1361.912
2460180,1361.7299
2460181,1361.648
2460182,1361.6097
2460183,1361.5714
2460184,1361.5331
2460185,1361.565
2460186,1361.6469
2460187,1361.7986
2460188,1361.9544
2460189,1362.1004
2460190,1362.1771
2460191,1362.1722
2460192,1362.042
2460193,1362.0502
2460194,1362.01
2460195,1362.0354
2460196,1362.164
2460197,1361.947
2460198,1361.8802
2460199,1361.7768
2460200,1361.8576
2460201,1362.0559
2460202,1362.134
2460203,1362.2373
2460204,1362.2411
2460205,1362.2449
2460206,1362.0867
2460207,1361.8811
2460208,1361.8475
2460209,1361.639
2460210,1361.4753
2460211,1361.3997
2460212,1361.4303
2460213,1361.7022
2460214,1361.9235
2460215,1362.0251
2460216,1362.3412
2460217,1362.3243
2460218,1362.3075
2460219,1362.2906
2460220,1362.2737
2460221,1362.2569
2460222,1362.24
2460223,1362.3605
2460224,1362.4902
2460225,1362.5312
2460226,1362.4148
2460227,1362.3897
2460228,1362.3647
2460229,1362.3396
2460230,1362.3146
2460231,1362.2895
2460232,1362.2645
2460233,1362.2394
2460234,1362.2143
2460235,1362.1893
2460236,1362.1642
2460237,1362.1392
2460238,1362.1141
2460239,1362.017
2460240,1362.0101
2460241,1362.0182
2460242,1362.1013
2460243,1362.2064
2460244,1362.3437
2460245,1362.4809
2460246,1362.4967
2460247,1362.3707
2460248,1362.0174
2460249,1361.9229
2460250,1362.047
2460251,1362.2592
2460252,1362.4981
2460253,1362.5025
2460254,1362.2408
2460255,1362.0803
2460256,1362.0644
2460257,1362.0486
2460258,1362.0327
2460259,1362.0169
2460260,1362.001
2460261,1361.9852
2460262,1361.9693
2460263,1361.9262
2460264,1361.9103
2460265,1361.8944
2460266,1361.8804
2460267,1361.8637
2460268,1361.972
2460269,1362.045
2460270,1362.0844
2460271,1361.9825
2460272,1361.7662
2460273,1361.655
2460274,1361.5711
2460275,1361.7236
2460276,1361.8219
2460277,1361.9524
2460278,1362.0772
2460279,1362.2492
2460280,1362.1956
2460281,1362.0669
2460282,1361.9883
2460283,1361.4892
2460284,1361.331
2460285,1361.3289
2460286,1361.5273
2460287,1361.6103
2460288,1361.6207
2460289,1361.6311
2460290,1361.6415
2460291,1361.6518
2460292,1361.6622
2460293,1361.6726
2460294,1361.683
2460295,1361.9763
2460296,1362.1635
2460297,1362.3045
2460298,1362.3127
2460299,1362.2147
2460300,1362.1167
2460301,1362.0187
2460302,1361.9207
2460303,1361.8227
2460304,1361.9937
2460305,1362.1291
2460306,1362.2354
2460307,1362.3417
2460308,1362.2369
2460309,1362.122
2460310,1362.0294
2460311,1362.0363
2460312,1362.0409
2460313,1362.0108
2460314,1361.9141
2460315,1361.8705
2460316,1361.8717
2460317,1361.8984
2460318,1361.925
2460319,1361.9517
2460320,1361.9783
2460321,1362.005
2460322,1362.0316
2460323,1362.0583
2460324,1362.0849
2460325,1362.1116
2460326,1362.1126
2460327,1362.0981
2460328,1362.0808
2460329,1362.0807
2460330,1362.0425
2460331,1361.6354
2460332,1361.5088
2460333,1361.4219
2460334,1361.6212
2460335,1361.8826
2460336,1362.0867
2460337,1362.2262
2460338,1362.3926
2460339,1362.3169
2460340,1362.1175
2460341,1362.0117
2460342,1362.0042
2460343,1361.9967
2460344,1361.823
2460345,1361.7558
2460346,1361.8941
2460347,1361.9092
2460348,1361.7575
2460349,1361.3403
2460350,1361.2918
2460351,1361.328
2460352,1361.4777
2460353,1361.5304
2460354,1361.6059
2460355,1362.0175
2460356,1362.2397
2460357,1362.3352
2460358,1362.3216
2460359,1362.0525
2460360,1362.059
2460361,1361.9553
2460362,1361.6487
2460363,1361.366
2460364,1361.0715
2460365,1360.8606
2460366,1360.6497
2460367,1360.7247
2460368,1360.9814
2460369,1361.167
2460370,1361.3425
2460371,1361.4905
2460372,1361.7477
2460373,1361.8978
2460374,1362.2865
2460375,1362.2566
2460376,1361.9008
2460377,1361.7668
2460378,1361.8279
2460379,1361.9234
2460380,1362.039
2460381,1362.1541
2460382,1362.2691
2460383,1362.2999
2460384,1362.2452
2460385,1362.0679
2460386,1361.9582
2460387,1361.9749
2460388,1362.1573
2460389,1362.2168
2460390,1362.1733
2460391,1362.1063
2460392,1361.5927
2460393,1361.0791
2460394,1360.79
2460395,1360.7819
2460396,1361.1418
2460397,1361.5016
2460398,1361.689
2460399,1361.8756
2460400,1362.1203
2460401,1362.1673
2460402,1362.1462
2460403,1362.0796
2460404,1362.0448
2460405,1361.9504
2460406,1361.7924
2460407,1361.8532
2460408,1361.9038
2460409,1361.9205
2460410,1361.853
2460411,1361.7417
2460412,1361.6574
2460413,1361.6731
2460414,1361.8421
2460415,1362.1112
2460416,1362.2826
2460417,1362.3027
2460418,1362.1961
2460419,1361.8384
2460420,1361.4932
2460421,1361.4809
2460422,1361.8639
2460423,1362.0918
2460424,1362.2196
2460425,1362.4144
2460426,1362.3991
2460427,1362.0657
2460428,1361.7323
2460429,1361.5623
2460430,1361.5987
2460431,1361.7773
2460432,1361.9473
2460433,1361.877
2460434,1361.2464
2460435,1360.8421
2460436,1360.6339
2460437,1360.6708
2460438,1360.3968
2460439,1359.9886
2460440,1359.8303
2460441,1360.5047
2460442,1361.1791
2460443,1361.8535
2460444,1362.5279
2460445,1362.4998
2460446,1362.4717
2460447,1362.4435
2460448,1362.4154
2460449,1362.3873
2460450,1362.2823
2460451,1362.1439
2460452,1361.9046
2460453,1361.6307
2460454,1361.6677
2460455,1361.7357
2460456,1361.8036
2460457,1361.8716
2460458,1361.7975
2460459,1361.7599
2460460,1361.711
2460461,1361.8161
2460462,1361.8237
2460463,1361.7837
2460464,1361.7438
2460465,1361.7038
2460466,1361.7522
2460467,1361.8552
2460468,1361.949
2460469,1362.327
2460470,1362.3641
2460471,1362.4013
2460472,1362.4384
2460473,1362.3451
2460474,1362.3122
2460475,1362.2357
2460476,1361.8409
2460477,1361.6261
2460478,1361.1634
2460479,1360.9857
2460480,1360.7274
2460481,1360.4145
2460482,1360.4515
2460483,1361.0153
2460484,1361.6037
2460485,1361.9025
2460486,1361.821
2460487,1361.8702
2460488,1361.9669
2460489,1362.0125
2460490,1361.9963
2460491,1362.2442
2460492,1362.3119
2460493,1362.3056
2460494,1362.3217
2460495,1362.3712
2460496,1362.2625
2460497,1362.3461
2460498,1362.3344
2460499,1362.2573
2460500,1362.1683
2460501,1362.0793
2460502,1361.9903
2460503,1361.9012
2460504,1361.8122
2460505,1361.7232
2460506,1361.874
2460507,1362.1268
2460508,1362.3999
2460509,1362.6067
2460510,1362.5398
2460511,1362.3385
2460512,1362.1614
2460513,1361.9605
2460514,1362.0251
2460515,1362.2822
2460516,1362.3905
2460517,1362.2736
2460518,1361.8989
2460519,1361.5776
2460520,1360.5161
2460521,1360.4655
2460522,1360.6857
2460523,1360.8099
2460524,1361.4241
2460525,1361.5084
2460526,1361.6466
2460527,1361.4951
2460528,1361.3128
2460529,1361.1623
2460530,1360.7281
2460531,1360.7041
2460532,1361.098
2460533,1361.3738
2460534,1361.5352
2460535,1361.4319
2460536,1361.4
2460537,1361.8005
2460538,1362.0174
2460539,1362.0972
2460540,1362.0683
2460541,1361.8704
2460542,1361.6826
2460543,1361.3752
2460544,1360.9066
2460545,1360.6838
2460546,1360.6864
2460547,1360.689
2460548,1360.9771
2460549,1361.3291
2460550,1361.7892
2460551,1362.1283
2460552,1362.5189
2460553,1362.5046
2460554,1362.3965
2460555,1362.4238
2460556,1362.3817
2460557,1362.363
2460558,1362.2969
2460559,1362.5112
2460560,1362.6239
2460561,1362.7366
2460562,1362.6915
2460563,1362.4953
2460564,1362.2353
2460565,1362.2794
2460566,1362.4328
2460567,1362.5861
2460568,1362.5011
2460569,1362.4346
2460570,1362.2882
2460571,1362.1747
2460572,1362.2047
2460573,1362.1442
2460574,1362.0158
2460575,1362.0452
2460576,1362.2105
2460577,1362.3349
2460578,1362.678
2460579,1362.789
2460580,1362.8804
2460581,1362.946
2460582,1362.7699
2460583,1362.6571
2460584,1362.3735
2460585,1362.1898
2460586,1361.692
2460587,1361.3035
2460588,1360.8659
2460589,1361.0265
2460590,1361.2374
2460591,1361.3133
2460592,1361.2012
2460593,1361.0401
2460594,1361.0224
2460595,1361.1189
2460596,1361.1372
2460597,1361.4999
2460598,1361.8625
2460599,1361.9881
2460600,1362.0222
2460601,1361.9161
2460602,1361.9971
2460603,1362.1401
2460604,1362.4626
2460605,1362.6207
2460606,1362.7527
2460607,1362.6983
2460608,1362.6114
2460609,1362.3985
2460610,1361.9705
2460611,1361.6883
2460612,1361.6283
2460613,1361.3908
2460614,1361.5229
2460615,1361.6157
2460616,1361.7067
2460617,1361.6956
2460618,1361.6845
2460619,1361.4866
2460620,1361.4274
2460621,1361.4794
2460622,1361.5313
2460623,1361.5833
2460624,1361.6352
2460625,1361.6872
2460626,1361.7392
2460627,1361.7911
2460628,1361.8431
2460629,1361.895
2460630,1361.947
2460631,1362.1236
2460632,1362.2061
2460633,1362.3323
2460634,1362.397
2460635,1362.5788
2460636,1362.5515
2460637,1362.4152
2460638,1362.2495
2460639,1362.025
2460640,1361.8005
2460641,1361.6278
2460642,1361.6875
2460643,1361.7424
2460644,1361.7734
2460645,1361.8468
2460646,1361.9499
2460647,1362.0836
2460648,1362.2785
2460649,1362.3942
2460650,1362.516
2460651,1362.4642
2460652,1362.4123
2460653,1362.3605
2460654,1362.3086
2460655,1362.2568
2460656,1362.2049
2460657,1362.1531
2460658,1362.1012
2460659,1362.1094
2460660,1361.9781
2460661,1361.9534
2460662,1361.9413
2460663,1361.9962
2460664,1362.1564
2460665,1362.2184
2460666,1362.0445
2460667,1361.8046
2460668,1361.5646
2460669,1361.138
2460670,1361.0763
2460671,1361.2732
2460672,1361.3253
2460673,1361.577
2460674,1361.8073
2460675,1362.0914
2460676,1362.207
2460677,1362.1259
2460678,1362.0287
2460679,1361.9905
2460680,1362.0031
2460681,1361.9825
2460682,1361.9937
2460683,1362.0048
2460684,1362.0379
2460685,1362.0552
2460686,1362.0725
2460687,1362.0898
2460688,1362.1071
2460689,1362.1234
2460690,1362.1162
2460691,1362.0841
2460692,1361.6775
2460693,1361.0075
2460694,1360.8394
2460695,1360.7781
2460696,1360.8547
2460697,1361.106
2460698,1361.5355
2460699,1361.9354
2460700,1362.3597
2460701,1362.6385
2460702,1362.7652
2460703,1362.7476
2460704,1362.7717
2460705,1362.5825
2460706,1362.4503
2460707,1362.1773
2460708,1362.026
2460709,1361.5267
2460710,1361.2964
2460711,1361.2527
2460712,1361.504
2460713,1361.9262
2460714,1362.0682
2460715,1362.0838
2460716,1361.9671
2460717,1361.9912
2460718,1361.9727
2460719,1361.8562
2460720,1361.7875
2460721,1361.8112
2460722,1361.9181
2460723,1362.0032
2460724,1362.0483
2460725,1361.9425
2460726,1361.8804
2460727,1361.7436
2460728,1361.6067
2460729,1361.5424
2460730,1361.7873
2460731,1361.9879
2460732,1362.2326
2460733,1362.5842
2460734,1362.5001
2460735,1362.3041
2460736,1362.1413
2460737,1362.1231
2460738,1362.105
2460739,1362.0868
2460740,1362.0687
2460741,1362.0505
2460742,1361.9925
2460743,1361.9263
2460744,1361.9434
2460745,1361.9901
2460746,1362.045
2460747,1362.0537
2460748,1362.0294
2460749,1362.0852
2460750,1362.141
2460751,1362.1968
2460752,1362.0694
2460753,1362.1989
2460754,1362.3284
2460755,1362.3957
2460756,1362.4898
2460757,1362.4751
2460758,1362.5702
2460759,1362.7345
2460760,1362.7852
2460761,1362.6368
2460762,1362.4752
2460763,1362.4123
2460764,1362.3573
2460765,1362.1285
2460766,1361.9244
2460767,1361.6535
2460768,1361.4695
2460769,1361.2803
2460770,1361.3074
2460771,1361.4441
2460772,1361.6226
2460773,1361.7738
2460774,1361.9801
2460775,1362.1864
2460776,1362.1166
2460777,1361.9835
2460778,1361.8805
2460779,1361.9702
2460780,1362.0864
2460781,1362.1172
2460782,1362.1007
2460783,1361.9579
2460784,1361.7722
2460785,1361.7524
2460786,1361.9398
2460787,1362.0741
2460788,1362.0688
2460789,1362.0577
2460790,1362.1614
2460791,1362.265
2460792,1362.5242
2460793,1362.5421
2460794,1362.4147
2460795,1362.3051
2460796,1362.0323
2460797,1361.2457
2460798,1361.0513
2460799,1360.6529
2460800,1360.5067
2460801,1360.4193
2460802,1360.4952
2460803,1360.7777
2460804,1361.0172
2460805,1361.3408
2460806,1361.6645
2460807,1361.9881
2460808,1362.0741
2460809,1362.0818
2460810,1362.0632
2460811,1361.9972
2460812,1361.9603
2460813,1361.8951
2460814,1361.8589
2460815,1361.9343
2460816,1362.0599
2460817,1362.179
2460818,1362.2253
2460819,1362.177
2460820,1362.0088
2460821,1361.9948
2460822,1361.9858
2460823,1361.8701
2460824,1361.5246
2460825,1361.3018
2460826,1361.07
2460827,1360.9359
2460828,1361.1592
2460829,1361.4965
2460830,1361.8992
2460831,1362.1808
2460832,1362.2656
2460833,1362.1095
2460834,1361.9077
2460835,1361.8882
2460836,1361.8493
2460837,1361.6158
2460838,1361.5254
2460839,1361.6585
2460840,1361.7774
2460841,1361.6426
2460842,1361.3045
2460843,1361.0855
2460844,1361.1578
2460845,1361.3727
2460846,1361.4932
2460847,1361.7438
2460848,1361.7767
2460849,1361.7025
2460850,1361.697
2460851,1361.7622
2460852,1361.7649
2460853,1361.7634
2460854,1361.8093
2460855,1361.9017
2460856,1361.8991
2460857,1361.912
2460858,1361.959
2460859,1362.0756
2460860,1362.0471
2460861,1362.0184
2460862,1361.9523
2460863,1361.8861
2460864,1361.82
2460865,1361.7538
2460866,1361.6877
2460867,1361.6215
2460868,1361.5554
2460869,1361.4892
2460870,1361.4231
2460871,1361.3844
2460872,1361.3456
2460873,1361.2526
2460874,1361.1458
2460875,1361.4233
2460876,1361.8611
2460877,1362.0846
2460878,1362.1525
2460879,1362.1014
2460880,1361.9643
2460881,1361.8695
2460882,1361.8252
2460883,1361.8383
2460884,1361.9653
2460885,1362.0958
2460886,1362.2258
2460887,1362.3167
2460888,1362.2688
2460889,1362.0437
2460890,1361.8991
2460891,1361.7338
2460892,1361.657
2460893,1361.5243
2460894,1361.302
2460895,1361.4024
2460896,1361.6269
2460897,1361.7982
2460898,1361.6754
2460899,1361.5971
2460900,1361.6248
2460901,1361.9203
2460902,1362.0461
2460903,1362.2325
2460904,1362.2272
2460905,1362.1727
2460906,1362.15
2460907,1362.0861
2460908,1362.0471
2460909,1362.071
2460910,1362.0031
2460911,1361.9057
2460912,1361.7925
2460913,1361.8117
2460914,1361.57
2460915,1361.3986
2460916,1361.1305
2460917,1360.8677
2460918,1360.8826
2460919,1361.152
